JvmtiExport can_access_local_variables 0
JvmtiExport can_hotswap_or_post_breakpoint 0
JvmtiExport can_post_on_exceptions 0
# 305 ciObject found
instanceKlass org/apache/spark/sql/catalyst/expressions/codegen/CodegenContext
ciInstanceKlass java/lang/Cloneable 1 0 7 100 1 100 1 1 1
instanceKlass org/apache/spark/sql/delta/DeltaHistoryManager$BufferingLogDeletionIterator
instanceKlass org/apache/commons/lang3/time/DateUtils
instanceKlass com/fasterxml/jackson/databind/node/InternalNodeMapper$IteratorStack
instanceKlass com/fasterxml/jackson/databind/ObjectWriter$Prefetch
instanceKlass com/fasterxml/jackson/databind/ObjectWriter$GeneratorSettings
instanceKlass com/fasterxml/jackson/core/util/MinimalPrettyPrinter
instanceKlass com/fasterxml/jackson/databind/node/InternalNodeMapper
instanceKlass org/apache/spark/sql/delta/SerializableFileStatus$
instanceKlass shaded/parquet/it/unimi/dsi/fastutil/objects/Object2IntLinkedOpenHashMap$MapEntry
instanceKlass shaded/parquet/it/unimi/dsi/fastutil/objects/Object2IntMap$Entry
instanceKlass shaded/parquet/it/unimi/dsi/fastutil/ints/IntArrayList$1
instanceKlass org/apache/parquet/column/values/bitpacking/ByteBasedBitPackingEncoder
instanceKlass org/apache/parquet/internal/column/columnindex/BinaryTruncator$3
instanceKlass org/apache/hadoop/mapred/Reporter$1
instanceKlass org/apache/hadoop/mapred/Reporter
instanceKlass org/apache/hadoop/mapred/TaskAttemptContext
instanceKlass org/apache/spark/TaskContext$$anon$2
instanceKlass org/apache/spark/sql/delta/util/DeltaFileOperations$
instanceKlass org/apache/commons/lang3/reflect/MemberUtils$Executable
instanceKlass org/apache/spark/sql/catalyst/plans/logical/FunctionUtils$
instanceKlass org/apache/spark/sql/catalyst/optimizer/ObjectSerializerPruning$IsNullCondition$
instanceKlass org/apache/spark/sql/catalyst/plans/logical/MapElements$
instanceKlass org/apache/spark/sql/delta/CheckpointPolicy$
instanceKlass org/sparkproject/guava/collect/Iterators$2
instanceKlass org/sparkproject/guava/collect/PeekingIterator
instanceKlass org/sparkproject/guava/collect/Iterators
instanceKlass org/apache/spark/sql/execution/aggregate/AggregationBufferEntry
instanceKlass org/apache/spark/sql/execution/aggregate/ObjectAggregationMap$$anon$1
instanceKlass org/apache/spark/sql/execution/aggregate/ObjectAggregationMap
instanceKlass org/apache/spark/sql/execution/aggregate/AggregationIterator
instanceKlass org/apache/spark/status/api/v1/RDDDataDistribution
instanceKlass org/apache/spark/status/LiveRDDDistribution
instanceKlass org/apache/spark/status/api/v1/RDDPartitionInfo
instanceKlass org/apache/spark/status/LiveRDDPartition
instanceKlass org/apache/spark/storage/memory/SerializedValuesHolder$$anon$2
instanceKlass org/apache/spark/storage/memory/SerializedValuesHolder
instanceKlass org/apache/spark/sql/delta/actions/InMemoryLogReplay$UniqueFileActionTuple
instanceKlass org/apache/spark/sql/execution/RowIteratorToScala
instanceKlass org/apache/spark/sql/execution/RowIterator
instanceKlass org/sparkproject/guava/primitives/Ints
instanceKlass org/apache/spark/util/collection/unsafe/sort/RadixSort
instanceKlass org/apache/spark/sql/delta/actions/InMemoryLogReplay
instanceKlass org/apache/spark/sql/execution/ObjectOperator$
instanceKlass org/apache/spark/util/collection/unsafe/sort/UnsafeInMemorySorter$SortComparator
instanceKlass org/apache/spark/util/collection/SortDataFormat
instanceKlass org/apache/spark/util/collection/unsafe/sort/UnsafeInMemorySorter
instanceKlass org/apache/spark/util/collection/unsafe/sort/UnsafeSorterIterator
instanceKlass org/apache/spark/util/collection/unsafe/sort/PrefixComparators$StringPrefixComparator
instanceKlass org/apache/spark/util/collection/unsafe/sort/PrefixComparators$DoublePrefixComparator
instanceKlass org/apache/spark/util/collection/unsafe/sort/PrefixComparators$BinaryPrefixComparator
instanceKlass org/apache/spark/util/collection/unsafe/sort/PrefixComparators
instanceKlass org/apache/spark/sql/execution/UnsafeExternalRowSorter$PrefixComputer$Prefix
instanceKlass org/apache/spark/sql/execution/SortPrefixUtils$
instanceKlass java/util/function/ToDoubleFunction
instanceKlass scala/math/Ordering$Unit$
instanceKlass scala/math/Ordering$UnitOrdering
instanceKlass scala/math/Ordering$Tuple9Ordering
instanceKlass scala/math/Ordering$Tuple8Ordering
instanceKlass scala/math/Ordering$Tuple7Ordering
instanceKlass scala/math/Ordering$Tuple6Ordering
instanceKlass scala/math/Ordering$Tuple5Ordering
instanceKlass scala/math/Ordering$Tuple3Ordering
instanceKlass scala/math/Ordering$Ops
instanceKlass org/apache/spark/sql/delta/stats/StatsProvider
instanceKlass org/apache/spark/sql/delta/stats/DataSkippingPredicate
instanceKlass org/apache/spark/sql/delta/stats/ScanAfterLimit
instanceKlass org/apache/spark/sql/delta/stats/StatsColumn
instanceKlass org/apache/spark/sql/delta/stats/DeltaScan
instanceKlass org/apache/spark/status/RDDStorageInfoWrapper
instanceKlass org/apache/spark/status/RDDPartitionSeq
instanceKlass org/apache/spark/sql/execution/datasources/parquet/ParquetVectorUpdaterFactory$BooleanUpdater
instanceKlass org/apache/spark/sql/execution/datasources/parquet/ParquetDictionary
instanceKlass org/apache/parquet/column/Encoding$10
instanceKlass org/apache/spark/sql/delta/MetadataCleanup$SidecarDeletionMetrics
instanceKlass org/apache/spark/sql/delta/MetadataCleanup$V2CompatCheckpointMetrics
instanceKlass org/apache/spark/sql/delta/DeltaLog$IteratorWithStopAtHelper$1
instanceKlass org/apache/spark/sql/delta/UniversalFormatConverter
instanceKlass org/apache/spark/sql/delta/DeltaHistoryManager
instanceKlass org/apache/spark/sql/catalyst/plans/physical/SinglePartition$
instanceKlass org/apache/spark/sql/catalyst/expressions/IntegerLiteral$
instanceKlass org/apache/spark/sql/catalyst/plans/logical/Limit$
instanceKlass org/apache/spark/sql/delta/stats/FileSizeHistogram$
instanceKlass org/apache/spark/sql/delta/util/DatasetRefCache
instanceKlass org/sparkproject/guava/collect/MapMakerInternalMap$StrongEntry
instanceKlass org/apache/spark/sql/execution/ColumnarToRowEvaluatorFactory
instanceKlass org/codehaus/janino/CodeContext$ExceptionTableEntry
instanceKlass org/codehaus/janino/UnitCompiler$8
instanceKlass org/apache/spark/util/collection/unsafe/sort/PrefixComparator
instanceKlass org/apache/spark/sql/catalyst/plans/logical/statsEstimation/ValueInterval
instanceKlass org/apache/arrow/vector/types/pojo/ArrowType
instanceKlass org/apache/spark/sql/catalyst/catalog/CatalogDatabase
instanceKlass java/lang/reflect/AnnotatedType
instanceKlass org/apache/commons/lang3/reflect/MemberUtils
instanceKlass org/apache/commons/lang3/reflect/MethodUtils
instanceKlass org/apache/spark/sql/execution/exchange/REPARTITION_BY_COL$
instanceKlass org/apache/spark/sql/execution/exchange/REPARTITION_BY_NUM$
instanceKlass org/apache/spark/sql/execution/ObjectConsumerExec
instanceKlass org/apache/spark/sql/catalyst/plans/logical/MapPartitions$
instanceKlass org/apache/spark/sql/catalyst/expressions/StructFieldsOperation
instanceKlass org/apache/spark/sql/catalyst/expressions/UpdateFields$
instanceKlass org/apache/spark/sql/catalyst/analysis/ResolveReferencesInSort$
instanceKlass org/apache/spark/sql/catalyst/plans/logical/RepartitionByExpression$
instanceKlass org/apache/spark/sql/catalyst/catalog/DummyFunctionExpressionBuilder$
instanceKlass org/apache/spark/sql/catalyst/catalog/DummyFunctionResourceLoader$
instanceKlass org/apache/spark/sql/catalyst/catalog/InMemoryCatalog$
instanceKlass org/apache/spark/sql/catalyst/catalog/InMemoryCatalog
instanceKlass org/apache/spark/sql/catalyst/analysis/FakeV2SessionCatalog$
instanceKlass org/apache/spark/sql/UDFRegistration$
instanceKlass org/apache/spark/sql/catalyst/ScalaReflection$Schema
instanceKlass org/apache/spark/sql/delta/DeltaLog$CanonicalPathFunction
instanceKlass org/apache/spark/sql/delta/DeltaUDF$
instanceKlass org/apache/spark/sql/delta/util/StateCache$CachedDS
instanceKlass org/apache/spark/sql/delta/SnapshotState
instanceKlass org/apache/spark/util/collection/OpenHashSet$$anon$1
instanceKlass scala/collection/mutable/FlatHashTable$Contents
instanceKlass org/apache/spark/sql/execution/streaming/state/HDFSBackedStateStoreProvider$StoreFile
instanceKlass org/apache/commons/pool2/impl/LinkedBlockingDeque$AbstractItr
instanceKlass org/apache/commons/pool2/impl/BaseGenericObjectPool$EvictionIterator
instanceKlass org/apache/commons/pool2/impl/EvictionConfig
instanceKlass com/fasterxml/jackson/core/json/DupDetector
instanceKlass java/util/concurrent/atomic/Striped64$Cell
instanceKlass org/apache/spark/sql/streaming/ui/StreamingQueryProgressWrapper
instanceKlass org/apache/spark/sql/streaming/ui/StreamingQueryProgressWrapper$
instanceKlass org/apache/spark/sql/execution/CollectMetricsExec$
instanceKlass org/apache/spark/sql/execution/datasources/v2/V2TableWriteExec
instanceKlass net/razorvine/pickle/PickleUtils
instanceKlass net/razorvine/pickle/Pickler$Memo
instanceKlass org/apache/spark/sql/catalyst/expressions/SpecializedGettersReader
instanceKlass org/apache/spark/security/SocketAuthServer
instanceKlass org/apache/spark/security/SocketAuthHelper
instanceKlass org/apache/spark/security/SocketAuthServer$
instanceKlass org/apache/spark/api/python/Converter
instanceKlass org/apache/spark/api/python/PythonRDD$
instanceKlass java/util/concurrent/locks/ReentrantReadWriteLock$Sync$HoldCounter
instanceKlass org/apache/spark/api/python/SerDeUtil$AutoBatchedPickler
instanceKlass org/apache/spark/sql/catalyst/expressions/GenericRow
instanceKlass org/apache/spark/sql/execution/python/EvaluatePython$RowPickler
instanceKlass net/razorvine/pickle/Pickler
instanceKlass org/apache/spark/sql/execution/python/EvaluatePython$StructTypePickler
instanceKlass net/razorvine/pickle/IObjectPickler
instanceKlass net/razorvine/pickle/objects/OperatorAttrGetterForCalendarTz
instanceKlass net/razorvine/pickle/objects/Reconstructor
instanceKlass net/razorvine/pickle/objects/TimeZoneConstructor
instanceKlass net/razorvine/pickle/objects/DateTimeConstructor
instanceKlass net/razorvine/pickle/objects/SetConstructor
instanceKlass net/razorvine/pickle/objects/ArrayConstructor
instanceKlass net/razorvine/pickle/objects/ComplexNumber
instanceKlass net/razorvine/pickle/objects/AnyClassConstructor
instanceKlass net/razorvine/pickle/Unpickler
instanceKlass net/razorvine/pickle/objects/ByteArrayConstructor
instanceKlass net/razorvine/pickle/IObjectConstructor
instanceKlass org/apache/spark/api/python/SerDeUtil$
instanceKlass org/apache/spark/sql/execution/python/EvaluatePython$
instanceKlass org/apache/spark/sql/delta/stats/FileSizeHistogram
instanceKlass org/apache/spark/sql/delta/CommitStats
instanceKlass org/apache/spark/sql/delta/CommitStats$
instanceKlass org/apache/spark/sql/delta/PreloadedCheckpointProvider
instanceKlass org/apache/spark/sql/delta/stats/AutoCompactPartitionStats$PartitionStat$
instanceKlass org/apache/spark/sql/delta/stats/AutoCompactPartitionStats$PartitionStat
instanceKlass scala/runtime/java8/JFunction1$mcJD$sp
instanceKlass scala/runtime/java8/JFunction1$mcDJ$sp
instanceKlass org/apache/spark/sql/delta/OptimisticTransactionImpl$DisabledAutoCompactPartitionStatsCollector
instanceKlass org/apache/spark/sql/delta/stats/AutoCompactPartitionStats$$anon$1
instanceKlass org/apache/spark/sql/delta/stats/AutoCompactPartitionStats
instanceKlass org/apache/spark/sql/delta/stats/AutoCompactPartitionStats$
instanceKlass org/apache/spark/sql/delta/managedcommit/Commit
instanceKlass org/apache/spark/sql/delta/managedcommit/CommitResponse
instanceKlass org/apache/hadoop/fs/permission/AclStatus
instanceKlass org/apache/hadoop/fs/FsStatus
instanceKlass org/apache/spark/sql/delta/managedcommit/UpdatedActions
instanceKlass org/apache/spark/sql/delta/OptimisticTransactionImpl$FileSystemBasedCommitOwnerClient
instanceKlass org/apache/spark/sql/delta/managedcommit/TableCommitOwnerClient$
instanceKlass java/lang/Class$EnclosingMethodInfo
instanceKlass com/fasterxml/jackson/databind/ser/std/ReferenceTypeSerializer$1
instanceKlass com/fasterxml/jackson/databind/introspect/JacksonAnnotationIntrospector$1
instanceKlass org/apache/spark/sql/delta/CurrentTransactionInfo
instanceKlass org/apache/spark/sql/delta/managedcommit/CommitOwner$
instanceKlass io/delta/package$
instanceKlass org/apache/spark/sql/delta/clustering/ClusteringMetadataDomain
instanceKlass org/apache/spark/sql/delta/JsonMetadataDomain
instanceKlass org/apache/spark/sql/delta/JsonMetadataDomainUtils
instanceKlass org/apache/spark/sql/delta/DomainMetadataUtils$
instanceKlass org/apache/spark/sql/delta/SnapshotIsolation$
instanceKlass org/apache/spark/sql/delta/WriteSerializable$
instanceKlass org/apache/spark/sql/delta/IsolationLevel$
instanceKlass org/apache/spark/sql/delta/commands/DeletionVectorUtils$
instanceKlass org/apache/spark/sql/delta/commands/DeletionVectorUtils
instanceKlass org/apache/spark/sql/delta/DefaultRowCommitVersion$
instanceKlass org/apache/spark/sql/delta/DeltaOperationMetrics$SumMetrics
instanceKlass org/apache/spark/sql/delta/DeltaOperationMetrics$MetricsTransformer
instanceKlass org/apache/spark/sql/delta/DeltaOperationMetrics$
instanceKlass org/apache/spark/sql/delta/commands/DMLUtils$TaggedCommitData$
instanceKlass org/apache/spark/sql/delta/commands/DMLUtils$TaggedCommitData
instanceKlass org/apache/spark/sql/delta/hooks/AutoCompact$
instanceKlass org/apache/spark/sql/delta/hooks/AutoCompactBase
instanceKlass org/apache/spark/sql/execution/datasources/EmptyDirectoryDataWriter$
instanceKlass org/apache/spark/sql/execution/datasources/ExecutedWriteSummary
instanceKlass java/time/format/DateTimeFormatterBuilder$2
instanceKlass org/apache/spark/sql/catalyst/util/Iso8601DateFormatter
instanceKlass sun/util/locale/provider/CalendarDataUtility$CalendarFieldValueNameGetter
instanceKlass sun/util/resources/LocaleData$2
instanceKlass java/util/concurrent/atomic/AtomicMarkableReference$Pair
instanceKlass java/util/concurrent/atomic/AtomicMarkableReference
instanceKlass sun/util/locale/provider/CalendarNameProviderImpl$LengthBasedComparator
instanceKlass sun/util/locale/provider/CalendarDataUtility$CalendarFieldValueNamesMapGetter
instanceKlass java/time/temporal/TemporalQueries$7
instanceKlass java/time/temporal/TemporalQueries$6
instanceKlass java/time/temporal/TemporalQueries$5
instanceKlass java/time/temporal/TemporalQueries$4
instanceKlass java/time/temporal/TemporalQueries$3
instanceKlass java/time/temporal/TemporalQueries$2
instanceKlass java/time/temporal/TemporalQueries$1
instanceKlass java/time/temporal/TemporalQueries
instanceKlass java/time/LocalDate$1
instanceKlass org/apache/spark/sql/catalyst/util/DateTimeFormatterHelper$
instanceKlass org/apache/spark/sql/catalyst/util/Iso8601TimestampFormatter
instanceKlass org/apache/spark/sql/catalyst/util/DateTimeFormatterHelper
instanceKlass org/apache/spark/sql/catalyst/util/TimestampFormatter$
instanceKlass org/apache/parquet/format/converter/ParquetMetadataConverter$1
instanceKlass shaded/parquet/it/unimi/dsi/fastutil/longs/LongIterators$UnmodifiableListIterator
instanceKlass shaded/parquet/it/unimi/dsi/fastutil/longs/LongIterators$EmptyIterator
instanceKlass shaded/parquet/it/unimi/dsi/fastutil/longs/LongIterators
instanceKlass shaded/parquet/it/unimi/dsi/fastutil/longs/LongArrayList$1
instanceKlass shaded/parquet/it/unimi/dsi/fastutil/booleans/BooleanIterators$UnmodifiableListIterator
instanceKlass shaded/parquet/it/unimi/dsi/fastutil/booleans/BooleanIterators$EmptyIterator
instanceKlass shaded/parquet/it/unimi/dsi/fastutil/booleans/BooleanIterators
instanceKlass shaded/parquet/it/unimi/dsi/fastutil/booleans/BooleanArrayList$1
instanceKlass shaded/parquet/it/unimi/dsi/fastutil/longs/LongCollections$UnmodifiableCollection
instanceKlass shaded/parquet/it/unimi/dsi/fastutil/longs/LongLists
instanceKlass shaded/parquet/it/unimi/dsi/fastutil/booleans/BooleanCollections$UnmodifiableCollection
instanceKlass shaded/parquet/it/unimi/dsi/fastutil/booleans/BooleanLists
instanceKlass org/apache/parquet/hadoop/api/WriteSupport$FinalizedWriteContext
instanceKlass org/apache/parquet/format/DictionaryPageHeader$DictionaryPageHeaderTupleSchemeFactory
instanceKlass org/apache/parquet/format/DictionaryPageHeader$DictionaryPageHeaderStandardSchemeFactory
instanceKlass shaded/parquet/it/unimi/dsi/fastutil/objects/Object2IntLinkedOpenHashMap$MapIterator
instanceKlass shaded/parquet/it/unimi/dsi/fastutil/ints/Int2IntLinkedOpenHashMap$MapEntry
instanceKlass shaded/parquet/it/unimi/dsi/fastutil/ints/Int2IntLinkedOpenHashMap$MapIterator
instanceKlass shaded/parquet/it/unimi/dsi/fastutil/ints/Int2IntMap$Entry
instanceKlass shaded/parquet/it/unimi/dsi/fastutil/longs/Long2IntLinkedOpenHashMap$MapEntry
instanceKlass shaded/parquet/it/unimi/dsi/fastutil/longs/Long2IntLinkedOpenHashMap$MapIterator
instanceKlass shaded/parquet/it/unimi/dsi/fastutil/longs/Long2IntMap$Entry
instanceKlass shaded/parquet/it/unimi/dsi/fastutil/doubles/Double2IntLinkedOpenHashMap$MapEntry
instanceKlass shaded/parquet/it/unimi/dsi/fastutil/doubles/Double2IntLinkedOpenHashMap$MapIterator
instanceKlass shaded/parquet/it/unimi/dsi/fastutil/doubles/Double2IntMap$Entry
instanceKlass shaded/parquet/it/unimi/dsi/fastutil/objects/ObjectListIterator
instanceKlass org/apache/parquet/column/values/dictionary/IntList$IntIterator
instanceKlass org/apache/parquet/io/MessageColumnIO$MessageColumnIORecordConsumer$FieldsMarker
instanceKlass org/apache/parquet/column/impl/ColumnWriteStoreBase$3
instanceKlass shaded/parquet/it/unimi/dsi/fastutil/doubles/Double2IntSortedMap$FastSortedEntrySet
instanceKlass shaded/parquet/it/unimi/dsi/fastutil/doubles/Double2IntMap$FastEntrySet
instanceKlass shaded/parquet/it/unimi/dsi/fastutil/doubles/DoubleSortedSet
instanceKlass shaded/parquet/it/unimi/dsi/fastutil/doubles/DoubleBidirectionalIterable
instanceKlass shaded/parquet/it/unimi/dsi/fastutil/doubles/DoubleSet
instanceKlass shaded/parquet/it/unimi/dsi/fastutil/doubles/AbstractDouble2IntFunction
instanceKlass shaded/parquet/it/unimi/dsi/fastutil/doubles/Double2IntSortedMap
instanceKlass shaded/parquet/it/unimi/dsi/fastutil/doubles/Double2IntMap
instanceKlass shaded/parquet/it/unimi/dsi/fastutil/doubles/Double2IntFunction
instanceKlass java/util/function/DoubleToIntFunction
instanceKlass shaded/parquet/it/unimi/dsi/fastutil/longs/Long2IntSortedMap$FastSortedEntrySet
instanceKlass shaded/parquet/it/unimi/dsi/fastutil/longs/Long2IntMap$FastEntrySet
instanceKlass shaded/parquet/it/unimi/dsi/fastutil/longs/LongSortedSet
instanceKlass shaded/parquet/it/unimi/dsi/fastutil/longs/LongBidirectionalIterable
instanceKlass shaded/parquet/it/unimi/dsi/fastutil/longs/LongSet
instanceKlass shaded/parquet/it/unimi/dsi/fastutil/longs/AbstractLong2IntFunction
instanceKlass shaded/parquet/it/unimi/dsi/fastutil/longs/Long2IntSortedMap
instanceKlass shaded/parquet/it/unimi/dsi/fastutil/longs/Long2IntMap
instanceKlass shaded/parquet/it/unimi/dsi/fastutil/longs/Long2IntFunction
instanceKlass java/util/function/LongToIntFunction
instanceKlass shaded/parquet/it/unimi/dsi/fastutil/ints/Int2IntSortedMap$FastSortedEntrySet
instanceKlass shaded/parquet/it/unimi/dsi/fastutil/ints/Int2IntMap$FastEntrySet
instanceKlass shaded/parquet/it/unimi/dsi/fastutil/ints/IntSortedSet
instanceKlass shaded/parquet/it/unimi/dsi/fastutil/ints/IntBidirectionalIterable
instanceKlass shaded/parquet/it/unimi/dsi/fastutil/ints/AbstractInt2IntFunction
instanceKlass shaded/parquet/it/unimi/dsi/fastutil/ints/Int2IntSortedMap
instanceKlass shaded/parquet/it/unimi/dsi/fastutil/ints/Int2IntMap
instanceKlass shaded/parquet/it/unimi/dsi/fastutil/ints/Int2IntFunction
instanceKlass shaded/parquet/it/unimi/dsi/fastutil/HashCommon
instanceKlass shaded/parquet/it/unimi/dsi/fastutil/objects/Object2IntSortedMap$FastSortedEntrySet
instanceKlass shaded/parquet/it/unimi/dsi/fastutil/objects/Object2IntMap$FastEntrySet
instanceKlass shaded/parquet/it/unimi/dsi/fastutil/objects/ObjectSortedSet
instanceKlass shaded/parquet/it/unimi/dsi/fastutil/objects/ObjectBidirectionalIterable
instanceKlass shaded/parquet/it/unimi/dsi/fastutil/objects/ObjectSet
instanceKlass shaded/parquet/it/unimi/dsi/fastutil/objects/ObjectCollection
instanceKlass shaded/parquet/it/unimi/dsi/fastutil/objects/ObjectIterable
instanceKlass shaded/parquet/it/unimi/dsi/fastutil/objects/AbstractObject2IntFunction
instanceKlass shaded/parquet/it/unimi/dsi/fastutil/objects/Object2IntSortedMap
instanceKlass shaded/parquet/it/unimi/dsi/fastutil/Hash
instanceKlass org/apache/parquet/column/values/dictionary/IntList
instanceKlass shaded/parquet/it/unimi/dsi/fastutil/objects/Object2IntMap
instanceKlass shaded/parquet/it/unimi/dsi/fastutil/objects/Object2IntFunction
instanceKlass shaded/parquet/it/unimi/dsi/fastutil/Function
instanceKlass org/apache/parquet/column/values/factory/DefaultValuesWriterFactory$1
instanceKlass org/apache/parquet/column/values/factory/DefaultV1ValuesWriterFactory$1
instanceKlass org/apache/parquet/column/values/rle/RunLengthBitPackingHybridEncoder
instanceKlass org/apache/parquet/column/impl/ColumnWriterBase
instanceKlass org/apache/parquet/column/ColumnWriter
instanceKlass org/apache/parquet/column/impl/ColumnWriteStoreBase$ColumnWriterProvider
instanceKlass org/apache/parquet/column/impl/ColumnWriteStoreBase
instanceKlass org/apache/parquet/column/ParquetProperties$1
instanceKlass shaded/parquet/it/unimi/dsi/fastutil/doubles/DoubleArrays$ArrayHashStrategy
instanceKlass shaded/parquet/it/unimi/dsi/fastutil/doubles/DoubleArrays$Segment
instanceKlass shaded/parquet/it/unimi/dsi/fastutil/doubles/DoubleArrays
instanceKlass shaded/parquet/it/unimi/dsi/fastutil/doubles/DoubleListIterator
instanceKlass shaded/parquet/it/unimi/dsi/fastutil/doubles/DoubleBidirectionalIterator
instanceKlass shaded/parquet/it/unimi/dsi/fastutil/doubles/DoubleIterator
instanceKlass java/util/PrimitiveIterator$OfDouble
instanceKlass shaded/parquet/it/unimi/dsi/fastutil/doubles/DoubleStack
instanceKlass shaded/parquet/it/unimi/dsi/fastutil/doubles/DoubleList
instanceKlass shaded/parquet/it/unimi/dsi/fastutil/doubles/DoubleCollection
instanceKlass shaded/parquet/it/unimi/dsi/fastutil/doubles/DoubleIterable
instanceKlass org/apache/parquet/internal/column/columnindex/BinaryTruncator$4
instanceKlass org/apache/parquet/internal/column/columnindex/BinaryTruncator$CharsetValidator
instanceKlass org/apache/parquet/internal/column/columnindex/BinaryTruncator
instanceKlass org/apache/parquet/hadoop/ColumnChunkPageWriteStore$ColumnChunkPageWriter
instanceKlass org/apache/parquet/column/values/bloomfilter/BloomFilterWriter
instanceKlass org/apache/parquet/column/page/PageWriter
instanceKlass org/apache/parquet/hadoop/ColumnChunkPageWriteStore
instanceKlass org/apache/parquet/hadoop/codec/NonBlockedCompressor
instanceKlass org/apache/parquet/column/page/PageWriteStore
instanceKlass org/apache/parquet/column/values/bloomfilter/BloomFilterWriteStore
instanceKlass org/apache/parquet/hadoop/InternalParquetRecordWriter
instanceKlass org/apache/parquet/hadoop/MemoryManager
instanceKlass org/apache/parquet/hadoop/ParquetFileWriter$NoAlignment
instanceKlass org/apache/parquet/schema/TypeUtil$1
instanceKlass org/apache/parquet/schema/TypeUtil
instanceKlass org/apache/parquet/hadoop/util/HadoopOutputFile
instanceKlass org/apache/parquet/crypto/EncryptionPropertiesFactory
instanceKlass org/apache/parquet/hadoop/api/WriteSupport$WriteContext
instanceKlass org/apache/parquet/hadoop/ColumnConfigParser$ConfigHelper
instanceKlass org/apache/parquet/hadoop/ColumnConfigParser
instanceKlass org/apache/parquet/column/ColumnProperty$Builder
instanceKlass org/apache/parquet/column/ColumnProperty
instanceKlass org/apache/parquet/column/ParquetProperties$Builder
instanceKlass org/apache/parquet/column/values/factory/DefaultV2ValuesWriterFactory
instanceKlass org/apache/parquet/column/values/factory/DefaultV1ValuesWriterFactory
instanceKlass org/apache/parquet/column/values/RequiresFallback
instanceKlass org/apache/parquet/column/values/factory/DefaultValuesWriterFactory
instanceKlass org/apache/parquet/column/ColumnWriteStore
instanceKlass org/apache/parquet/column/values/ValuesWriter
instanceKlass org/apache/parquet/column/values/factory/ValuesWriterFactory
instanceKlass org/apache/parquet/column/ParquetProperties
instanceKlass org/apache/parquet/hadoop/codec/CodecConfig
instanceKlass org/apache/spark/sql/execution/datasources/BasicWriteTaskStatsTracker
instanceKlass org/apache/spark/sql/catalyst/util/SQLOrderingUtil
instanceKlass org/apache/spark/sql/catalyst/util/SQLOrderingUtil$
instanceKlass org/apache/spark/sql/delta/expressions/JoinedProjection$
instanceKlass org/apache/spark/sql/delta/stats/DeltaTaskStatisticsTracker
instanceKlass org/apache/spark/sql/execution/datasources/SingleDirectoryDataWriter$
instanceKlass org/apache/spark/sql/execution/UnsafeExternalRowSorter
instanceKlass java/util/Vector$1
instanceKlass org/apache/spark/internal/io/FileNameSpec
instanceKlass org/apache/spark/internal/io/FileCommitProtocol$TaskCommitMessage
instanceKlass org/apache/spark/sql/execution/datasources/BasicWriteTaskStats
instanceKlass org/apache/spark/sql/catalyst/json/JacksonGenerator
instanceKlass org/apache/spark/sql/delta/stats/DeltaFileStatistics
instanceKlass org/apache/spark/sql/execution/datasources/WriteTaskStats
instanceKlass org/apache/spark/internal/io/SparkHadoopWriterUtils$
instanceKlass org/apache/spark/sql/execution/datasources/WriteTaskResult
instanceKlass org/apache/spark/sql/connector/write/WriterCommitMessage
instanceKlass org/apache/spark/sql/execution/datasources/WriteJobDescription
instanceKlass org/apache/spark/sql/delta/CheckTypeInV2AllowList$
instanceKlass org/apache/spark/sql/delta/CheckVersionChangeNeedsRewrite$
instanceKlass org/apache/spark/sql/delta/CheckNoDeletionVector$
instanceKlass org/apache/spark/sql/delta/CheckNoListMapNullType$
instanceKlass org/apache/spark/sql/delta/CheckNoPartitionEvolution$
instanceKlass org/apache/spark/sql/delta/CheckAddFileHasStats$
instanceKlass org/apache/spark/sql/delta/CheckOnlySingleVersionEnabled$
instanceKlass org/apache/spark/sql/delta/IcebergCompatCheck
instanceKlass org/apache/spark/sql/delta/RequiredDeltaTableProperty
instanceKlass org/apache/spark/sql/delta/IcebergCompat
instanceKlass org/apache/spark/sql/execution/datasources/OutputWriter
instanceKlass org/apache/parquet/hadoop/api/WriteSupport
instanceKlass org/apache/hadoop/conf/Configuration$IntegerRanges
instanceKlass org/apache/hadoop/mapreduce/counters/AbstractCounter
instanceKlass org/apache/hadoop/mapreduce/Counter
instanceKlass org/apache/hadoop/mapreduce/Mapper$Context
instanceKlass org/apache/hadoop/mapreduce/MapContext
instanceKlass org/apache/hadoop/mapreduce/TaskInputOutputContext
instanceKlass org/apache/parquet/hadoop/util/ContextUtil
instanceKlass org/apache/spark/sql/execution/datasources/WriterBucketSpec
instanceKlass org/apache/spark/sql/execution/datasources/V1WritesUtils$
instanceKlass org/apache/spark/sql/delta/RowIndexFilter
instanceKlass org/apache/spark/sql/delta/deletionvectors/RowIndexMarkingFiltersBuilder
instanceKlass org/apache/spark/sql/execution/datasources/FileFormatDataWriter
instanceKlass org/apache/spark/sql/connector/write/DataWriter
instanceKlass org/apache/spark/sql/delta/files/DeltaFileFormatWriter$
instanceKlass org/apache/spark/sql/delta/IcebergCompat$
instanceKlass org/apache/spark/sql/execution/datasources/BasicWriteJobStatsTracker$
instanceKlass org/apache/spark/sql/execution/datasources/BasicWriteJobStatsTracker
instanceKlass org/apache/spark/sql/delta/files/TransactionalWrite$
instanceKlass org/apache/spark/sql/execution/datasources/FileFormatWriter$OutputSpec
instanceKlass org/apache/spark/sql/delta/constraints/Constraints$Check
instanceKlass org/apache/spark/sql/delta/constraints/Constraint
instanceKlass org/apache/spark/sql/delta/constraints/CharVarcharConstraint$
instanceKlass org/apache/spark/sql/delta/constraints/Invariants$
instanceKlass org/apache/spark/sql/delta/constraints/Constraints$
instanceKlass org/apache/spark/sql/execution/datasources/WriteTaskStatsTracker
instanceKlass org/apache/spark/sql/delta/stats/DeltaJobStatisticsTracker
instanceKlass org/apache/spark/sql/execution/datasources/WriteJobStatsTracker
instanceKlass org/apache/spark/sql/catalyst/expressions/CaseWhen$
instanceKlass org/apache/spark/sql/delta/stats/SkippingEligibleDataType$
instanceKlass org/apache/spark/sql/delta/stats/DeltaStatistics$
instanceKlass org/apache/spark/sql/util/ScalaExtensions$OptionExtCompanion
instanceKlass org/apache/spark/sql/util/ScalaExtensions$
instanceKlass org/apache/spark/sql/delta/stats/DeltaStatsColumnSpec
instanceKlass org/apache/spark/sql/delta/stats/StatisticsCollection$
instanceKlass org/apache/spark/sql/delta/files/TransactionalWrite$$anon$1
instanceKlass org/apache/spark/sql/delta/DeltaColumnMappingMode$
instanceKlass org/apache/spark/sql/delta/GeneratedColumn$
instanceKlass org/apache/spark/sql/delta/ColumnWithDefaultExprUtils$
instanceKlass org/apache/spark/sql/delta/RowTracking$
instanceKlass org/apache/spark/sql/delta/RowId$
instanceKlass org/apache/spark/sql/delta/util/PartitionUtils$
instanceKlass org/apache/spark/sql/delta/TypeWidening$
instanceKlass org/apache/spark/sql/delta/schema/ImplicitMetadataOperation$
instanceKlass org/apache/spark/sql/delta/schema/SchemaMergingUtils$
instanceKlass org/apache/spark/sql/delta/NameMapping$
instanceKlass org/apache/spark/sql/delta/NoMapping$
instanceKlass org/apache/spark/sql/delta/IdMapping$
instanceKlass org/apache/spark/sql/delta/DeltaParquetFileFormat$
instanceKlass org/apache/spark/sql/delta/DeltaBatchCDFSchemaMode
instanceKlass org/apache/spark/sql/delta/commands/cdc/CDCReader$
instanceKlass org/apache/spark/sql/delta/commands/cdc/CDCReaderImpl
instanceKlass org/apache/spark/sql/delta/DeltaColumnMapping$
instanceKlass org/apache/spark/sql/delta/DeltaColumnMappingBase
instanceKlass org/apache/spark/sql/delta/skipping/clustering/temp/ClusterBySpec
instanceKlass org/apache/spark/sql/delta/OptimisticTransaction$
instanceKlass org/apache/spark/sql/delta/hooks/HudiConverterHook$
instanceKlass org/apache/spark/sql/delta/hooks/IcebergConverterHook$
instanceKlass org/apache/spark/sql/delta/hooks/CheckpointHook$
instanceKlass org/apache/spark/sql/delta/stats/AutoCompactPartitionStatsCollector
instanceKlass org/apache/spark/internal/io/FileCommitProtocol
instanceKlass org/apache/spark/sql/delta/NoOpTransactionExecutionObserver$
instanceKlass org/apache/spark/sql/delta/TransactionExecutionObserver
instanceKlass org/apache/spark/sql/delta/TransactionExecutionObserver$
instanceKlass org/apache/spark/sql/delta/OptimisticTransaction
instanceKlass org/apache/spark/sql/delta/OptimisticTransactionImpl
instanceKlass org/apache/spark/sql/delta/files/SQLMetricsReporting
instanceKlass org/apache/spark/sql/delta/files/TransactionalWrite
instanceKlass org/apache/spark/sql/delta/DeltaOptions$
instanceKlass org/apache/spark/sql/delta/DeltaStartingVersion
instanceKlass org/apache/spark/sql/delta/DeltaOptions
instanceKlass org/apache/spark/sql/delta/DeltaReadOptions
instanceKlass org/apache/spark/sql/delta/DeltaWriteOptions
instanceKlass org/apache/spark/sql/delta/DeltaWriteOptionsImpl
instanceKlass org/apache/spark/sql/delta/DeltaOptionParser
instanceKlass org/apache/spark/sql/delta/commands/WriteIntoDeltaLike
instanceKlass com/google/common/util/concurrent/Uninterruptibles
instanceKlass org/apache/spark/sql/delta/schema/SchemaUtils$
instanceKlass org/apache/spark/sql/delta/managedcommit/TableCommitOwnerClient
instanceKlass org/apache/spark/sql/delta/managedcommit/CommitOwnerClient
instanceKlass org/apache/spark/sql/delta/UniversalFormat$
instanceKlass org/apache/spark/sql/delta/CheckpointPolicy$Policy
instanceKlass org/apache/spark/sql/delta/Serializable$
instanceKlass org/apache/spark/sql/delta/IsolationLevel
instanceKlass org/apache/spark/sql/delta/hooks/GenerateSymlinkManifest$
instanceKlass org/apache/spark/sql/delta/hooks/GenerateSymlinkManifestImpl
instanceKlass org/apache/spark/sql/delta/hooks/PostCommitHook
instanceKlass org/apache/spark/sql/delta/stats/DataSkippingReader$
instanceKlass org/apache/spark/sql/delta/hooks/AutoCompactType$Enabled$
instanceKlass org/apache/spark/sql/delta/hooks/AutoCompactType
instanceKlass org/apache/spark/sql/delta/hooks/AutoCompactType$
instanceKlass org/apache/spark/sql/delta/DeltaConfig
instanceKlass org/apache/spark/sql/delta/util/Utils$
instanceKlass org/apache/spark/sql/delta/PreDowngradeTableFeatureCommand
instanceKlass org/apache/spark/sql/delta/LegacyFeatureType
instanceKlass org/apache/spark/sql/delta/TableFeature$
instanceKlass org/apache/spark/sql/delta/DeltaConfigs$
instanceKlass org/apache/spark/sql/delta/DeltaConfigsBase
instanceKlass org/apache/spark/sql/delta/Snapshot$ReconstructedProtocolMetadataAndICT
instanceKlass org/apache/spark/sql/catalyst/expressions/MutableValue
instanceKlass org/apache/spark/sql/execution/datasources/parquet/ParquetVectorUpdaterFactory$IntegerUpdater
instanceKlass org/apache/spark/sql/execution/datasources/parquet/ParquetVectorUpdaterFactory$LongUpdater
instanceKlass org/apache/spark/sql/execution/datasources/parquet/VectorizedRleValuesReader$DefLevelProcessor
instanceKlass org/apache/spark/sql/execution/datasources/parquet/VectorizedRleValuesReader$1
instanceKlass org/apache/parquet/CorruptDeltaByteArrays
instanceKlass org/apache/spark/sql/execution/datasources/parquet/VectorizedColumnReader$2
instanceKlass org/xerial/snappy/SnappyNative
instanceKlass org/xerial/snappy/OSInfo
instanceKlass org/xerial/snappy/SnappyApi
instanceKlass org/xerial/snappy/SnappyLoader
instanceKlass org/xerial/snappy/Snappy
instanceKlass org/apache/parquet/hadoop/codec/CleanUtil
instanceKlass org/apache/parquet/hadoop/codec/SnappyUtil
instanceKlass org/apache/parquet/column/values/bitpacking/ByteBitPackingForLongLE$1
instanceKlass org/apache/parquet/column/values/bitpacking/ByteBitPackingForLongLE
instanceKlass org/apache/parquet/column/values/bitpacking/ByteBitPackingForLongBE$1
instanceKlass org/apache/parquet/column/values/bitpacking/BytePackerForLong
instanceKlass org/apache/parquet/column/values/bitpacking/BytePackerForLongFactory
instanceKlass org/apache/parquet/column/values/bitpacking/ByteBitPackingForLongBE
instanceKlass org/apache/parquet/column/values/bitpacking/ByteBitPackingLE$1
instanceKlass org/apache/parquet/column/values/bitpacking/ByteBitPackingLE
instanceKlass org/apache/parquet/column/values/bitpacking/ByteBitPackingBE$1
instanceKlass org/apache/parquet/column/values/bitpacking/BytePacker
instanceKlass org/apache/parquet/column/values/bitpacking/BytePackerFactory
instanceKlass org/apache/parquet/column/values/bitpacking/ByteBitPackingBE
instanceKlass org/apache/parquet/column/values/bitpacking/LemireBitPackingLE$1
instanceKlass org/apache/parquet/column/values/bitpacking/LemireBitPackingLE
instanceKlass org/apache/parquet/column/values/bitpacking/LemireBitPackingBE$1
instanceKlass org/apache/parquet/column/values/bitpacking/IntPacker
instanceKlass org/apache/parquet/column/values/bitpacking/IntPackerFactory
instanceKlass org/apache/parquet/column/values/bitpacking/LemireBitPackingBE
instanceKlass org/apache/spark/sql/execution/datasources/parquet/VectorizedColumnReader$1
instanceKlass org/apache/parquet/hadoop/codec/ZstandardCodec
instanceKlass org/apache/parquet/hadoop/ColumnChunkPageReadStore$ColumnChunkPageReader$1
instanceKlass org/apache/spark/sql/execution/datasources/parquet/ParquetVectorUpdaterFactory$BinaryUpdater
instanceKlass org/apache/spark/sql/execution/datasources/parquet/ParquetVectorUpdaterFactory$1
instanceKlass org/apache/spark/sql/execution/datasources/parquet/ParquetVectorUpdater
instanceKlass org/apache/spark/sql/execution/datasources/parquet/ParquetVectorUpdaterFactory
instanceKlass org/apache/spark/sql/execution/datasources/parquet/ParquetReadState$RowRange
instanceKlass org/apache/spark/sql/execution/datasources/parquet/ParquetReadState
instanceKlass org/apache/spark/sql/execution/datasources/parquet/VectorizedValuesReader
instanceKlass org/apache/spark/sql/execution/datasources/parquet/VectorizedColumnReader
instanceKlass org/apache/spark/sql/catalyst/util/ArrayBasedMapData$
instanceKlass org/apache/parquet/column/page/DataPage$Visitor
instanceKlass org/apache/parquet/hadoop/ColumnChunkPageReadStore$ColumnChunkPageReader
instanceKlass org/apache/parquet/column/page/PageReader
instanceKlass org/apache/hadoop/thirdparty/com/google/common/cache/LocalCache$StrongValueReference
instanceKlass org/apache/hadoop/thirdparty/com/google/common/util/concurrent/AbstractFuture$Failure
instanceKlass org/apache/hadoop/thirdparty/com/google/common/util/concurrent/AbstractFuture$Cancellation
instanceKlass org/apache/hadoop/thirdparty/com/google/common/util/concurrent/AbstractFuture$SetFuture
instanceKlass org/apache/hadoop/thirdparty/com/google/common/util/concurrent/Uninterruptibles
instanceKlass org/apache/hadoop/thirdparty/com/google/common/base/CommonPattern
instanceKlass org/apache/hadoop/thirdparty/com/google/common/base/Platform$JdkPatternCompiler
instanceKlass org/apache/hadoop/thirdparty/com/google/common/base/PatternCompiler
instanceKlass org/apache/hadoop/thirdparty/com/google/common/base/Platform
instanceKlass org/apache/hadoop/io/LongWritable
instanceKlass org/apache/hadoop/util/functional/FutureIO
instanceKlass org/apache/hadoop/thirdparty/com/google/common/base/Stopwatch
instanceKlass org/apache/hadoop/thirdparty/com/google/common/util/concurrent/AbstractFuture$Waiter
instanceKlass org/apache/hadoop/thirdparty/com/google/common/util/concurrent/AbstractFuture$Listener
instanceKlass org/apache/hadoop/thirdparty/com/google/common/util/concurrent/AbstractFuture$UnsafeAtomicHelper$1
instanceKlass org/apache/hadoop/thirdparty/com/google/common/util/concurrent/AbstractFuture$AtomicHelper
instanceKlass org/apache/hadoop/thirdparty/com/google/common/util/concurrent/internal/InternalFutureFailureAccess
instanceKlass org/apache/hadoop/thirdparty/com/google/common/util/concurrent/AbstractFuture$Trusted
instanceKlass org/apache/hadoop/thirdparty/com/google/common/util/concurrent/ListenableFuture
instanceKlass org/apache/hadoop/io/compress/DoNotPool
instanceKlass org/apache/parquet/hadoop/codec/NonBlockedDecompressor
instanceKlass org/apache/hadoop/io/compress/CodecPool
instanceKlass org/apache/parquet/hadoop/codec/SnappyCodec
instanceKlass org/apache/parquet/bytes/BytesInput
instanceKlass org/apache/parquet/hadoop/ParquetFileReader$1
instanceKlass org/apache/parquet/format/MetadataValidator
instanceKlass org/apache/parquet/format/DataPageHeader$DataPageHeaderTupleSchemeFactory
instanceKlass org/apache/parquet/format/DataPageHeader$DataPageHeaderStandardSchemeFactory
instanceKlass org/apache/parquet/format/DataPageHeaderV2
instanceKlass org/apache/parquet/format/DictionaryPageHeader
instanceKlass org/apache/parquet/format/IndexPageHeader
instanceKlass org/apache/parquet/format/DataPageHeader
instanceKlass org/apache/parquet/format/PageHeader$PageHeaderTupleSchemeFactory
instanceKlass org/apache/parquet/format/PageHeader$PageHeaderStandardSchemeFactory
instanceKlass org/apache/parquet/format/PageHeader
instanceKlass org/apache/parquet/hadoop/ParquetFileReader$Chunk
instanceKlass org/apache/parquet/hadoop/ParquetFileReader$ChunkListBuilder$ChunkData
instanceKlass org/apache/parquet/hadoop/ParquetFileReader$ChunkDescriptor
instanceKlass org/apache/parquet/hadoop/ParquetFileReader$ConsecutivePartList
instanceKlass org/apache/parquet/hadoop/util/counters/BenchmarkCounter$NullCounter
instanceKlass org/apache/parquet/hadoop/util/counters/CounterLoader
instanceKlass org/apache/parquet/hadoop/util/counters/ICounter
instanceKlass org/apache/parquet/hadoop/util/counters/BenchmarkCounter
instanceKlass org/apache/hadoop/util/LambdaUtils
instanceKlass org/apache/spark/sql/execution/datasources/parquet/ParquetColumnVector$1
instanceKlass org/apache/parquet/internal/filter2/columnindex/RowRanges$Range
instanceKlass java/util/Spliterators$2Adapter
instanceKlass org/apache/parquet/internal/column/columnindex/IndexIterator
instanceKlass org/apache/hadoop/fs/impl/OpenFileParameters
instanceKlass org/apache/parquet/internal/column/columnindex/ColumnIndexBuilder$ColumnIndexBase$ValueComparator
instanceKlass org/apache/hadoop/fs/impl/FutureIOSupport
instanceKlass shaded/parquet/it/unimi/dsi/fastutil/ints/IntSet
instanceKlass org/apache/parquet/internal/column/columnindex/ColumnIndexBuilder$ColumnIndexBase
instanceKlass org/apache/parquet/internal/column/columnindex/ColumnIndexBuilder$2
instanceKlass shaded/parquet/it/unimi/dsi/fastutil/booleans/BooleanArrays$ArrayHashStrategy
instanceKlass org/apache/hadoop/util/LineReader
instanceKlass shaded/parquet/it/unimi/dsi/fastutil/booleans/BooleanArrays
instanceKlass shaded/parquet/it/unimi/dsi/fastutil/booleans/BooleanListIterator
instanceKlass shaded/parquet/it/unimi/dsi/fastutil/booleans/BooleanBidirectionalIterator
instanceKlass org/apache/spark/sql/execution/datasources/HadoopFileLinesReader
instanceKlass shaded/parquet/it/unimi/dsi/fastutil/booleans/BooleanIterator
instanceKlass shaded/parquet/it/unimi/dsi/fastutil/booleans/BooleanStack
instanceKlass shaded/parquet/it/unimi/dsi/fastutil/booleans/BooleanList
instanceKlass shaded/parquet/it/unimi/dsi/fastutil/booleans/BooleanCollection
instanceKlass shaded/parquet/it/unimi/dsi/fastutil/booleans/BooleanIterable
instanceKlass org/apache/parquet/internal/column/columnindex/ColumnIndexBuilder
instanceKlass org/apache/parquet/format/ColumnIndex$ColumnIndexTupleSchemeFactory
instanceKlass org/apache/parquet/format/ColumnIndex$ColumnIndexStandardSchemeFactory
instanceKlass org/apache/parquet/format/ColumnIndex
instanceKlass org/apache/parquet/internal/filter2/columnindex/RowRanges
instanceKlass org/apache/parquet/internal/column/columnindex/ColumnIndex
instanceKlass org/apache/parquet/internal/filter2/columnindex/ColumnIndexFilter$1
instanceKlass org/apache/parquet/internal/filter2/columnindex/ColumnIndexFilter
instanceKlass org/apache/parquet/internal/column/columnindex/OffsetIndexBuilder$OffsetIndexImpl
instanceKlass shaded/parquet/it/unimi/dsi/fastutil/ints/IntArrays$ArrayHashStrategy
instanceKlass shaded/parquet/it/unimi/dsi/fastutil/ints/IntArrays$Segment
instanceKlass shaded/parquet/it/unimi/dsi/fastutil/ints/IntArrays
instanceKlass shaded/parquet/it/unimi/dsi/fastutil/ints/IntListIterator
instanceKlass shaded/parquet/it/unimi/dsi/fastutil/ints/IntBidirectionalIterator
instanceKlass shaded/parquet/it/unimi/dsi/fastutil/ints/IntIterator
instanceKlass shaded/parquet/it/unimi/dsi/fastutil/ints/IntStack
instanceKlass shaded/parquet/it/unimi/dsi/fastutil/longs/LongArrays$ArrayHashStrategy
instanceKlass shaded/parquet/it/unimi/dsi/fastutil/longs/LongArrays$Segment
instanceKlass shaded/parquet/it/unimi/dsi/fastutil/Hash$Strategy
instanceKlass shaded/parquet/it/unimi/dsi/fastutil/longs/LongArrays
instanceKlass shaded/parquet/it/unimi/dsi/fastutil/longs/LongListIterator
instanceKlass shaded/parquet/it/unimi/dsi/fastutil/longs/LongBidirectionalIterator
instanceKlass shaded/parquet/it/unimi/dsi/fastutil/objects/ObjectBidirectionalIterator
instanceKlass shaded/parquet/it/unimi/dsi/fastutil/BidirectionalIterator
instanceKlass shaded/parquet/it/unimi/dsi/fastutil/objects/ObjectIterator
instanceKlass shaded/parquet/it/unimi/dsi/fastutil/longs/LongIterator
instanceKlass java/util/PrimitiveIterator$OfLong
instanceKlass shaded/parquet/it/unimi/dsi/fastutil/longs/LongStack
instanceKlass shaded/parquet/it/unimi/dsi/fastutil/Stack
instanceKlass org/apache/parquet/internal/column/columnindex/OffsetIndex
instanceKlass shaded/parquet/it/unimi/dsi/fastutil/ints/IntList
instanceKlass shaded/parquet/it/unimi/dsi/fastutil/ints/IntCollection
instanceKlass shaded/parquet/it/unimi/dsi/fastutil/ints/IntIterable
instanceKlass org/apache/parquet/hadoop/ParquetFileReader$ChunkListBuilder
instanceKlass org/apache/parquet/hadoop/ColumnChunkPageReadStore
instanceKlass shaded/parquet/it/unimi/dsi/fastutil/longs/LongList
instanceKlass shaded/parquet/it/unimi/dsi/fastutil/longs/LongCollection
instanceKlass shaded/parquet/it/unimi/dsi/fastutil/longs/LongIterable
instanceKlass org/apache/spark/sql/execution/vectorized/ColumnVectorUtils
instanceKlass org/apache/parquet/internal/column/columnindex/OffsetIndexBuilder
instanceKlass org/apache/spark/sql/execution/datasources/parquet/ParquetRowIndexUtil$
instanceKlass org/apache/parquet/format/PageLocation$PageLocationTupleSchemeFactory
instanceKlass org/apache/spark/sql/execution/datasources/parquet/ParquetRowIndexUtil
instanceKlass org/apache/parquet/format/PageLocation$PageLocationStandardSchemeFactory
instanceKlass org/apache/spark/sql/catalyst/types/DataTypeUtils
instanceKlass org/apache/parquet/format/PageLocation
instanceKlass org/apache/spark/sql/catalyst/util/ResolveDefaultColumns
instanceKlass org/apache/parquet/format/OffsetIndex$OffsetIndexTupleSchemeFactory
instanceKlass org/apache/parquet/format/OffsetIndex$OffsetIndexStandardSchemeFactory
instanceKlass org/apache/spark/sql/execution/datasources/parquet/ParquetColumnVector
instanceKlass org/apache/parquet/format/OffsetIndex
instanceKlass org/apache/spark/sql/types/DataTypes
instanceKlass org/apache/parquet/hadoop/ColumnIndexStoreImpl$IndexStoreImpl
instanceKlass org/apache/parquet/hadoop/ColumnIndexStoreImpl$1
instanceKlass org/apache/parquet/hadoop/ColumnIndexStoreImpl$IndexStore
instanceKlass org/apache/parquet/hadoop/ColumnIndexStoreImpl
instanceKlass org/apache/parquet/internal/filter2/columnindex/ColumnIndexStore
instanceKlass scala/collection/JavaConverters
instanceKlass org/apache/spark/sql/execution/datasources/parquet/ParquetColumn$
instanceKlass org/apache/spark/sql/execution/datasources/parquet/ParquetColumn
instanceKlass org/apache/parquet/io/RecordReader
instanceKlass org/apache/parquet/io/api/RecordConsumer
instanceKlass org/apache/parquet/io/ColumnIOFactory$ColumnIOCreatorVisitor
instanceKlass org/apache/parquet/io/ColumnIOFactory
instanceKlass org/apache/parquet/io/ColumnIO
instanceKlass org/apache/parquet/hadoop/api/ReadSupport$ReadContext
instanceKlass org/apache/parquet/filter2/bloomfilterlevel/BloomFilterImpl
instanceKlass org/apache/spark/sql/execution/datasources/parquet/ParquetSchemaConverter$
instanceKlass org/apache/parquet/hadoop/BloomFilterReader
instanceKlass org/apache/parquet/filter2/dictionarylevel/DictionaryFilter
instanceKlass org/apache/parquet/hadoop/DictionaryPageReader
instanceKlass org/apache/parquet/filter2/statisticslevel/StatisticsFilter
instanceKlass org/apache/parquet/filter2/predicate/PrimitiveToBoxedClass
instanceKlass org/apache/parquet/filter2/predicate/ValidTypeMap
instanceKlass org/apache/spark/sql/execution/datasources/parquet/SparkToParquetSchemaConverter
instanceKlass org/apache/parquet/filter2/predicate/Operators$SetColumnFilterPredicate
instanceKlass org/apache/parquet/filter2/predicate/SchemaCompatibilityValidator
instanceKlass org/apache/spark/sql/execution/datasources/parquet/SparkToParquetSchemaConverter$
instanceKlass org/apache/parquet/filter2/compat/RowGroupFilter
instanceKlass org/apache/parquet/filter2/compat/FilterCompat$Visitor
instanceKlass org/apache/parquet/filter2/compat/FilterCompat$FilterPredicateCompat
instanceKlass org/apache/parquet/filter2/predicate/LogicalInverseRewriter
instanceKlass org/apache/parquet/hadoop/api/InitContext
instanceKlass org/apache/parquet/io/api/RecordMaterializer
instanceKlass org/apache/spark/sql/execution/datasources/parquet/SpecificParquetRecordReaderBase$ParquetRowGroupReaderImpl
instanceKlass org/apache/parquet/io/api/Binary$1
instanceKlass org/apache/spark/sql/execution/datasources/RecordReaderIterator
instanceKlass org/apache/parquet/filter2/predicate/FilterPredicate$Visitor
instanceKlass org/apache/parquet/filter2/predicate/Operators
instanceKlass org/apache/spark/sql/execution/datasources/parquet/SpecificParquetRecordReaderBase$ParquetRowGroupReader
instanceKlass org/apache/hadoop/mapreduce/StatusReporter
instanceKlass org/apache/hadoop/mapreduce/TaskID$CharTaskTypeMaps
instanceKlass org/apache/parquet/filter2/predicate/Operators$BinaryLogicalFilterPredicate
instanceKlass org/apache/hadoop/mapreduce/ID
instanceKlass org/apache/parquet/filter2/predicate/Operators$UserDefined
instanceKlass org/apache/parquet/filter2/predicate/FilterApi
instanceKlass org/apache/parquet/filter2/predicate/SparkFilterApi
instanceKlass org/apache/parquet/filter2/predicate/Operators$ColumnFilterPredicate
instanceKlass org/apache/spark/sql/execution/datasources/parquet/ParquetFilters$ParquetSchemaType
instanceKlass org/apache/spark/sql/execution/datasources/parquet/ParquetFilters$ParquetPrimitiveField
instanceKlass org/apache/parquet/filter2/predicate/Operators$SupportsLtGt
instanceKlass org/apache/parquet/filter2/predicate/Operators$SupportsEqNotEq
instanceKlass org/apache/parquet/filter2/predicate/Operators$Column
instanceKlass org/apache/parquet/filter2/predicate/UserDefinedPredicate
instanceKlass org/apache/spark/sql/catalyst/util/RebaseDateTime$RebaseSpec
instanceKlass org/apache/spark/sql/package$
instanceKlass shaded/parquet/com/fasterxml/jackson/databind/ser/BeanSerializerModifier
instanceKlass shaded/parquet/com/fasterxml/jackson/databind/ser/Serializers
instanceKlass shaded/parquet/com/fasterxml/jackson/databind/cfg/SerializerFactoryConfig
instanceKlass shaded/parquet/com/fasterxml/jackson/databind/ser/std/StdJdkSerializers
instanceKlass shaded/parquet/com/fasterxml/jackson/databind/ser/std/NumberSerializers
instanceKlass shaded/parquet/com/fasterxml/jackson/databind/deser/DeserializerCache
instanceKlass shaded/parquet/com/fasterxml/jackson/databind/KeyDeserializer
instanceKlass shaded/parquet/com/fasterxml/jackson/databind/deser/std/StdKeyDeserializers
instanceKlass shaded/parquet/com/fasterxml/jackson/databind/deser/KeyDeserializers
instanceKlass shaded/parquet/com/fasterxml/jackson/databind/deser/ValueInstantiators
instanceKlass shaded/parquet/com/fasterxml/jackson/databind/AbstractTypeResolver
instanceKlass shaded/parquet/com/fasterxml/jackson/databind/deser/BeanDeserializerModifier
instanceKlass shaded/parquet/com/fasterxml/jackson/databind/cfg/DeserializerFactoryConfig
instanceKlass shaded/parquet/com/fasterxml/jackson/databind/PropertyName
instanceKlass shaded/parquet/com/fasterxml/jackson/databind/deser/Deserializers
instanceKlass shaded/parquet/com/fasterxml/jackson/annotation/ObjectIdGenerator
instanceKlass shaded/parquet/com/fasterxml/jackson/databind/deser/ValueInstantiator$Gettable
instanceKlass shaded/parquet/com/fasterxml/jackson/databind/deser/ResolvableDeserializer
instanceKlass shaded/parquet/com/fasterxml/jackson/databind/deser/ContextualDeserializer
instanceKlass shaded/parquet/com/fasterxml/jackson/databind/JsonDeserializer
instanceKlass shaded/parquet/com/fasterxml/jackson/databind/deser/NullValueProvider
instanceKlass shaded/parquet/com/fasterxml/jackson/databind/ser/SerializerCache
instanceKlass shaded/parquet/com/fasterxml/jackson/databind/ser/ResolvableSerializer
instanceKlass shaded/parquet/com/fasterxml/jackson/databind/ser/ContextualSerializer
instanceKlass shaded/parquet/com/fasterxml/jackson/databind/jsonschema/SchemaAware
instanceKlass shaded/parquet/com/fasterxml/jackson/databind/JsonSerializer
instanceKlass shaded/parquet/com/fasterxml/jackson/databind/jsonFormatVisitors/JsonFormatVisitable
instanceKlass shaded/parquet/com/fasterxml/jackson/databind/node/JsonNodeFactory
instanceKlass shaded/parquet/com/fasterxml/jackson/databind/node/JsonNodeCreator
instanceKlass shaded/parquet/com/fasterxml/jackson/databind/cfg/ContextAttributes
instanceKlass shaded/parquet/com/fasterxml/jackson/core/util/Separators
instanceKlass shaded/parquet/com/fasterxml/jackson/core/util/DefaultPrettyPrinter$NopIndenter
instanceKlass shaded/parquet/com/fasterxml/jackson/databind/cfg/ConfigFeature
instanceKlass shaded/parquet/com/fasterxml/jackson/databind/cfg/ConfigOverride
instanceKlass shaded/parquet/com/fasterxml/jackson/annotation/JsonFormat$Features
instanceKlass shaded/parquet/com/fasterxml/jackson/annotation/JsonFormat$Value
instanceKlass shaded/parquet/com/fasterxml/jackson/databind/cfg/CoercionConfig
instanceKlass shaded/parquet/com/fasterxml/jackson/databind/cfg/CoercionConfigs
instanceKlass shaded/parquet/com/fasterxml/jackson/databind/introspect/VisibilityChecker$Std
instanceKlass shaded/parquet/com/fasterxml/jackson/annotation/JsonSetter$Value
instanceKlass shaded/parquet/com/fasterxml/jackson/annotation/JsonInclude$Value
instanceKlass shaded/parquet/com/fasterxml/jackson/annotation/JacksonAnnotationValue
instanceKlass shaded/parquet/com/fasterxml/jackson/databind/cfg/ConfigOverrides
instanceKlass shaded/parquet/com/fasterxml/jackson/databind/introspect/AnnotatedClass$Creators
instanceKlass shaded/parquet/com/fasterxml/jackson/databind/introspect/AnnotationCollector$NoAnnotations
instanceKlass shaded/parquet/com/fasterxml/jackson/databind/util/Annotations
instanceKlass shaded/parquet/com/fasterxml/jackson/databind/introspect/AnnotationCollector
instanceKlass shaded/parquet/com/fasterxml/jackson/databind/introspect/AnnotatedClassResolver
instanceKlass shaded/parquet/com/fasterxml/jackson/databind/BeanDescription
instanceKlass shaded/parquet/com/fasterxml/jackson/databind/cfg/MapperConfig
instanceKlass shaded/parquet/com/fasterxml/jackson/databind/introspect/SimpleMixInResolver
instanceKlass shaded/parquet/com/fasterxml/jackson/databind/introspect/ClassIntrospector$MixInResolver
instanceKlass shaded/parquet/com/fasterxml/jackson/databind/util/RootNameLookup
instanceKlass shaded/parquet/com/fasterxml/jackson/core/sym/ByteQuadsCanonicalizer$TableInfo
instanceKlass shaded/parquet/com/fasterxml/jackson/core/sym/ByteQuadsCanonicalizer
instanceKlass shaded/parquet/com/fasterxml/jackson/core/sym/CharsToNameCanonicalizer$Bucket
instanceKlass shaded/parquet/com/fasterxml/jackson/core/sym/CharsToNameCanonicalizer$TableInfo
instanceKlass shaded/parquet/com/fasterxml/jackson/core/sym/CharsToNameCanonicalizer
instanceKlass shaded/parquet/com/fasterxml/jackson/core/io/CharTypes
instanceKlass shaded/parquet/com/fasterxml/jackson/core/io/JsonStringEncoder
instanceKlass shaded/parquet/com/fasterxml/jackson/core/io/SerializedString
instanceKlass shaded/parquet/com/fasterxml/jackson/core/util/DefaultPrettyPrinter$Indenter
instanceKlass shaded/parquet/com/fasterxml/jackson/core/util/DefaultPrettyPrinter
instanceKlass shaded/parquet/com/fasterxml/jackson/core/util/Instantiatable
instanceKlass shaded/parquet/com/fasterxml/jackson/core/PrettyPrinter
instanceKlass shaded/parquet/com/fasterxml/jackson/core/util/JacksonFeature
instanceKlass shaded/parquet/com/fasterxml/jackson/core/TSFBuilder
instanceKlass shaded/parquet/com/fasterxml/jackson/core/SerializableString
instanceKlass shaded/parquet/com/fasterxml/jackson/core/async/ByteArrayFeeder
instanceKlass shaded/parquet/com/fasterxml/jackson/core/async/NonBlockingInputFeeder
instanceKlass shaded/parquet/com/fasterxml/jackson/databind/introspect/AccessorNamingStrategy
instanceKlass shaded/parquet/com/fasterxml/jackson/core/Base64Variant
instanceKlass shaded/parquet/com/fasterxml/jackson/core/Base64Variants
instanceKlass shaded/parquet/com/fasterxml/jackson/databind/type/TypeBindings
instanceKlass shaded/parquet/com/fasterxml/jackson/databind/type/TypeParser
instanceKlass shaded/parquet/com/fasterxml/jackson/databind/type/TypeFactory
instanceKlass shaded/parquet/com/fasterxml/jackson/databind/cfg/BaseSettings
instanceKlass shaded/parquet/com/fasterxml/jackson/databind/util/LRUMap
instanceKlass shaded/parquet/com/fasterxml/jackson/databind/util/LookupCache
instanceKlass shaded/parquet/com/fasterxml/jackson/databind/util/ClassUtil$Ctor
instanceKlass shaded/parquet/com/fasterxml/jackson/databind/util/ClassUtil
instanceKlass shaded/parquet/com/fasterxml/jackson/databind/ext/Java7Support
instanceKlass shaded/parquet/com/fasterxml/jackson/annotation/JsonMerge
instanceKlass shaded/parquet/com/fasterxml/jackson/databind/annotation/JsonDeserialize
instanceKlass shaded/parquet/com/fasterxml/jackson/annotation/JsonManagedReference
instanceKlass shaded/parquet/com/fasterxml/jackson/annotation/JsonBackReference
instanceKlass shaded/parquet/com/fasterxml/jackson/annotation/JsonUnwrapped
instanceKlass shaded/parquet/com/fasterxml/jackson/annotation/JsonRawValue
instanceKlass shaded/parquet/com/fasterxml/jackson/annotation/JsonTypeInfo
instanceKlass shaded/parquet/com/fasterxml/jackson/annotation/JsonFormat
instanceKlass shaded/parquet/com/fasterxml/jackson/annotation/JsonView
instanceKlass shaded/parquet/com/fasterxml/jackson/databind/annotation/JsonSerialize
instanceKlass shaded/parquet/com/fasterxml/jackson/databind/introspect/ConcreteBeanPropertyBase
instanceKlass shaded/parquet/com/fasterxml/jackson/databind/BeanProperty
instanceKlass shaded/parquet/com/fasterxml/jackson/databind/introspect/BeanPropertyDefinition
instanceKlass shaded/parquet/com/fasterxml/jackson/databind/util/Named
instanceKlass shaded/parquet/com/fasterxml/jackson/databind/introspect/TypeResolutionContext
instanceKlass shaded/parquet/com/fasterxml/jackson/databind/introspect/Annotated
instanceKlass shaded/parquet/com/fasterxml/jackson/core/type/ResolvedType
instanceKlass shaded/parquet/com/fasterxml/jackson/databind/jsontype/TypeResolverBuilder
instanceKlass shaded/parquet/com/fasterxml/jackson/databind/Module$SetupContext
instanceKlass shaded/parquet/com/fasterxml/jackson/core/JsonGenerator
instanceKlass shaded/parquet/com/fasterxml/jackson/core/JsonParser
instanceKlass shaded/parquet/com/fasterxml/jackson/databind/JsonSerializable$Base
instanceKlass shaded/parquet/com/fasterxml/jackson/databind/JsonSerializable
instanceKlass shaded/parquet/com/fasterxml/jackson/core/TreeNode
instanceKlass shaded/parquet/com/fasterxml/jackson/databind/jsontype/PolymorphicTypeValidator
instanceKlass shaded/parquet/com/fasterxml/jackson/databind/introspect/AccessorNamingStrategy$Provider
instanceKlass shaded/parquet/com/fasterxml/jackson/databind/AnnotationIntrospector
instanceKlass shaded/parquet/com/fasterxml/jackson/databind/ser/SerializerFactory
instanceKlass shaded/parquet/com/fasterxml/jackson/databind/deser/DeserializerFactory
instanceKlass shaded/parquet/com/fasterxml/jackson/databind/jsontype/SubtypeResolver
instanceKlass shaded/parquet/com/fasterxml/jackson/core/TokenStreamFactory
instanceKlass shaded/parquet/com/fasterxml/jackson/databind/introspect/VisibilityChecker
instanceKlass shaded/parquet/com/fasterxml/jackson/databind/DatabindContext
instanceKlass shaded/parquet/com/fasterxml/jackson/databind/introspect/ClassIntrospector
instanceKlass shaded/parquet/com/fasterxml/jackson/core/TreeCodec
instanceKlass shaded/parquet/com/fasterxml/jackson/core/Versioned
instanceKlass org/apache/parquet/hadoop/metadata/ParquetMetadata
instanceKlass org/apache/parquet/internal/hadoop/metadata/IndexReference
instanceKlass org/apache/parquet/hadoop/metadata/ColumnChunkProperties
instanceKlass org/apache/parquet/hadoop/metadata/ColumnChunkMetaData
instanceKlass org/apache/parquet/schema/PrimitiveStringifier
instanceKlass org/apache/parquet/schema/PrimitiveComparator
instanceKlass org/apache/parquet/schema/PrimitiveType$PrimitiveTypeName$4$1
instanceKlass org/apache/parquet/VersionParser$ParsedVersion
instanceKlass org/apache/parquet/VersionParser
instanceKlass org/apache/parquet/Strings
instanceKlass org/apache/parquet/SemanticVersion$NumberOrString
instanceKlass org/apache/parquet/SemanticVersion$Prerelease
instanceKlass org/apache/parquet/SemanticVersion
instanceKlass org/apache/parquet/CorruptStatistics
instanceKlass org/apache/parquet/column/statistics/Statistics$1
instanceKlass org/apache/parquet/column/statistics/Statistics$Builder
instanceKlass org/apache/parquet/column/statistics/Statistics
instanceKlass org/apache/parquet/format/converter/ParquetMetadataConverter$2
instanceKlass org/apache/parquet/column/EncodingStats
instanceKlass org/apache/parquet/column/page/Page
instanceKlass org/apache/parquet/column/ColumnDescriptor
instanceKlass org/apache/parquet/column/values/RequiresPreviousReader
instanceKlass org/apache/parquet/column/values/ValuesReader
instanceKlass org/apache/parquet/column/Dictionary
instanceKlass org/apache/parquet/column/EncodingStats$Builder
instanceKlass org/apache/parquet/hadoop/metadata/Canonicalizer
instanceKlass org/apache/parquet/hadoop/metadata/ColumnPath
instanceKlass org/apache/parquet/hadoop/metadata/BlockMetaData
instanceKlass org/apache/parquet/schema/Types$BasePrimitiveBuilder$1
instanceKlass org/apache/parquet/schema/ColumnOrder
instanceKlass org/apache/parquet/io/api/Binary
instanceKlass org/apache/parquet/format/converter/ParquetMetadataConverter$4
instanceKlass org/apache/parquet/schema/Types
instanceKlass org/apache/parquet/format/converter/ParquetMetadataConverter$FileMetaDataAndRowGroupOffsetInfo
instanceKlass shaded/parquet/org/apache/thrift/TBaseHelper$NestedStructureComparator
instanceKlass shaded/parquet/org/apache/thrift/TBaseHelper
instanceKlass org/apache/parquet/format/ColumnOrder$1
instanceKlass org/apache/parquet/format/KeyValue$KeyValueTupleSchemeFactory
instanceKlass org/apache/parquet/format/KeyValue$KeyValueStandardSchemeFactory
instanceKlass org/apache/parquet/format/PageEncodingStats$PageEncodingStatsTupleSchemeFactory
instanceKlass org/apache/parquet/format/PageEncodingStats$PageEncodingStatsStandardSchemeFactory
instanceKlass org/apache/parquet/format/Statistics$StatisticsTupleSchemeFactory
instanceKlass org/apache/parquet/format/Statistics$StatisticsStandardSchemeFactory
instanceKlass org/apache/parquet/format/PageEncodingStats
instanceKlass org/apache/parquet/format/Statistics
instanceKlass org/apache/parquet/format/ColumnMetaData$ColumnMetaDataTupleSchemeFactory
instanceKlass org/apache/parquet/format/ColumnMetaData$ColumnMetaDataStandardSchemeFactory
instanceKlass org/apache/parquet/format/ColumnMetaData
instanceKlass org/apache/parquet/format/ColumnChunk$ColumnChunkTupleSchemeFactory
instanceKlass org/apache/parquet/format/ColumnChunk$ColumnChunkStandardSchemeFactory
instanceKlass org/apache/parquet/format/SortingColumn
instanceKlass org/apache/parquet/format/ColumnChunk
instanceKlass org/apache/parquet/format/RowGroup$RowGroupTupleSchemeFactory
instanceKlass org/apache/parquet/format/RowGroup$RowGroupStandardSchemeFactory
instanceKlass org/apache/parquet/format/ListType$ListTypeTupleSchemeFactory
instanceKlass org/apache/parquet/format/ListType$ListTypeStandardSchemeFactory
instanceKlass org/apache/parquet/format/MapType$MapTypeTupleSchemeFactory
instanceKlass org/apache/parquet/format/MapType$MapTypeStandardSchemeFactory
instanceKlass org/apache/parquet/format/StringType$StringTypeTupleSchemeFactory
instanceKlass org/apache/parquet/format/StringType$StringTypeStandardSchemeFactory
instanceKlass org/apache/parquet/format/LogicalType$1
instanceKlass org/apache/parquet/format/UUIDType
instanceKlass org/apache/parquet/format/BsonType
instanceKlass org/apache/parquet/format/JsonType
instanceKlass org/apache/parquet/format/NullType
instanceKlass org/apache/parquet/format/IntType
instanceKlass org/apache/parquet/format/TimestampType
instanceKlass org/apache/parquet/format/TimeType
instanceKlass org/apache/parquet/format/DateType
instanceKlass org/apache/parquet/format/DecimalType
instanceKlass org/apache/parquet/format/EnumType
instanceKlass org/apache/parquet/format/ListType
instanceKlass org/apache/parquet/format/MapType
instanceKlass org/apache/parquet/format/StringType
instanceKlass shaded/parquet/org/apache/thrift/TUnion$TUnionTupleSchemeFactory
instanceKlass shaded/parquet/org/apache/thrift/scheme/TupleScheme
instanceKlass shaded/parquet/org/apache/thrift/TUnion$TUnionStandardSchemeFactory
instanceKlass org/apache/parquet/format/SchemaElement$SchemaElementTupleSchemeFactory
instanceKlass org/apache/parquet/format/SchemaElement$SchemaElementStandardSchemeFactory
instanceKlass shaded/parquet/org/apache/thrift/protocol/TList
instanceKlass shaded/parquet/org/apache/thrift/EncodingUtils
instanceKlass shaded/parquet/org/apache/thrift/scheme/StandardScheme
instanceKlass shaded/parquet/org/apache/thrift/protocol/ShortStack
instanceKlass shaded/parquet/org/apache/thrift/TConfiguration$Builder
instanceKlass shaded/parquet/org/apache/thrift/TConfiguration
instanceKlass shaded/parquet/org/apache/thrift/TUnion
instanceKlass org/apache/parquet/format/KeyValue
instanceKlass org/apache/parquet/format/RowGroup
instanceKlass org/apache/parquet/format/SchemaElement
instanceKlass org/apache/parquet/format/FileMetaData$FileMetaDataTupleSchemeFactory
instanceKlass org/apache/parquet/format/FileMetaData$FileMetaDataStandardSchemeFactory
instanceKlass shaded/parquet/org/apache/thrift/protocol/TField
instanceKlass shaded/parquet/org/apache/thrift/meta_data/FieldValueMetaData
instanceKlass org/apache/parquet/format/FileMetaData
instanceKlass org/apache/parquet/format/Util$FileMetaDataConsumer
instanceKlass org/apache/parquet/format/event/FieldConsumer
instanceKlass org/apache/parquet/format/event/Consumers$Consumer
instanceKlass org/apache/parquet/format/event/TypedConsumer
instanceKlass org/apache/parquet/format/Util
instanceKlass org/apache/parquet/format/converter/ParquetMetadataConverter$3
instanceKlass org/apache/parquet/bytes/BytesUtils
instanceKlass org/apache/hadoop/fs/QuotaUsage$Builder
instanceKlass org/apache/parquet/hadoop/metadata/KeyValueMetadataMergeStrategy
instanceKlass org/apache/parquet/io/OutputFile
instanceKlass org/apache/parquet/hadoop/ParquetFileWriter$AlignmentStrategy
instanceKlass org/apache/parquet/hadoop/ParquetFileWriter
instanceKlass org/apache/hadoop/io/ByteBufferPool
instanceKlass org/apache/parquet/util/DynMethods$UnboundMethod
instanceKlass org/apache/parquet/util/DynMethods$Builder
instanceKlass org/apache/parquet/hadoop/util/HadoopStreams
instanceKlass org/apache/parquet/column/page/DictionaryPageReadStore
instanceKlass org/apache/parquet/column/values/bloomfilter/BloomFilter
instanceKlass org/apache/parquet/column/page/PageReadStore
instanceKlass org/apache/parquet/hadoop/ParquetFileReader
instanceKlass org/apache/parquet/hadoop/util/HadoopInputFile
instanceKlass org/apache/parquet/crypto/DecryptionPropertiesFactory
instanceKlass org/apache/parquet/Preconditions
instanceKlass org/apache/parquet/filter2/compat/FilterCompat$NoOpFilter
instanceKlass org/apache/parquet/filter2/compat/FilterCompat$Filter
instanceKlass org/apache/parquet/filter2/compat/FilterCompat
instanceKlass org/apache/parquet/hadoop/util/ConfigurationUtil
instanceKlass org/apache/parquet/filter/UnboundRecordFilter
instanceKlass org/apache/parquet/hadoop/util/SerializationUtil
instanceKlass org/apache/hadoop/mapreduce/lib/input/FileInputFormat$1
instanceKlass org/apache/parquet/hadoop/LruCache$Value
instanceKlass org/apache/hadoop/mapreduce/InputFormat
instanceKlass org/apache/parquet/hadoop/CodecFactory$BytesCompressor
instanceKlass org/apache/parquet/hadoop/CodecFactory$BytesDecompressor
instanceKlass org/apache/parquet/compression/CompressionCodecFactory$BytesInputCompressor
instanceKlass org/apache/parquet/compression/CompressionCodecFactory$BytesInputDecompressor
instanceKlass org/apache/parquet/hadoop/CodecFactory
instanceKlass org/apache/parquet/compression/CompressionCodecFactory
instanceKlass org/apache/parquet/hadoop/util/HadoopCodecs
instanceKlass org/apache/parquet/bytes/HeapByteBufferAllocator
instanceKlass org/apache/parquet/format/converter/ParquetMetadataConverter$ConvertedTypeConverterVisitor
instanceKlass org/apache/parquet/format/converter/ParquetMetadataConverter$LogicalTypeConverterVisitor
instanceKlass shaded/parquet/org/apache/thrift/meta_data/FieldMetaData
instanceKlass org/apache/parquet/format/TypeDefinedOrder$TypeDefinedOrderTupleSchemeFactory
instanceKlass shaded/parquet/org/apache/thrift/scheme/IScheme
instanceKlass org/apache/parquet/format/TypeDefinedOrder$TypeDefinedOrderStandardSchemeFactory
instanceKlass shaded/parquet/org/apache/thrift/protocol/TStruct
instanceKlass shaded/parquet/org/apache/thrift/TFieldIdEnum
instanceKlass shaded/parquet/org/apache/thrift/protocol/TProtocol
instanceKlass shaded/parquet/org/apache/thrift/transport/TTransport
instanceKlass shaded/parquet/org/apache/thrift/scheme/SchemeFactory
instanceKlass org/apache/parquet/format/TypeDefinedOrder
instanceKlass shaded/parquet/org/apache/thrift/TBase
instanceKlass shaded/parquet/org/apache/thrift/TSerializable
instanceKlass org/apache/parquet/format/converter/ParquetMetadataConverter$MetadataFilterVisitor
instanceKlass org/apache/parquet/schema/Types$Builder
instanceKlass org/apache/parquet/schema/LogicalTypeAnnotation$LogicalTypeAnnotationVisitor
instanceKlass org/apache/parquet/schema/TypeVisitor
instanceKlass org/apache/parquet/format/converter/ParquetMetadataConverter$MetadataFilter
instanceKlass org/apache/parquet/format/converter/ParquetMetadataConverter
instanceKlass java/io/ObjectOutputStream$PutField
instanceKlass org/apache/parquet/bytes/ByteBufferAllocator
instanceKlass org/apache/parquet/ParquetReadOptions$Builder
instanceKlass org/apache/parquet/ParquetReadOptions
instanceKlass org/apache/parquet/io/InputFile
instanceKlass org/apache/spark/sql/execution/datasources/parquet/ParquetFooterReader
instanceKlass org/apache/spark/rdd/UnionPartition
instanceKlass scala/collection/parallel/TaskSupport
instanceKlass scala/collection/parallel/Tasks
instanceKlass org/apache/spark/sql/execution/FileSourceScanExec$$anon$1
instanceKlass org/apache/spark/sql/execution/datasources/FileScanRDD$$anon$1
instanceKlass org/apache/hadoop/io/compress/ZStandardCodec
instanceKlass org/apache/hadoop/io/compress/SnappyCodec
instanceKlass org/apache/hadoop/io/compress/Lz4Codec
instanceKlass org/apache/hadoop/io/compress/Compressor
instanceKlass org/apache/hadoop/io/compress/Decompressor
instanceKlass org/apache/hadoop/io/compress/DirectDecompressor
instanceKlass org/apache/hadoop/io/compress/DefaultCodec
instanceKlass org/apache/hadoop/io/compress/DirectDecompressionCodec
instanceKlass org/apache/hadoop/io/compress/BZip2Codec
instanceKlass org/apache/hadoop/io/compress/SplittableCompressionCodec
instanceKlass org/apache/hadoop/io/compress/CompressionCodec
instanceKlass org/apache/spark/sql/execution/datasources/json/JsonDataSource
instanceKlass org/apache/spark/sql/execution/datasources/json/JsonDataSource$
instanceKlass org/apache/spark/sql/execution/datasources/FileFormat$$anon$1
instanceKlass org/apache/spark/sql/catalyst/util/DropMalformedMode$
instanceKlass org/apache/spark/sql/catalyst/util/ParseMode$
instanceKlass org/apache/spark/sql/execution/datasources/parquet/ParquetFilters
instanceKlass org/apache/parquet/filter2/predicate/FilterPredicate
instanceKlass org/apache/spark/sql/execution/datasources/parquet/ParquetToSparkSchemaConverter
instanceKlass org/apache/parquet/hadoop/Footer
instanceKlass org/apache/parquet/hadoop/metadata/FileMetaData
instanceKlass org/apache/hadoop/mapreduce/task/JobContextImpl
instanceKlass org/apache/spark/sql/execution/datasources/FilePartition
instanceKlass org/apache/spark/paths/SparkPath
instanceKlass org/apache/spark/paths/SparkPath$
instanceKlass org/apache/hadoop/fs/BlockLocation
instanceKlass org/apache/spark/sql/execution/PartitionedFileUtil$
instanceKlass org/apache/spark/sql/execution/datasources/FilePartition$
instanceKlass org/apache/spark/sql/execution/datasources/FileStatusWithMetadata
instanceKlass org/apache/spark/sql/execution/datasources/PartitionDirectory$
instanceKlass org/apache/spark/sql/execution/datasources/PartitionDirectory
instanceKlass shaded/parquet/org/apache/thrift/TEnum
instanceKlass org/apache/spark/sql/execution/datasources/parquet/ParquetOptions$
instanceKlass org/apache/spark/sql/execution/datasources/parquet/ParquetWriteSupport$
instanceKlass org/json4s/JsonListAssoc$
instanceKlass org/json4s/JsonDSL$
instanceKlass org/json4s/DoubleMode
instanceKlass org/json4s/JsonDSL
instanceKlass org/json4s/Implicits
instanceKlass org/json4s/JsonAssoc$
instanceKlass org/apache/parquet/schema/LogicalTypeAnnotation
instanceKlass org/apache/spark/sql/execution/datasources/parquet/ParquetReadSupport$
instanceKlass org/apache/spark/sql/execution/vectorized/Dictionary
instanceKlass org/apache/spark/sql/vectorized/ColumnVector
instanceKlass org/apache/spark/sql/catalyst/encoders/ExpressionEncoder$Deserializer
instanceKlass org/apache/spark/sql/catalyst/expressions/FileSourceConstantMetadataAttribute$
instanceKlass org/apache/spark/sql/catalyst/util/StringConcat$
instanceKlass org/apache/spark/sql/execution/datasources/parquet/ParentContainerUpdater
instanceKlass org/apache/parquet/schema/Type
instanceKlass org/apache/spark/sql/execution/datasources/parquet/ParquetUtils$
instanceKlass org/apache/spark/sql/execution/datasources/FileSourceStrategy$MetadataStructColumn$1$
instanceKlass org/apache/spark/sql/internal/connector/ExpressionWithToString
instanceKlass org/apache/spark/sql/connector/catalog/CatalogV2Implicits$MultipartIdentifierHelper
instanceKlass org/apache/spark/sql/execution/datasources/PushableColumnBase
instanceKlass org/apache/spark/sql/execution/datasources/PushableColumn$
instanceKlass org/apache/spark/sql/execution/datasources/DataSourceUtils$
instanceKlass org/apache/spark/sql/catalyst/expressions/GetStructFieldObject$
instanceKlass org/apache/spark/sql/delta/ScanWithDeletionVectors$
instanceKlass org/apache/spark/sql/catalyst/expressions/ProjectionOverSchema
instanceKlass org/apache/spark/sql/execution/datasources/CatalogFileIndex
instanceKlass org/apache/spark/sql/catalyst/expressions/SelectedField$
instanceKlass org/apache/spark/sql/catalyst/expressions/SchemaPruning$RootField
instanceKlass org/apache/spark/sql/catalyst/expressions/SchemaPruning$
instanceKlass org/apache/spark/sql/catalyst/expressions/objects/CatalystToExternalMap$
instanceKlass org/apache/spark/sql/types/NumericTypeExpression$
instanceKlass org/apache/spark/sql/catalyst/plans/logical/LocalRelation$
instanceKlass org/apache/spark/sql/catalyst/plans/logical/CatalystSerde$
instanceKlass org/apache/spark/sql/catalyst/expressions/NonNullLiteral$
instanceKlass org/apache/spark/sql/catalyst/expressions/ExtractValue$
instanceKlass org/apache/spark/sql/catalyst/plans/logical/Union$
instanceKlass org/antlr/v4/runtime/atn/LexerIndexedCustomAction
instanceKlass org/antlr/v4/runtime/atn/LexerActionExecutor
instanceKlass org/apache/spark/sql/delta/Snapshot$
instanceKlass org/apache/spark/sql/execution/datasources/parquet/ParquetFileFormat$
instanceKlass org/apache/spark/sql/execution/datasources/PartitionedFile
instanceKlass org/apache/spark/sql/execution/datasources/FileFormat$
instanceKlass org/apache/spark/sql/delta/RelationFileIndex$
instanceKlass org/apache/spark/sql/delta/DeltaTable$
instanceKlass org/apache/spark/sql/execution/datasources/LogicalRelation$
instanceKlass org/apache/spark/sql/execution/datasources/PartitioningUtils$
instanceKlass org/apache/spark/sql/delta/DeltaLogFileIndex
instanceKlass org/apache/parquet/hadoop/api/ReadSupport
instanceKlass org/apache/hadoop/mapred/InputSplitWithLocationInfo
instanceKlass org/apache/hadoop/mapred/InputSplit
instanceKlass org/apache/spark/sql/delta/DeltaLogFileIndex$
instanceKlass org/apache/spark/sql/delta/LazyCompleteCheckpointProvider
instanceKlass org/apache/spark/sql/delta/util/threads/CapturedSparkThreadLocals$
instanceKlass org/apache/spark/sql/delta/util/threads/SparkThreadLocalCapturingRunnable
instanceKlass org/apache/spark/sql/delta/util/threads/SparkThreadLocalCapturingHelper
instanceKlass org/apache/spark/sql/delta/util/threads/NonFateSharingFuture
instanceKlass org/apache/spark/sql/delta/util/threads/SparkThreadLocalForwardingThreadPoolExecutor$
instanceKlass org/apache/spark/sql/delta/util/threads/DeltaThreadPool
instanceKlass org/apache/spark/sql/delta/util/threads/DeltaThreadPool$
instanceKlass org/apache/spark/sql/delta/VersionChecksum
instanceKlass org/apache/spark/sql/delta/UninitializedV2CheckpointProvider
instanceKlass org/apache/spark/sql/delta/RemovableFeature
instanceKlass org/apache/spark/sql/delta/CheckpointProvider$
instanceKlass org/apache/spark/sql/catalyst/expressions/objects/MapObjects$
instanceKlass org/apache/spark/sql/catalyst/expressions/objects/LambdaVariable$
instanceKlass org/apache/spark/sql/catalyst/expressions/objects/ExternalMapToCatalyst$
instanceKlass org/apache/spark/sql/catalyst/SerializerBuildHelper$MapElementInformation
instanceKlass scala/collection/mutable/ArrayOps$ofBoolean$
instanceKlass scala/collection/mutable/ArrayOps$ofBoolean
instanceKlass org/apache/spark/sql/catalyst/encoders/AgnosticEncoders$
instanceKlass scala/collection/parallel/immutable/ParSet
instanceKlass scala/collection/parallel/ParSet
instanceKlass scala/collection/parallel/ParSetLike
instanceKlass scala/collection/parallel/immutable/package
instanceKlass scala/collection/parallel/package
instanceKlass scala/collection/generic/GenericClassTagCompanion
instanceKlass scala/collection/generic/package
instanceKlass org/apache/spark/sql/catalyst/encoders/OuterScopes$
instanceKlass scala/reflect/internal/tpe/TypeConstraints$UndoPair
instanceKlass org/apache/spark/sql/types/SQLUserDefinedType
instanceKlass org/apache/spark/sql/types/UDTRegistration$
instanceKlass org/apache/spark/sql/types/package
instanceKlass scala/reflect/internal/tpe/TypeConstraints$TypeConstraint
instanceKlass scala/reflect/internal/ReificationSupport$ReificationSupportImpl$FlagsRepr$
instanceKlass org/apache/spark/sql/catalyst/package
instanceKlass scala/reflect/internal/util/TriState$
instanceKlass org/apache/spark/sql/catalyst/ScalaSubtypeLock$
instanceKlass scala/reflect/internal/tpe/TypeConstraints$UndoLog
instanceKlass org/apache/spark/sql/execution/package
instanceKlass org/apache/spark/annotation/Unstable
instanceKlass org/apache/spark/annotation/package
instanceKlass org/apache/spark/sql/package
instanceKlass org/apache/spark/package
instanceKlass org/apache/spark/sql/catalyst/ScalaReflection$
instanceKlass org/apache/spark/sql/catalyst/ScalaReflection
instanceKlass scala/reflect/internal/transform/Erasure$GenericArray$
instanceKlass scala/reflect/internal/transform/UnCurry$DesugaredParameterType$
instanceKlass scala/runtime/LazyDouble
instanceKlass scala/runtime/LazyFloat
instanceKlass scala/runtime/LazyLong
instanceKlass scala/runtime/LazyChar
instanceKlass scala/runtime/LazyShort
instanceKlass scala/runtime/LazyByte
instanceKlass scala/runtime/LazyUnit
instanceKlass scala/runtime/VolatileDoubleRef
instanceKlass scala/runtime/VolatileFloatRef
instanceKlass scala/runtime/VolatileLongRef
instanceKlass scala/runtime/VolatileIntRef
instanceKlass scala/runtime/VolatileCharRef
instanceKlass scala/runtime/VolatileShortRef
instanceKlass scala/runtime/VolatileByteRef
instanceKlass scala/runtime/VolatileBooleanRef
instanceKlass scala/runtime/DoubleRef
instanceKlass scala/runtime/FloatRef
instanceKlass scala/runtime/CharRef
instanceKlass scala/runtime/ShortRef
instanceKlass scala/runtime/ByteRef
instanceKlass scala/languageFeature
instanceKlass scala/reflect/internal/util/ScalaClassLoader
instanceKlass scala/reflect/internal/MissingRequirementError$
instanceKlass java/lang/FunctionalInterface
instanceKlass scala/reflect/internal/annotations/package
instanceKlass java/lang/annotation/Repeatable
instanceKlass scala/runtime/VolatileObjectRef
instanceKlass scala/reflect/internal/Definitions$DefinitionsClass$MacroContextType$
instanceKlass scala/annotation/meta/package
instanceKlass scala/concurrent/package
instanceKlass scala/runtime/AbstractFunction22
instanceKlass scala/runtime/AbstractFunction21
instanceKlass scala/runtime/AbstractFunction20
instanceKlass scala/runtime/AbstractFunction19
instanceKlass scala/runtime/AbstractFunction18
instanceKlass scala/runtime/AbstractFunction17
instanceKlass scala/runtime/AbstractFunction16
instanceKlass scala/runtime/AbstractFunction15
instanceKlass scala/runtime/AbstractFunction14
instanceKlass scala/runtime/AbstractFunction13
instanceKlass scala/runtime/AbstractFunction12
instanceKlass scala/runtime/AbstractFunction10
instanceKlass scala/runtime/AbstractFunction9
instanceKlass scala/Function22
instanceKlass scala/Function21
instanceKlass scala/Function20
instanceKlass scala/Function19
instanceKlass scala/Function18
instanceKlass scala/Function17
instanceKlass scala/Function16
instanceKlass scala/Function15
instanceKlass scala/Function14
instanceKlass scala/Function13
instanceKlass scala/Function12
instanceKlass scala/Tuple22
instanceKlass scala/Tuple21
instanceKlass scala/Tuple20
instanceKlass scala/Tuple19
instanceKlass scala/Tuple18
instanceKlass scala/Tuple17
instanceKlass scala/Tuple16
instanceKlass scala/Tuple15
instanceKlass scala/Tuple14
instanceKlass scala/Tuple13
instanceKlass scala/Tuple12
instanceKlass scala/Tuple10
instanceKlass scala/Tuple9
instanceKlass scala/Tuple6
instanceKlass scala/reflect/internal/Definitions$ValueClassDefinitions$SymbolSet
instanceKlass scala/collection/package$
instanceKlass scala/Product22
instanceKlass scala/Product21
instanceKlass scala/Product20
instanceKlass scala/Product19
instanceKlass scala/Product18
instanceKlass scala/Product17
instanceKlass scala/Product16
instanceKlass scala/Product15
instanceKlass scala/Product14
instanceKlass scala/Product13
instanceKlass scala/Product12
instanceKlass scala/Product10
instanceKlass scala/Product9
instanceKlass scala/Product6
instanceKlass scala/reflect/internal/Definitions$DefinitionsClass$VarArityClass$
instanceKlass scala/Some$
instanceKlass scala/None
instanceKlass scala/reflect/macros/whitebox/Context
instanceKlass scala/reflect/macros/blackbox/Context
instanceKlass scala/reflect/macros/Internals
instanceKlass scala/reflect/macros/ExprUtils
instanceKlass scala/reflect/macros/Evals
instanceKlass scala/reflect/macros/Parsers
instanceKlass scala/reflect/macros/Typers
instanceKlass scala/reflect/macros/Infrastructure
instanceKlass scala/reflect/macros/FrontEnds
instanceKlass scala/reflect/macros/Reifiers
instanceKlass scala/reflect/macros/Names
instanceKlass scala/reflect/macros/Enclosures
instanceKlass scala/reflect/macros/Aliases
instanceKlass scala/reflect/macros/package
instanceKlass scala/reflect/api/TreeCreator
instanceKlass scala/reflect/NoManifest
instanceKlass scala/reflect/ManifestFactory
instanceKlass scala/reflect/runtime/package
instanceKlass scala/reflect/api/package
instanceKlass scala/annotation/ClassfileAnnotation
instanceKlass scala/reflect/ClassManifestFactory
instanceKlass scala/reflect/package
instanceKlass scala/xml/TopScope
instanceKlass scala/xml/package
instanceKlass scala/runtime/SymbolLiteral
instanceKlass scala/runtime/StructuralCallSite
instanceKlass scala/runtime/MethodCache
instanceKlass scala/reflect/internal/Types$substTypeMapCache$
instanceKlass scala/reflect/internal/tpe/TypeMaps$KeepOnlyTypeConstraints
instanceKlass scala/reflect/internal/tpe/TypeMaps$AnnotationFilter
instanceKlass scala/collection/immutable/Nil
instanceKlass java/rmi/Remote
instanceKlass scala/annotation/TypeConstraint
instanceKlass scala/DelayedInit
instanceKlass scala/math/package
instanceKlass scala/runtime/StringAdd
instanceKlass scala/UniquenessCache
instanceKlass scala/runtime/ScalaRunTime
instanceKlass scala/Predef
instanceKlass scala/sys/package
instanceKlass scala/Dynamic
instanceKlass java/lang/Throwable$SentinelHolder
instanceKlass scala/reflect/api/Exprs$Expr
instanceKlass scala/reflect/api/Exprs$Expr$
instanceKlass scala/reflect/api/Printers$BooleanFlag$
instanceKlass scala/reflect/api/Liftables$Unliftable
instanceKlass scala/reflect/api/Liftables$Unliftable$
instanceKlass scala/reflect/api/StandardLiftables$StandardUnliftableInstances
instanceKlass scala/reflect/api/Liftables$Liftable
instanceKlass scala/reflect/api/Liftables$Liftable$
instanceKlass scala/reflect/api/StandardLiftables$StandardLiftableInstances
instanceKlass scala/reflect/internal/tpe/TypeConstraints$TypeConstraint$
instanceKlass scala/reflect/internal/Types$TypeUnwrapper
instanceKlass scala/reflect/internal/Types$ErasedValueType$
instanceKlass scala/reflect/internal/Types$StaticallyAnnotatedType$
instanceKlass scala/reflect/internal/Types$UntouchableTypeVar
instanceKlass scala/reflect/internal/Types$TypeVar$
instanceKlass scala/reflect/internal/Types$ArrayTypeRef$
instanceKlass scala/reflect/internal/Types$HasTypeMember$
instanceKlass scala/reflect/internal/Types$CompoundType$
instanceKlass scala/reflect/internal/Kinds$inferKind$InferKind
instanceKlass scala/reflect/internal/Kinds$inferKind$
instanceKlass scala/reflect/internal/Kinds$TypeConKind$
instanceKlass scala/reflect/internal/Kinds$ProperTypeKind$
instanceKlass scala/reflect/internal/Kinds$Kind$
instanceKlass scala/reflect/internal/FlagSets$Flag$
instanceKlass scala/reflect/internal/Scopes$Scope$
instanceKlass scala/reflect/internal/Scopes$LookupNotFound$
instanceKlass scala/reflect/internal/Scopes$NameLookup
instanceKlass scala/reflect/internal/StdNames$binarynme$
instanceKlass scala/reflect/internal/AnnotationInfos$ThrownException$
instanceKlass scala/reflect/api/Trees$Traverser
instanceKlass scala/reflect/internal/Trees$MethodValue$
instanceKlass scala/reflect/internal/Trees$ValOrDefDef$
instanceKlass java/io/Console$2
instanceKlass jdk/internal/access/JavaIOAccess
instanceKlass scala/reflect/internal/TypeDebugging$typeDebug$
instanceKlass scala/reflect/internal/TypeDebugging$noPrint$
instanceKlass scala/reflect/internal/StdAttachments$KnownDirectSubclassesCalled$
instanceKlass scala/reflect/internal/StdAttachments$UseInvokeSpecial$
instanceKlass scala/reflect/internal/StdAttachments$OuterArgCanBeElided$
instanceKlass scala/reflect/internal/StdAttachments$InlineAnnotatedAttachment
instanceKlass scala/reflect/internal/StdAttachments$SyntheticUnitAttachment$
instanceKlass scala/reflect/internal/StdAttachments$ForAttachment$
instanceKlass scala/reflect/internal/StdAttachments$PatVarDefAttachment$
instanceKlass scala/reflect/internal/StdAttachments$NoWarnAttachment$
instanceKlass scala/reflect/internal/StdAttachments$AutoApplicationAttachment$
instanceKlass scala/reflect/internal/StdAttachments$InfixAttachment$
instanceKlass scala/reflect/internal/StdAttachments$PostfixAttachment$
instanceKlass scala/reflect/internal/StdAttachments$BackquotedIdentifierAttachment$
instanceKlass scala/reflect/internal/StdAttachments$DelambdafyTarget$
instanceKlass scala/reflect/internal/StdAttachments$PlainAttachment
instanceKlass scala/reflect/internal/StdAttachments$ImportableAttachment
instanceKlass scala/reflect/internal/FreshNames$FreshNameExtractor$
instanceKlass scala/reflect/internal/Internals$$anon$4
instanceKlass scala/reflect/api/Internals$CompatToken
instanceKlass scala/reflect/internal/Internals$$anon$2
instanceKlass scala/reflect/internal/SymbolTable$traceSymbols$
instanceKlass scala/reflect/internal/util/TraceSymbolActivity
instanceKlass scala/reflect/macros/Universe$MacroInternalApi$MacroDecoratorApi
instanceKlass scala/reflect/api/Internals$InternalApi$DecoratorApi
instanceKlass scala/reflect/runtime/JavaUniverse$$anon$4
instanceKlass scala/reflect/internal/Internals$SymbolTableInternal
instanceKlass scala/Short
instanceKlass scala/reflect/api/TypeTags$WeakTypeTagImpl
instanceKlass scala/reflect/api/TypeTags$TypeTag$
instanceKlass scala/reflect/api/TypeTags$WeakTypeTag$
instanceKlass scala/reflect/internal/StdNames$compactify$
instanceKlass scala/reflect/api/Trees$Transformer
instanceKlass jdk/internal/vm/annotation/DontInline
instanceKlass jdk/internal/vm/annotation/Hidden
instanceKlass jdk/internal/ValueBased
instanceKlass java/lang/invoke/LambdaForm$Compiled
instanceKlass java/lang/invoke/MethodHandleImpl$TableSwitchCacheKey
instanceKlass java/lang/invoke/MethodHandle$PolymorphicSignature
instanceKlass sun/reflect/generics/reflectiveObjects/GenericArrayTypeImpl
instanceKlass jdk/internal/vm/annotation/ForceInline
instanceKlass scala/Float
instanceKlass scala/Double
instanceKlass scala/Char
instanceKlass jdk/internal/vm/annotation/Stable
instanceKlass scala/Byte
instanceKlass scala/reflect/internal/StdNames$TermNames$raw$
instanceKlass scala/reflect/internal/util/package$
instanceKlass scala/Boolean
instanceKlass scala/Int
instanceKlass scala/Long
instanceKlass scala/annotation/Annotation
instanceKlass scala/reflect/internal/AnnotationInfos$AnnotationInfo$
instanceKlass scala/Unit
instanceKlass scala/reflect/runtime/JavaMirrors$JavaMirror$jMemberOps
instanceKlass scala/reflect/runtime/JavaMirrors$JavaMirror$RichClass
instanceKlass scala/reflect/runtime/ReflectionUtils$EnclosedIn
instanceKlass scala/reflect/runtime/ReflectionUtils$PrimitiveOrArray$
instanceKlass scala/reflect/internal/ClassfileConstants$FlagTranslation
instanceKlass scala/reflect/internal/JavaAccFlags$
instanceKlass scala/reflect/runtime/JavaMirrors$JavaMirror$jClassOps
instanceKlass scala/AnyVal
instanceKlass scala/Array
instanceKlass scala/reflect/internal/Types$GenPolyType$
instanceKlass scala/collection/package
instanceKlass scala/runtime/package
instanceKlass scala/annotation/StaticAnnotation
instanceKlass scala/reflect/internal/util/ThreeValues$
instanceKlass scala/reflect/runtime/TwoWayCaches$TwoWayCache$SomeRef$
instanceKlass jdk/internal/loader/BootLoader$PackageHelper
instanceKlass scala/ref/WeakReference$
instanceKlass scala/reflect/runtime/SynchronizedSymbols$SynchronizedMethodSymbol
instanceKlass sun/nio/cs/ThreadLocalCoders$Cache
instanceKlass sun/nio/cs/ThreadLocalCoders
instanceKlass scala/reflect/internal/pickling/PickleFormat$
instanceKlass scala/reflect/internal/pickling/PickleBuffer
instanceKlass scala/reflect/internal/pickling/UnPickler
instanceKlass scala/reflect/runtime/ReflectionUtils$
instanceKlass scala/reflect/internal/pickling/ByteCodecs$
instanceKlass scala/reflect/internal/Types$FlagAssigningCompleter
instanceKlass scala/package
instanceKlass scala/reflect/internal/Scopes$ScopeEntry
instanceKlass scala/reflect/runtime/ThreadLocalStorage$MyThreadLocalStorage
instanceKlass scala/reflect/internal/Types$AbstractTypeRef
instanceKlass scala/reflect/internal/Types$AliasTypeRef
instanceKlass scala/reflect/internal/Types$NonClassTypeRef
instanceKlass scala/reflect/runtime/SynchronizedSymbols$SynchronizedTermSymbol
instanceKlass scala/reflect/internal/util/AlmostFinalValue
instanceKlass scala/reflect/internal/util/StatisticsStatics
instanceKlass scala/reflect/internal/settings/MutableSettings$
instanceKlass scala/reflect/internal/settings/MutableSettings$SettingsOps$
instanceKlass scala/reflect/runtime/SynchronizedSymbols$SynchronizedModuleClassSymbol
instanceKlass scala/reflect/runtime/SynchronizedSymbols$SynchronizedClassSymbol
instanceKlass scala/reflect/runtime/SynchronizedSymbols$SynchronizedTypeSymbol
instanceKlass scala/ref/ReferenceWithWrapper
instanceKlass scala/reflect/runtime/HasJavaClass
instanceKlass scala/reflect/runtime/TwoWayCaches$TwoWayCache
instanceKlass scala/reflect/api/Mirrors$MethodMirror
instanceKlass scala/reflect/api/Mirrors$ClassMirror
instanceKlass scala/reflect/runtime/JavaMirrors$JavaClassCompleter
instanceKlass scala/reflect/internal/Types$FlagAgnosticCompleter
instanceKlass scala/reflect/api/Mirrors$InstanceMirror
instanceKlass scala/reflect/api/Mirrors$ModuleMirror
instanceKlass scala/reflect/api/Mirrors$TemplateMirror
instanceKlass scala/reflect/internal/Flags$MapFlags
instanceKlass scala/Function1$mcJJ$sp
instanceKlass scala/reflect/internal/ModifierFlags
instanceKlass scala/reflect/internal/Symbols$TypeHistory
instanceKlass scala/reflect/io/AbstractFile
instanceKlass scala/reflect/api/StandardDefinitions$DefinitionsApi$VarArityClassApi
instanceKlass scala/reflect/internal/Definitions$DefinitionsClass
instanceKlass scala/reflect/internal/Definitions$ValueClassDefinitions
instanceKlass scala/collection/mutable/SynchronizedMap
instanceKlass scala/reflect/internal/util/Statistics$TimerStack
instanceKlass scala/reflect/internal/util/Statistics$View
instanceKlass scala/reflect/internal/util/Statistics$Timer
instanceKlass scala/reflect/internal/util/package$StringContextStripMarginOps
instanceKlass scala/reflect/internal/util/StripMarginInterpolator
instanceKlass scala/reflect/internal/util/FreshNameCreator$
instanceKlass scala/reflect/internal/util/FreshNameCreator
instanceKlass scala/reflect/api/Internals$ReificationSupportApi$SyntacticTraitDefExtractor
instanceKlass scala/reflect/api/Internals$ReificationSupportApi$SyntacticClassDefExtractor
instanceKlass scala/reflect/api/Internals$ReificationSupportApi$SyntacticTypeProjectionExtractor
instanceKlass scala/reflect/api/Internals$ReificationSupportApi$SyntacticFunctionTypeExtractor
instanceKlass scala/reflect/api/Internals$ReificationSupportApi$SyntacticSelectTypeExtractor
instanceKlass scala/reflect/api/Internals$ReificationSupportApi$SyntacitcSingletonTypeExtractor
instanceKlass scala/reflect/api/Internals$ReificationSupportApi$SyntacticCompoundTypeExtractor
instanceKlass scala/reflect/api/Internals$ReificationSupportApi$SyntacticExistentialTypeExtractor
instanceKlass scala/reflect/api/Internals$ReificationSupportApi$SyntacticPackageObjectDefExtractor
instanceKlass scala/reflect/api/Internals$ReificationSupportApi$SyntacticPartialFunctionExtractor
instanceKlass scala/reflect/api/Internals$ReificationSupportApi$SyntacticAnnotatedTypeExtractor
instanceKlass scala/reflect/api/Internals$ReificationSupportApi$SyntacticSelectTermExtractor
instanceKlass scala/reflect/api/Internals$ReificationSupportApi$SyntacticEmptyTypeTreeExtractor
instanceKlass scala/reflect/api/Internals$ReificationSupportApi$SyntacticTypeAppliedExtractor
instanceKlass scala/reflect/api/Internals$ReificationSupportApi$UnliftListOfListsElementwise
instanceKlass scala/reflect/api/Internals$ReificationSupportApi$UnliftListElementwise
instanceKlass scala/reflect/api/Internals$ReificationSupportApi$SyntacticMatchExtractor
instanceKlass scala/reflect/api/Internals$ReificationSupportApi$SyntacticImportExtractor
instanceKlass scala/reflect/api/Internals$ReificationSupportApi$SyntacticTermIdentExtractor
instanceKlass scala/reflect/api/Internals$ReificationSupportApi$SyntacticTryExtractor
instanceKlass scala/reflect/api/Internals$ReificationSupportApi$SyntacticTypeIdentExtractor
instanceKlass scala/reflect/api/Internals$ReificationSupportApi$SyntacticFunctionExtractor
instanceKlass scala/reflect/api/Internals$ReificationSupportApi$FlagsReprExtractor
instanceKlass scala/reflect/api/Internals$ReificationSupportApi$SyntacticFilterExtractor
instanceKlass scala/reflect/api/Internals$ReificationSupportApi$SyntacticDefDefExtractor
instanceKlass scala/reflect/api/Internals$ReificationSupportApi$SyntacticNewExtractor
instanceKlass scala/reflect/api/Internals$ReificationSupportApi$SyntacticAppliedExtractor
instanceKlass scala/reflect/api/Internals$ReificationSupportApi$SyntacticForExtractor
instanceKlass scala/reflect/api/Internals$ReificationSupportApi$SyntacticValFromExtractor
instanceKlass scala/reflect/api/Internals$ReificationSupportApi$SyntacticTupleExtractor
instanceKlass scala/reflect/api/Internals$ReificationSupportApi$ImplicitParamsExtractor
instanceKlass scala/reflect/api/Internals$ReificationSupportApi$SyntacticObjectDefExtractor
instanceKlass scala/reflect/api/Internals$ReificationSupportApi$SyntacticValEqExtractor
instanceKlass scala/reflect/api/Internals$ReificationSupportApi$SyntacticAssignExtractor
instanceKlass scala/reflect/api/Internals$ReificationSupportApi$SyntacticPatDefExtractor
instanceKlass scala/reflect/api/Internals$ReificationSupportApi$SyntacticValDefExtractor
instanceKlass scala/reflect/api/Internals$ReificationSupportApi$ScalaDotExtractor
instanceKlass scala/reflect/api/Internals$ReificationSupportApi$SyntacticBlockExtractor
instanceKlass scala/reflect/internal/ReificationSupport$ReificationSupportImpl
instanceKlass scala/reflect/internal/Positions$WrappingPosAccumulator
instanceKlass scala/reflect/internal/Positions$SetChildrenPosAccumulator
instanceKlass scala/reflect/internal/Positions$$anon$1
instanceKlass scala/reflect/internal/util/SourceFile
instanceKlass scala/reflect/internal/Trees$ImportSelector
instanceKlass scala/reflect/internal/Trees$OnlyChildAccumulator
instanceKlass scala/reflect/internal/Names$NameOps
instanceKlass scala/reflect/internal/StdNames$JavaKeywords
instanceKlass scala/reflect/internal/StdNames$KeywordSetBuilder
instanceKlass scala/reflect/internal/StdNames$CommonNames
instanceKlass scala/reflect/internal/transform/Transforms$$anon$3
instanceKlass scala/reflect/internal/transform/PostErasure
instanceKlass scala/reflect/internal/transform/Transforms$$anon$2
instanceKlass scala/reflect/internal/transform/Erasure
instanceKlass scala/reflect/internal/transform/Transforms$$anon$1
instanceKlass scala/reflect/internal/transform/UnCurry
instanceKlass scala/reflect/internal/transform/Transforms$Lazy
instanceKlass scala/reflect/internal/Kinds$KindErrors
instanceKlass scala/reflect/internal/Variance$Extractor
instanceKlass scala/reflect/internal/Variances$varianceInType
instanceKlass scala/reflect/api/Types$ThisTypeApi
instanceKlass scala/reflect/api/Types$SuperTypeApi
instanceKlass scala/reflect/api/Types$SingleTypeApi
instanceKlass scala/reflect/internal/Variance$
instanceKlass scala/reflect/internal/AnnotationInfos$AnnotationInfo
instanceKlass scala/reflect/api/Types$BoundedWildcardTypeApi
instanceKlass scala/reflect/internal/tpe/FindMembers$FindMemberBase
instanceKlass scala/reflect/internal/util/ReusableInstance
instanceKlass scala/reflect/internal/Depth$
instanceKlass scala/reflect/runtime/Settings$IntSetting
instanceKlass scala/reflect/runtime/Settings$BooleanSetting
instanceKlass scala/reflect/runtime/Settings$Setting
instanceKlass scala/reflect/internal/settings/MutableSettings$SettingValue
instanceKlass scala/reflect/internal/settings/AbsSettings$AbsSettingValue
instanceKlass scala/reflect/internal/Symbols$SymbolOps
instanceKlass scala/reflect/api/Internals$FreeTypeSymbolApi
instanceKlass scala/reflect/api/Internals$FreeTermSymbolApi
instanceKlass scala/reflect/internal/Symbols$FreeSymbol
instanceKlass scala/reflect/internal/util/JavaClearable
instanceKlass scala/reflect/internal/SymbolTable$perRunCaches$
instanceKlass scala/reflect/api/Trees$AppliedTypeTreeApi
instanceKlass scala/reflect/api/Trees$AnnotatedApi
instanceKlass scala/reflect/api/Trees$CompoundTypeTreeApi
instanceKlass scala/reflect/api/Trees$ReturnApi
instanceKlass scala/reflect/api/Trees$SelectFromTypeTreeApi
instanceKlass scala/reflect/api/Trees$SingletonTypeTreeApi
instanceKlass scala/reflect/api/Trees$ThisApi
instanceKlass scala/reflect/api/Trees$AssignApi
instanceKlass scala/reflect/api/Trees$TypeApplyApi
instanceKlass scala/reflect/api/Trees$AssignOrNamedArgApi
instanceKlass scala/reflect/api/Trees$ClassDefApi
instanceKlass scala/reflect/api/Trees$ImportApi
instanceKlass scala/reflect/api/Trees$PackageDefApi
instanceKlass scala/reflect/api/Trees$AlternativeApi
instanceKlass scala/reflect/api/Trees$LabelDefApi
instanceKlass scala/reflect/api/Trees$StarApi
instanceKlass scala/reflect/api/Trees$UnApplyApi
instanceKlass scala/reflect/api/Trees$FunctionApi
instanceKlass scala/reflect/api/Trees$ExistentialTypeTreeApi
instanceKlass scala/reflect/api/Trees$IfApi
instanceKlass scala/reflect/api/Trees$MatchApi
instanceKlass scala/reflect/api/Trees$TypedApi
instanceKlass scala/reflect/internal/Reporting$PerRunReportingBase
instanceKlass scala/reflect/internal/Reporting$RunReporting
instanceKlass scala/reflect/internal/TreeInfo
instanceKlass scala/reflect/api/Mirror
instanceKlass scala/reflect/api/Trees$TreeCopierOps
instanceKlass scala/reflect/api/JavaUniverse$JavaMirror
instanceKlass scala/reflect/api/Mirrors$RuntimeMirror
instanceKlass scala/reflect/api/Mirrors$ReflectiveMirror
instanceKlass scala/reflect/internal/settings/MutableSettings
instanceKlass scala/reflect/internal/settings/AbsSettings
instanceKlass scala/reflect/internal/SymbolTable$ReflectStats
instanceKlass scala/reflect/internal/ScopeStats
instanceKlass scala/reflect/internal/SymbolsStats
instanceKlass scala/reflect/internal/TreesStats
instanceKlass scala/reflect/internal/SymbolTableStats
instanceKlass scala/reflect/internal/TypesStats
instanceKlass scala/reflect/internal/BaseTypeSeqsStats
instanceKlass scala/reflect/internal/util/Statistics
instanceKlass scala/reflect/internal/Reporter
instanceKlass scala/reflect/runtime/SynchronizedOps$SynchronizedBaseTypeSeq
instanceKlass scala/reflect/internal/BaseTypeSeqs$BaseTypeSeq
instanceKlass scala/reflect/runtime/SynchronizedOps$SynchronizedScope
instanceKlass scala/reflect/runtime/SynchronizedSymbols$SynchronizedSymbol
instanceKlass scala/reflect/runtime/ThreadLocalStorage$ThreadLocalStorage
instanceKlass scala/reflect/internal/Mirrors$Roots$RootSymbol
instanceKlass scala/reflect/internal/Mirrors$RootSymbol
instanceKlass scala/reflect/internal/Mirrors$Roots$WellKnownSymbol
instanceKlass scala/reflect/api/Types$NullaryMethodTypeExtractor
instanceKlass scala/reflect/api/Types$AnnotatedTypeExtractor
instanceKlass scala/reflect/api/Types$MethodTypeExtractor
instanceKlass scala/reflect/api/Types$ExistentialTypeExtractor
instanceKlass scala/reflect/api/Types$PolyTypeExtractor
instanceKlass scala/reflect/api/Types$ConstantTypeExtractor
instanceKlass scala/reflect/api/Types$RefinedTypeExtractor
instanceKlass scala/reflect/api/Types$TypeBoundsExtractor
instanceKlass scala/reflect/api/FlagSets$FlagValues
instanceKlass scala/reflect/api/Types$SuperTypeExtractor
instanceKlass scala/reflect/api/Trees$TypeTreeExtractor
instanceKlass scala/reflect/api/Trees$TypeBoundsTreeExtractor
instanceKlass scala/reflect/api/Trees$ThrowApi
instanceKlass scala/reflect/api/Trees$ThrowExtractor
instanceKlass scala/reflect/api/Trees$IdentExtractor
instanceKlass scala/reflect/api/Trees$SuperExtractor
instanceKlass scala/reflect/api/Trees$AppliedTypeTreeExtractor
instanceKlass scala/reflect/api/Trees$AnnotatedExtractor
instanceKlass scala/reflect/api/Trees$CompoundTypeTreeExtractor
instanceKlass scala/reflect/api/Trees$ReturnExtractor
instanceKlass scala/reflect/api/Trees$SelectFromTypeTreeExtractor
instanceKlass scala/reflect/api/Trees$NewExtractor
instanceKlass scala/reflect/api/Trees$SingletonTypeTreeExtractor
instanceKlass scala/reflect/api/Internals$ReferenceToBoxedExtractor
instanceKlass scala/reflect/api/Trees$ThisExtractor
instanceKlass scala/reflect/api/Trees$AssignExtractor
instanceKlass scala/reflect/api/Trees$TryApi
instanceKlass scala/reflect/api/Trees$TryExtractor
instanceKlass scala/reflect/api/Trees$TypeApplyExtractor
instanceKlass scala/reflect/api/Trees$ApplyExtractor
instanceKlass scala/reflect/api/Trees$AssignOrNamedArgExtractor
instanceKlass scala/reflect/api/Annotations$LiteralArgumentExtractor
instanceKlass scala/reflect/api/Annotations$NestedArgumentExtractor
instanceKlass scala/reflect/api/Annotations$ArrayArgumentExtractor
instanceKlass scala/reflect/api/Types$ClassInfoTypeExtractor
instanceKlass scala/reflect/api/Names$TermNameExtractor
instanceKlass scala/reflect/api/Names$TypeNameExtractor
instanceKlass scala/reflect/api/StandardNames$TermNamesApi
instanceKlass scala/reflect/api/Constants$ConstantExtractor
instanceKlass scala/reflect/api/Trees$BindExtractor
instanceKlass scala/reflect/api/Trees$BindApi
instanceKlass scala/reflect/api/Trees$ClassDefExtractor
instanceKlass scala/reflect/api/Trees$ModuleDefExtractor
instanceKlass scala/reflect/api/Trees$CaseDefExtractor
instanceKlass scala/reflect/api/Trees$CaseDefApi
instanceKlass scala/reflect/api/Trees$ImportExtractor
instanceKlass scala/reflect/api/Trees$ImportSelectorExtractor
instanceKlass scala/reflect/api/Trees$PackageDefExtractor
instanceKlass scala/reflect/api/Trees$RefTreeExtractor
instanceKlass scala/reflect/api/Trees$AlternativeExtractor
instanceKlass scala/reflect/api/Trees$TemplateExtractor
instanceKlass scala/reflect/api/Trees$DefDefExtractor
instanceKlass scala/reflect/api/Trees$ValDefExtractor
instanceKlass scala/reflect/api/Trees$LabelDefExtractor
instanceKlass scala/reflect/api/Trees$StarExtractor
instanceKlass scala/reflect/api/Trees$TypeDefExtractor
instanceKlass scala/reflect/api/Trees$UnApplyExtractor
instanceKlass scala/reflect/api/Annotations$AnnotationApi
instanceKlass scala/reflect/api/Trees$BlockApi
instanceKlass scala/reflect/api/Trees$BlockExtractor
instanceKlass scala/reflect/api/Trees$FunctionExtractor
instanceKlass scala/reflect/api/Types$ThisTypeExtractor
instanceKlass scala/reflect/api/Annotations$AnnotationExtractor
instanceKlass scala/reflect/api/Types$TypeRefExtractor
instanceKlass scala/reflect/api/Types$SingleTypeExtractor
instanceKlass scala/reflect/api/Types$BoundedWildcardTypeExtractor
instanceKlass scala/reflect/api/Trees$ExistentialTypeTreeExtractor
instanceKlass scala/reflect/api/Trees$ModifiersExtractor
instanceKlass scala/reflect/api/Trees$IfExtractor
instanceKlass scala/reflect/api/Trees$LiteralExtractor
instanceKlass scala/reflect/api/Trees$SelectExtractor
instanceKlass scala/reflect/api/StandardDefinitions$DefinitionsApi
instanceKlass scala/reflect/api/StandardDefinitions$StandardTypes
instanceKlass scala/reflect/api/Trees$MatchExtractor
instanceKlass scala/reflect/api/Trees$TypedExtractor
instanceKlass scala/reflect/api/Internals$ReificationSupportApi
instanceKlass scala/reflect/internal/InfoTransformers$InfoTransformer
instanceKlass scala/reflect/internal/Phase
instanceKlass scala/reflect/internal/TreeGen
instanceKlass scala/reflect/api/StandardNames$TypeNamesApi
instanceKlass scala/reflect/api/StandardNames$NamesApi
instanceKlass scala/reflect/macros/Universe$TreeGen
instanceKlass scala/reflect/macros/Universe$MacroInternalApi
instanceKlass scala/reflect/api/Internals$InternalApi
instanceKlass scala/reflect/macros/Universe$MacroCompatApi
instanceKlass scala/reflect/api/Internals$CompatApi
instanceKlass scala/reflect/api/Internals$ReferenceToBoxedApi
instanceKlass scala/reflect/internal/Positions$PosAssigner
instanceKlass scala/reflect/internal/Printers$TreePrinter
instanceKlass scala/reflect/api/Printers$TreePrinter
instanceKlass scala/reflect/api/Trees$TypeBoundsTreeApi
instanceKlass scala/reflect/api/Trees$SuperApi
instanceKlass scala/reflect/api/Trees$ModuleDefApi
instanceKlass scala/reflect/api/Trees$ImplDefApi
instanceKlass scala/reflect/api/Trees$TypeDefApi
instanceKlass scala/reflect/api/Trees$DefDefApi
instanceKlass scala/reflect/api/Trees$LiteralApi
instanceKlass scala/reflect/api/Constants$ConstantApi
instanceKlass scala/reflect/api/Trees$ValDefApi
instanceKlass scala/reflect/api/Trees$ValOrDefDefApi
instanceKlass scala/reflect/api/Trees$MemberDefApi
instanceKlass scala/reflect/api/Trees$DefTreeApi
instanceKlass scala/reflect/api/Trees$TemplateApi
instanceKlass scala/reflect/api/Trees$ModifiersApi
instanceKlass scala/reflect/api/Trees$ImportSelectorApi
instanceKlass scala/reflect/api/Trees$SelectApi
instanceKlass scala/reflect/api/Trees$NewApi
instanceKlass scala/reflect/api/Trees$TypeTreeApi
instanceKlass scala/reflect/internal/Trees$TypTree
instanceKlass scala/reflect/api/Trees$TypTreeApi
instanceKlass scala/reflect/api/Annotations$NestedArgumentApi
instanceKlass scala/reflect/api/Annotations$ArrayArgumentApi
instanceKlass scala/reflect/api/Annotations$LiteralArgumentApi
instanceKlass scala/reflect/internal/AnnotationInfos$ClassfileAnnotArg
instanceKlass scala/reflect/api/Annotations$JavaArgumentApi
instanceKlass scala/reflect/internal/Trees$CannotHaveAttrs
instanceKlass scala/reflect/internal/Trees$TermTree
instanceKlass scala/reflect/api/Trees$ApplyApi
instanceKlass scala/reflect/api/Trees$GenericApplyApi
instanceKlass scala/reflect/api/Trees$TermTreeApi
instanceKlass scala/reflect/api/Trees$IdentApi
instanceKlass scala/reflect/internal/Trees$RefTree
instanceKlass scala/reflect/api/Trees$RefTreeApi
instanceKlass scala/reflect/api/Trees$SymTreeApi
instanceKlass scala/reflect/internal/Trees$NameTree
instanceKlass scala/reflect/api/Trees$NameTreeApi
instanceKlass scala/reflect/internal/Trees$TreeContextApiImpl
instanceKlass scala/reflect/api/Trees$TreeApi
instanceKlass scala/reflect/api/Types$ConstantTypeApi
instanceKlass scala/reflect/internal/StdNames$SymbolNames
instanceKlass scala/reflect/api/Types$ClassInfoTypeApi
instanceKlass scala/reflect/api/Symbols$MethodSymbolApi
instanceKlass scala/reflect/macros/Attachments
instanceKlass scala/reflect/internal/util/DeprecatedPosition
instanceKlass scala/reflect/internal/util/InternalPositionImpl
instanceKlass scala/reflect/api/Position
instanceKlass scala/reflect/internal/Scopes$Scope
instanceKlass scala/reflect/api/Scopes$MemberScopeApi
instanceKlass scala/reflect/api/Scopes$ScopeApi
instanceKlass scala/reflect/api/FlagSets$FlagOps
instanceKlass scala/reflect/api/Types$RefinedTypeApi
instanceKlass scala/reflect/api/Types$CompoundTypeApi
instanceKlass scala/reflect/internal/util/Statistics$SubQuantity
instanceKlass scala/reflect/internal/util/Statistics$Counter
instanceKlass scala/reflect/internal/util/Statistics$Quantity
instanceKlass scala/reflect/api/Types$ExistentialTypeApi
instanceKlass scala/reflect/api/Types$AnnotatedTypeApi
instanceKlass scala/reflect/internal/Types$RewrappingTypeProxy
instanceKlass scala/reflect/internal/tpe/TypeMaps$TypeMap
instanceKlass scala/reflect/api/Types$TypeBoundsApi
instanceKlass scala/reflect/api/Types$NullaryMethodTypeApi
instanceKlass scala/reflect/api/Types$MethodTypeApi
instanceKlass scala/reflect/api/Types$PolyTypeApi
instanceKlass scala/reflect/api/Types$SingletonTypeApi
instanceKlass scala/reflect/internal/Types$SimpleTypeProxy
instanceKlass scala/reflect/api/Types$TypeRefApi
instanceKlass scala/reflect/api/Types$TypeApi
instanceKlass scala/reflect/internal/Symbols$StubSymbol
instanceKlass scala/reflect/api/Symbols$ClassSymbolApi
instanceKlass scala/reflect/api/Symbols$TypeSymbolApi
instanceKlass scala/reflect/api/Symbols$ModuleSymbolApi
instanceKlass scala/reflect/api/Symbols$TermSymbolApi
instanceKlass scala/reflect/internal/Symbols$SymbolContextApiImpl
instanceKlass scala/reflect/api/Symbols$SymbolApi
instanceKlass scala/reflect/internal/StdAttachments$Attachable
instanceKlass scala/reflect/internal/AnnotationInfos$Annotatable
instanceKlass scala/reflect/internal/HasFlags
instanceKlass scala/reflect/api/Names$TypeNameApi
instanceKlass scala/reflect/api/Names$TermNameApi
instanceKlass scala/reflect/api/Names$NameApi
instanceKlass scala/reflect/internal/Names$NameHasIsEmpty
instanceKlass scala/reflect/api/Universe
instanceKlass scala/reflect/api/Quasiquotes
instanceKlass scala/reflect/api/Liftables
instanceKlass scala/reflect/api/StandardLiftables
instanceKlass scala/reflect/api/StandardNames
instanceKlass scala/reflect/api/ImplicitTags
instanceKlass scala/reflect/api/TypeTags
instanceKlass scala/reflect/api/Exprs
instanceKlass scala/reflect/internal/Reporting
instanceKlass scala/reflect/internal/Internals
instanceKlass scala/reflect/api/Internals
instanceKlass scala/reflect/internal/FreshNames
instanceKlass scala/reflect/internal/pickling/Translations
instanceKlass scala/reflect/internal/PrivateWithin
instanceKlass scala/reflect/internal/ReificationSupport
instanceKlass scala/reflect/internal/StdCreators
instanceKlass scala/reflect/internal/StdAttachments
instanceKlass scala/reflect/internal/CapturedVariables
instanceKlass scala/reflect/internal/Importers
instanceKlass scala/reflect/internal/TypeDebugging
instanceKlass scala/reflect/internal/Positions
instanceKlass scala/reflect/api/Positions
instanceKlass scala/reflect/internal/Printers
instanceKlass scala/reflect/api/Printers
instanceKlass scala/reflect/internal/Trees
instanceKlass scala/reflect/api/Trees
instanceKlass scala/reflect/internal/AnnotationCheckers
instanceKlass scala/reflect/internal/AnnotationInfos
instanceKlass scala/reflect/api/Annotations
instanceKlass scala/reflect/internal/StdNames
instanceKlass scala/reflect/internal/transform/Transforms
instanceKlass scala/reflect/internal/InfoTransformers
instanceKlass scala/reflect/internal/BaseTypeSeqs
instanceKlass scala/reflect/internal/Constants
instanceKlass scala/reflect/api/Constants
instanceKlass scala/reflect/internal/Definitions
instanceKlass scala/reflect/api/StandardDefinitions
instanceKlass scala/reflect/internal/Mirrors
instanceKlass scala/reflect/api/Mirrors
instanceKlass scala/reflect/internal/Scopes
instanceKlass scala/reflect/api/Scopes
instanceKlass scala/reflect/internal/FlagSets
instanceKlass scala/reflect/api/FlagSets
instanceKlass scala/reflect/internal/ExistentialsAndSkolems
instanceKlass scala/reflect/internal/Kinds
instanceKlass scala/reflect/internal/Variances
instanceKlass scala/reflect/internal/Names
instanceKlass scala/reflect/api/Names
instanceKlass scala/reflect/runtime/SymbolTable
instanceKlass scala/reflect/runtime/ThreadLocalStorage
instanceKlass scala/reflect/runtime/Gil
instanceKlass scala/reflect/runtime/SynchronizedOps
instanceKlass scala/reflect/runtime/SynchronizedTypes
instanceKlass scala/reflect/internal/Types
instanceKlass scala/reflect/internal/util/Collections
instanceKlass scala/reflect/internal/tpe/FindMembers
instanceKlass scala/reflect/internal/tpe/TypeConstraints
instanceKlass scala/reflect/internal/tpe/TypeMaps
instanceKlass scala/reflect/internal/tpe/GlbLubs
instanceKlass scala/reflect/internal/tpe/CommonOwners
instanceKlass scala/reflect/internal/tpe/TypeToStrings
instanceKlass scala/reflect/internal/tpe/TypeComparers
instanceKlass scala/reflect/api/Types
instanceKlass scala/reflect/runtime/SynchronizedSymbols
instanceKlass scala/reflect/internal/Symbols
instanceKlass scala/reflect/api/Symbols
instanceKlass scala/reflect/runtime/SymbolLoaders
instanceKlass scala/reflect/runtime/JavaMirrors
instanceKlass scala/reflect/runtime/TwoWayCaches
instanceKlass scala/reflect/runtime/ReflectSetup
instanceKlass scala/reflect/runtime/JavaUniverseForce
instanceKlass scala/reflect/api/JavaUniverse
instanceKlass scala/reflect/runtime/package$
instanceKlass org/apache/spark/sql/delta/actions/TableFeatureProtocolUtils$
instanceKlass org/apache/spark/sql/delta/actions/Action$
instanceKlass org/apache/spark/sql/delta/managedcommit/CommitOwnerBuilder
instanceKlass org/apache/spark/sql/delta/managedcommit/CommitOwnerProvider$
instanceKlass com/fasterxml/jackson/databind/ser/std/NumberSerializers$1
instanceKlass com/fasterxml/jackson/databind/ser/std/MapSerializer$1
instanceKlass com/fasterxml/jackson/databind/ser/std/StdKeySerializers
instanceKlass com/fasterxml/jackson/databind/ser/BasicSerializerFactory$1
instanceKlass com/fasterxml/jackson/databind/util/StdConverter
instanceKlass org/apache/spark/sql/delta/actions/LogReplay
instanceKlass org/apache/spark/sql/delta/ReaderWriterFeatureType
instanceKlass org/apache/spark/sql/delta/FeatureAutomaticallyEnabledByMetadata
instanceKlass org/apache/spark/sql/delta/LogSegment
instanceKlass org/apache/spark/sql/delta/EmptyCheckpointProvider$
instanceKlass org/apache/spark/sql/delta/CheckpointProvider
instanceKlass org/apache/spark/sql/delta/LogSegment$
instanceKlass org/apache/spark/sql/delta/V2Checkpoint$Format
instanceKlass org/apache/spark/sql/delta/UninitializedV1OrV2ParquetCheckpointProvider
instanceKlass org/apache/spark/sql/delta/UninitializedV2LikeCheckpointProvider
instanceKlass org/apache/spark/sql/delta/SnapshotManagement$
instanceKlass scala/math/Ordered$$anon$1
instanceKlass scala/math/Ordering$$anon$6
instanceKlass scala/math/Ordering$OptionOrdering
instanceKlass org/apache/spark/sql/delta/UninitializedCheckpointProvider
instanceKlass org/apache/spark/sql/delta/CheckpointInstance$
instanceKlass org/apache/spark/sql/delta/CheckpointInstance
instanceKlass org/apache/spark/sql/delta/util/FileNames$ChecksumFile$
instanceKlass org/apache/spark/sql/delta/util/FileNames$CheckpointFile$
instanceKlass org/apache/spark/sql/delta/util/FileNames$CompactedDeltaFile$
instanceKlass org/apache/spark/sql/delta/util/FileNames$DeltaFile$
instanceKlass java/util/function/BooleanSupplier
instanceKlass org/apache/spark/sql/delta/util/FileNames$
instanceKlass com/databricks/spark/util/Log4jUsageLogger$
instanceKlass org/apache/spark/sql/delta/OptimizablePartitionExpression
instanceKlass org/apache/spark/sql/delta/actions/Format
instanceKlass org/apache/spark/sql/delta/DeltaColumnMappingMode
instanceKlass org/apache/spark/sql/delta/DeltaTablePropertyValidationFailedSubClass
instanceKlass org/apache/spark/sql/delta/actions/Protocol$
instanceKlass org/apache/spark/sql/delta/TableFeature
instanceKlass org/apache/spark/sql/delta/actions/JobInfo$
instanceKlass org/apache/spark/sql/delta/actions/NotebookInfo$
instanceKlass com/fasterxml/jackson/databind/deser/std/DateDeserializers
instanceKlass org/apache/spark/sql/delta/actions/NotebookInfo
instanceKlass org/apache/spark/sql/delta/actions/JobInfo
instanceKlass org/apache/spark/sql/delta/actions/CommitInfo$
instanceKlass scala/Tuple11
instanceKlass scala/Product11
instanceKlass scala/runtime/AbstractFunction11
instanceKlass scala/Function11
instanceKlass sun/reflect/generics/tree/IntSignature
instanceKlass org/apache/spark/sql/delta/util/DeltaEncoder
instanceKlass org/apache/spark/sql/delta/actions/DeletionVectorDescriptor$
instanceKlass sun/reflect/generics/tree/BooleanSignature
instanceKlass org/apache/spark/sql/delta/actions/ParsedStatsFields
instanceKlass org/apache/spark/sql/delta/actions/AddFile$
instanceKlass org/apache/spark/sql/delta/actions/DeletionVectorDescriptor
instanceKlass org/apache/spark/sql/delta/actions/AddFile$Tags$KeyType
instanceKlass org/apache/spark/sql/delta/actions/SingleAction$
instanceKlass org/apache/spark/sql/delta/actions/CommitInfo
instanceKlass org/apache/spark/sql/delta/actions/CommitMarker
instanceKlass org/apache/spark/sql/delta/actions/DomainMetadata
instanceKlass org/apache/spark/sql/delta/actions/AddCDCFile
instanceKlass org/apache/spark/sql/delta/actions/Protocol
instanceKlass org/apache/spark/sql/delta/actions/TableFeatureSupport
instanceKlass org/apache/spark/sql/delta/actions/Metadata
instanceKlass org/apache/spark/sql/delta/actions/RemoveFile
instanceKlass org/apache/spark/sql/delta/actions/AddFile
instanceKlass org/apache/spark/sql/delta/actions/HasNumRecords
instanceKlass org/apache/spark/sql/delta/actions/FileAction
instanceKlass org/apache/spark/sql/delta/actions/SetTransaction
instanceKlass org/apache/spark/sql/delta/actions/SidecarFile$
instanceKlass org/apache/spark/sql/delta/SerializableFileStatus
instanceKlass org/apache/spark/sql/delta/actions/CheckpointMetadata
instanceKlass org/apache/spark/sql/delta/actions/SidecarFile
instanceKlass org/apache/spark/sql/delta/actions/CheckpointOnlyAction
instanceKlass org/apache/spark/sql/delta/LastCheckpointV2$
instanceKlass org/apache/spark/sql/delta/actions/Action
instanceKlass org/apache/spark/sql/delta/actions/SingleAction
instanceKlass com/fasterxml/jackson/databind/annotation/JacksonStdImpl
instanceKlass scala/reflect/ScalaLongSignature
instanceKlass com/fasterxml/jackson/databind/deser/BasicDeserializerFactory$ContainerDefaultMappings
instanceKlass com/fasterxml/jackson/databind/deser/std/NumberDeserializers
instanceKlass org/apache/spark/annotation/Stable
instanceKlass com/fasterxml/jackson/databind/annotation/NoClass
instanceKlass com/fasterxml/jackson/databind/util/Converter$None
instanceKlass org/apache/spark/sql/delta/LastCheckpointV2
instanceKlass com/fasterxml/jackson/databind/introspect/AnnotationCollector$TwoAnnotations
instanceKlass org/apache/spark/sql/delta/LastCheckpointInfo
instanceKlass sun/security/provider/ByteArrayAccess$LE
instanceKlass org/apache/commons/codec/binary/StringUtils
instanceKlass org/apache/commons/codec/digest/DigestUtils
instanceKlass scala/math/Ordering$IterableOrdering
instanceKlass scala/math/Ordering$Implicits$
instanceKlass scala/math/Ordering$ExtraImplicits
instanceKlass com/fasterxml/jackson/core/io/NumberOutput
instanceKlass com/fasterxml/jackson/databind/deser/std/BaseNodeDeserializer$ContainerStack
instanceKlass com/fasterxml/jackson/module/scala/ScalaObjectMapper
instanceKlass org/apache/spark/sql/delta/util/JsonUtils$
instanceKlass scala/runtime/RichChar
instanceKlass org/apache/spark/sql/delta/LastCheckpointInfo$
instanceKlass io/delta/storage/LineCloseableIterator
instanceKlass org/apache/spark/sql/delta/storage/LogStoreAdaptor
instanceKlass io/delta/storage/CloseableIterator
instanceKlass io/delta/storage/LogStore
instanceKlass org/apache/spark/sql/delta/storage/DelegatingLogStore$
instanceKlass org/apache/spark/sql/delta/storage/ClosableIterator
instanceKlass org/apache/spark/sql/delta/storage/LogStore$
instanceKlass org/apache/spark/sql/delta/Snapshot
instanceKlass org/apache/spark/sql/delta/stats/DataSkippingReader
instanceKlass org/apache/spark/sql/delta/stats/DataSkippingReaderBase
instanceKlass org/apache/spark/sql/delta/util/StateCache
instanceKlass org/apache/spark/sql/delta/stats/ReadsMetadataFields
instanceKlass org/apache/spark/sql/delta/stats/StatisticsCollection
instanceKlass org/apache/spark/sql/delta/SnapshotStateManager
instanceKlass org/apache/spark/sql/delta/CapturedSnapshot
instanceKlass org/apache/spark/sql/delta/storage/DelegatingLogStore
instanceKlass org/apache/spark/sql/delta/storage/LogStore
instanceKlass org/apache/spark/sql/delta/Checkpoints$
instanceKlass org/apache/spark/sql/delta/DeltaOperations$Operation
instanceKlass org/apache/spark/sql/delta/CheckpointInstance$FormatUsesSidecars
instanceKlass org/apache/spark/sql/delta/CheckpointInstance$Format
instanceKlass com/databricks/spark/util/MetricDefinitions$
instanceKlass com/databricks/spark/util/OpType
instanceKlass com/databricks/spark/util/TagDefinition
instanceKlass com/google/common/cache/LocalCache$StrongEntry
instanceKlass com/google/common/base/Stopwatch
instanceKlass com/google/common/collect/ImmutableCollection
instanceKlass com/google/common/collect/Lists
instanceKlass com/google/common/util/concurrent/ExecutionList
instanceKlass com/google/common/util/concurrent/AbstractFuture
instanceKlass com/google/common/cache/LocalCache$LoadingValueReference
instanceKlass com/google/common/base/Platform
instanceKlass org/apache/spark/sql/delta/DeltaLog
instanceKlass org/apache/spark/sql/delta/ReadChecksum
instanceKlass org/apache/spark/sql/delta/ProvidesUniFormConverters
instanceKlass org/apache/spark/sql/delta/DeltaFileFormat
instanceKlass org/apache/spark/sql/delta/SnapshotManagement
instanceKlass org/apache/spark/sql/delta/storage/LogStoreProvider
instanceKlass org/apache/spark/sql/delta/MetadataCleanup
instanceKlass org/apache/spark/sql/delta/Checkpoints
instanceKlass com/google/common/cache/LocalCache$AbstractReferenceEntry
instanceKlass com/google/common/cache/Weigher
instanceKlass com/google/common/base/Predicate
instanceKlass com/google/common/base/Equivalence
instanceKlass com/google/common/base/Objects
instanceKlass com/google/common/cache/LocalCache$StrongValueReference
instanceKlass com/google/common/cache/LocalCache$1
instanceKlass com/google/common/util/concurrent/ListenableFuture
instanceKlass com/google/common/util/concurrent/AbstractListeningExecutorService
instanceKlass com/google/common/util/concurrent/ListeningScheduledExecutorService
instanceKlass com/google/common/util/concurrent/ListeningExecutorService
instanceKlass com/google/common/util/concurrent/MoreExecutors
instanceKlass com/google/common/cache/LocalCache$ReferenceEntry
instanceKlass com/google/common/cache/LocalCache$ValueReference
instanceKlass com/google/common/cache/CacheLoader
instanceKlass com/google/common/cache/LocalCache$LocalManualCache
instanceKlass com/google/common/cache/RemovalNotification
instanceKlass com/google/common/cache/RemovalListener
instanceKlass com/google/common/cache/CacheBuilder$2
instanceKlass com/google/common/base/Preconditions
instanceKlass com/google/common/cache/CacheStats
instanceKlass com/google/common/base/Suppliers$SupplierOfInstance
instanceKlass com/google/common/base/Suppliers
instanceKlass com/google/common/cache/CacheBuilder$1
instanceKlass com/google/common/cache/AbstractCache$StatsCounter
instanceKlass com/google/common/cache/LoadingCache
instanceKlass com/google/common/base/Function
instanceKlass com/google/common/cache/Cache
instanceKlass com/google/common/base/Ticker
instanceKlass com/google/common/base/Supplier
instanceKlass com/google/common/cache/CacheBuilder
instanceKlass org/apache/spark/sql/delta/DeltaTableUtils$
instanceKlass org/apache/spark/sql/catalyst/util/FailFastMode$
instanceKlass org/apache/spark/sql/delta/DeltaLog$
instanceKlass org/apache/spark/sql/delta/catalog/DeltaTableV2
instanceKlass org/apache/spark/sql/connector/catalog/V2TableWithV1Fallback
instanceKlass org/apache/spark/sql/delta/catalog/DeltaTableV2$
instanceKlass org/apache/spark/sql/connector/catalog/SupportsCatalogOptions
instanceKlass org/apache/spark/sql/connector/expressions/SingleColumnTransform
instanceKlass org/apache/spark/sql/connector/expressions/RewritableTransform
instanceKlass org/apache/spark/sql/connector/catalog/Identifier
instanceKlass scala/Tuple5
instanceKlass scala/Product5
instanceKlass org/apache/spark/sql/execution/UnsafeRowSerializerInstance$$anon$2$$anon$3
instanceKlass org/apache/spark/storage/ShuffleBlockFetcherIterator$SuccessFetchResult
instanceKlass org/apache/spark/storage/ShuffleBlockFetcherIterator$FetchBlockInfo
instanceKlass org/apache/spark/storage/BlockStatus$
instanceKlass org/apache/spark/storage/BlockManagerMessages$DecommissionBlockManager$
instanceKlass org/apache/spark/scheduler/HDFSCacheTaskLocation
instanceKlass org/apache/spark/storage/BlockManagerMessages$RemoveBlock
instanceKlass org/apache/spark/storage/BlockManagerMessages$RemoveShuffle
instanceKlass org/apache/spark/storage/BlockManagerMessages$RemoveRdd
instanceKlass org/apache/spark/storage/BlockManagerMessages$GetMatchingBlockIds
instanceKlass org/apache/spark/storage/BlockManagerMessages$IsExecutorAlive
instanceKlass org/apache/spark/storage/BlockManagerMessages$RemoveShufflePushMergerLocation
instanceKlass org/apache/spark/scheduler/HostTaskLocation
instanceKlass org/apache/spark/storage/BlockManagerMessages$GetShufflePushMergerLocations
instanceKlass org/apache/spark/storage/BlockManagerMessages$GetBlockStatus
instanceKlass org/apache/spark/scheduler/TaskLocation$
instanceKlass org/apache/spark/storage/BlockManagerMessages$GetStorageStatus$
instanceKlass org/apache/spark/storage/BlockManagerMessages$GetMemoryStatus$
instanceKlass org/apache/spark/storage/BlockManagerMessages$GetExecutorEndpointRef
instanceKlass org/apache/spark/storage/BlockManagerMessages$RemoveBroadcast
instanceKlass org/apache/spark/storage/BlockManagerMessages$ToBlockManagerMasterStorageEndpoint
instanceKlass org/apache/spark/scheduler/JobSucceeded$
instanceKlass org/apache/spark/sql/execution/streaming/state/StateStoreMetrics
instanceKlass org/apache/spark/sql/execution/streaming/state/HDFSBackedStateStoreProvider$HDFSBackedStateStore$COMMITTED$
instanceKlass org/apache/spark/sql/execution/streaming/state/UnsafeRowPair$
instanceKlass org/apache/spark/sql/execution/streaming/WatermarkSupport$
instanceKlass org/apache/spark/util/NextIterator
instanceKlass org/apache/spark/sql/execution/streaming/state/HDFSBackedStateStoreProvider$HDFSBackedStateStore$UPDATING$
instanceKlass org/apache/spark/sql/execution/streaming/state/HDFSBackedStateStoreProvider$HDFSBackedStateStore$STATE
instanceKlass org/apache/spark/sql/execution/streaming/state/HDFSBackedStateStoreProvider$HDFSBackedStateStore
instanceKlass org/apache/spark/sql/execution/streaming/state/HDFSBackedStateStoreProvider$HDFSBackedReadStateStore
instanceKlass org/apache/logging/log4j/core/impl/JdkMapAdapterStringMap
instanceKlass org/apache/spark/sql/execution/streaming/state/NoPrefixHDFSBackedStateStoreMap
instanceKlass org/apache/spark/sql/execution/streaming/state/HDFSBackedStateStoreMap
instanceKlass org/apache/spark/sql/execution/streaming/state/HDFSBackedStateStoreMap$
instanceKlass org/apache/spark/sql/execution/streaming/state/SchemaHelper$SchemaV2Reader
instanceKlass org/apache/spark/sql/execution/streaming/state/SchemaHelper$SchemaReader
instanceKlass org/apache/spark/sql/execution/streaming/state/SchemaHelper$SchemaReader$
instanceKlass org/apache/spark/sql/execution/streaming/state/SchemaHelper$SchemaV2Writer
instanceKlass org/apache/spark/sql/execution/streaming/state/StateSchemaCompatibilityChecker$
instanceKlass org/apache/spark/sql/execution/streaming/state/SchemaHelper$SchemaWriter
instanceKlass org/apache/spark/sql/execution/streaming/state/SchemaHelper$SchemaWriter$
instanceKlass org/apache/spark/sql/execution/streaming/state/StateSchemaCompatibilityChecker
instanceKlass org/apache/spark/sql/execution/streaming/state/StateStore$MaintenanceTask$$anon$1
instanceKlass org/apache/spark/sql/execution/streaming/state/StateStore$MaintenanceTask
instanceKlass org/apache/spark/sql/execution/streaming/state/StateStore$
instanceKlass org/apache/spark/storage/ShuffleBlockFetcherIterator$FetchRequest
instanceKlass org/apache/spark/storage/ShuffleBlockFetcherIterator$FetchResult
instanceKlass org/apache/spark/network/shuffle/MergedBlocksMetaListener
instanceKlass org/apache/spark/storage/PushBasedFetchHelper
instanceKlass org/apache/spark/storage/ShuffleFetchCompletionListener
instanceKlass org/apache/spark/storage/ShuffleBlockFetcherIterator$
instanceKlass org/apache/spark/storage/ShuffleBlockFetcherIterator
instanceKlass org/apache/spark/shuffle/BlockStoreShuffleReader
instanceKlass org/apache/spark/shuffle/BlockStoreShuffleReader$
instanceKlass org/apache/spark/MapSizesByExecutorId
instanceKlass java/lang/invoke/ClassSpecializer$Factory$1Var
instanceKlass sun/invoke/util/ValueConversions$1
instanceKlass sun/invoke/util/ValueConversions$WrapperCache
instanceKlass org/apache/spark/sql/execution/ui/SQLAppStatusListener$
instanceKlass org/apache/spark/sql/execution/streaming/state/VerifyIfInstanceActive
instanceKlass org/apache/spark/sql/execution/streaming/state/ReportActiveInstance
instanceKlass org/apache/spark/Resubmitted$
instanceKlass org/apache/spark/sql/execution/streaming/state/GetLocation
instanceKlass org/apache/spark/sql/execution/streaming/state/StateStoreCoordinatorMessage
instanceKlass org/apache/spark/sql/execution/streaming/state/StateStoreId$
instanceKlass org/apache/spark/sql/execution/streaming/state/StateStoreId
instanceKlass org/apache/spark/sql/execution/streaming/state/StateStoreProviderId
instanceKlass org/apache/spark/util/kvstore/ArrayWrappers$ComparableObjectArray
instanceKlass org/apache/spark/status/ExecutorStageSummaryWrapper
instanceKlass org/apache/spark/status/api/v1/ExecutorStageSummary
instanceKlass org/apache/spark/storage/BlockManagerMessages$BlockManagerHeartbeat
instanceKlass org/apache/spark/HeartbeatReceiver$$anonfun$receiveAndReply$1$$anon$1
instanceKlass org/apache/spark/executor/TaskMetrics$
instanceKlass org/apache/spark/HeartbeatResponse
instanceKlass org/apache/spark/Heartbeat
instanceKlass org/apache/spark/scheduler/GettingResultEvent
instanceKlass org/apache/spark/scheduler/UnschedulableTaskSetRemoved
instanceKlass org/apache/spark/scheduler/UnschedulableTaskSetAdded
instanceKlass org/apache/spark/scheduler/SpeculativeTaskSubmitted
instanceKlass org/apache/spark/scheduler/CompletionEvent
instanceKlass org/apache/spark/Success$
instanceKlass org/apache/spark/executor/ProcfsMetrics
instanceKlass org/sparkproject/guava/primitives/UnsignedBytes
instanceKlass org/apache/spark/executor/ProcfsMetricsGetter
instanceKlass org/apache/spark/scheduler/TaskResultGetter$$anon$3
instanceKlass org/apache/spark/executor/ProcfsMetricsGetter$
instanceKlass org/apache/spark/executor/ExecutorMetrics$
instanceKlass org/apache/spark/network/util/ByteArrayWritableChannel
instanceKlass org/apache/spark/scheduler/DirectTaskResult
instanceKlass org/apache/spark/scheduler/TaskResult
instanceKlass org/apache/spark/util/io/ChunkedByteBuffer$
instanceKlass org/apache/spark/serializer/SerializerHelper$
instanceKlass org/sparkproject/guava/collect/AbstractIterator$1
instanceKlass org/sparkproject/guava/collect/ForwardingObject
instanceKlass org/sparkproject/guava/collect/Multiset$Entry
instanceKlass org/apache/commons/pool2/impl/LinkedBlockingDeque$Node
instanceKlass org/apache/spark/scheduler/CompressedMapStatus
instanceKlass org/apache/spark/scheduler/MapStatus$
instanceKlass org/apache/spark/shuffle/api/metadata/MapOutputCommitMessage
instanceKlass scala/runtime/java8/JFunction2$mcJJJ$sp
instanceKlass org/sparkproject/guava/io/Closeables
instanceKlass org/apache/spark/shuffle/sort/io/LocalDiskShuffleMapOutputWriter$PartitionWriterChannel
instanceKlass org/apache/spark/shuffle/api/WritableByteChannelWrapper
instanceKlass org/apache/spark/shuffle/sort/io/LocalDiskShuffleMapOutputWriter$LocalDiskShufflePartitionWriter
instanceKlass org/apache/spark/storage/DiskBlockObjectWriter$ManualCloseOutputStream
instanceKlass org/apache/spark/storage/FileSegment
instanceKlass org/apache/spark/util/collection/PairsWriter
instanceKlass org/apache/spark/unsafe/map/BytesToBytesMap$MapIterator
instanceKlass org/apache/spark/unsafe/UnsafeAlignedOffset
instanceKlass java/time/LocalTime$1
instanceKlass java/time/ZonedDateTime$1
instanceKlass org/apache/spark/sql/catalyst/json/JacksonUtils$
instanceKlass org/apache/spark/sql/catalyst/util/ResolveDefaultColumns$
instanceKlass org/apache/spark/sql/catalyst/json/CreateJacksonParser$
instanceKlass com/fasterxml/jackson/core/FormatFeature
instanceKlass com/fasterxml/jackson/core/StreamReadConstraints$Builder
instanceKlass org/apache/spark/sql/catalyst/json/JsonFilters$JsonPredicate
instanceKlass org/apache/spark/sql/sources/Filter
instanceKlass org/apache/spark/sql/catalyst/StructFilters$
instanceKlass org/apache/spark/sql/catalyst/json/JacksonParser$
instanceKlass org/apache/spark/sql/catalyst/StructFilters
instanceKlass org/apache/spark/sql/catalyst/util/SparkCollectionUtils$
instanceKlass org/apache/spark/sql/catalyst/util/SparkCollectionUtils
instanceKlass org/apache/spark/sql/catalyst/util/DateFormatter$
instanceKlass org/apache/spark/sql/catalyst/util/PermissiveMode$
instanceKlass org/apache/spark/sql/catalyst/util/ParseMode
instanceKlass org/apache/spark/sql/catalyst/json/JSONOptions$
instanceKlass org/apache/spark/sql/catalyst/DataSourceOptions
instanceKlass org/apache/spark/sql/kafka010/KafkaBatchPartitionReader$$anon$2
instanceKlass org/apache/spark/sql/kafka010/KafkaBatchPartitionReader$$anon$1
instanceKlass scala/collection/mutable/AnyRefMap$$anon$1
instanceKlass org/apache/spark/sql/catalyst/util/RebaseDateTime$RebaseInfo
instanceKlass scala/collection/mutable/AnyRefMap$$anon$2
instanceKlass scala/collection/mutable/AnyRefMap$ExceptionDefault
instanceKlass scala/collection/mutable/AnyRefMap$
instanceKlass com/fasterxml/jackson/databind/util/PrimitiveArrayBuilder$Node
instanceKlass com/fasterxml/jackson/core/io/NumberInput
instanceKlass com/fasterxml/jackson/databind/util/PrimitiveArrayBuilder
instanceKlass org/apache/spark/sql/catalyst/util/RebaseDateTime
instanceKlass com/fasterxml/jackson/core/json/ByteSourceJsonBootstrapper
instanceKlass com/fasterxml/jackson/module/scala/JavaTypeable$$anon$9
instanceKlass com/fasterxml/jackson/module/scala/JavaTypeable$$anon$6
instanceKlass org/apache/spark/sql/catalyst/util/RebaseDateTime$JsonRebaseRecord
instanceKlass com/fasterxml/jackson/module/scala/JavaTypeable$$anon$11
instanceKlass com/fasterxml/jackson/module/scala/JavaTypeable
instanceKlass com/fasterxml/jackson/module/scala/JavaTypeable$
instanceKlass com/fasterxml/jackson/module/scala/ClassTagExtensions
instanceKlass org/apache/spark/sql/catalyst/util/RebaseDateTime$
instanceKlass java/util/Collections$UnmodifiableList$1
instanceKlass org/apache/kafka/clients/consumer/internals/Fetcher$ListOffsetResult
instanceKlass org/apache/kafka/clients/consumer/internals/Fetcher$ListOffsetData
instanceKlass org/apache/kafka/clients/consumer/internals/Fetcher$7
instanceKlass org/apache/kafka/clients/consumer/internals/Fetcher$3
instanceKlass org/apache/kafka/clients/consumer/internals/RequestFuture$1
instanceKlass org/apache/kafka/clients/consumer/ConsumerRecords
instanceKlass org/apache/kafka/common/metrics/stats/Value
instanceKlass org/apache/kafka/common/header/internals/RecordHeaders
instanceKlass org/apache/kafka/common/header/Header
instanceKlass org/apache/kafka/common/record/DefaultRecord
instanceKlass org/apache/kafka/common/record/Record
instanceKlass org/apache/kafka/common/record/DefaultRecordBatch$RecordIterator
instanceKlass org/apache/kafka/common/utils/Checksums
instanceKlass java/util/zip/CRC32C
instanceKlass org/apache/kafka/common/utils/Crc32C$Java9ChecksumFactory
instanceKlass org/apache/kafka/common/utils/Crc32C$ChecksumFactory
instanceKlass org/apache/kafka/common/utils/Crc32C
instanceKlass org/apache/kafka/common/utils/CloseableIterator
instanceKlass org/apache/kafka/common/record/AbstractRecordBatch
instanceKlass org/apache/kafka/common/utils/AbstractIterator$1
instanceKlass org/apache/kafka/common/record/MutableRecordBatch
instanceKlass org/apache/kafka/common/record/ByteBufferLogInputStream
instanceKlass org/apache/kafka/clients/consumer/internals/Fetcher$FetchResponseMetricAggregator$FetchMetrics
instanceKlass org/apache/kafka/clients/consumer/internals/Fetcher$FetchResponseMetricAggregator
instanceKlass org/apache/kafka/common/record/RecordBatch
instanceKlass org/apache/kafka/common/utils/AbstractIterator
instanceKlass org/apache/kafka/common/record/LogInputStream
instanceKlass org/apache/kafka/common/record/RecordsSend
instanceKlass org/apache/kafka/common/record/AbstractRecords
instanceKlass org/apache/kafka/common/record/Records
instanceKlass org/apache/kafka/common/record/TransferableRecords
instanceKlass org/apache/kafka/common/TopicIdPartition
instanceKlass org/apache/kafka/clients/consumer/internals/Fetcher$CompletedFetch
instanceKlass java/util/concurrent/ConcurrentLinkedQueue$CLQSpliterator
instanceKlass org/apache/kafka/clients/consumer/internals/Fetcher$1
instanceKlass org/apache/kafka/clients/consumer/internals/RequestFuture
instanceKlass org/apache/kafka/clients/consumer/internals/ConsumerNetworkClient$RequestFutureCompletionHandler
instanceKlass org/apache/kafka/clients/FetchSessionHandler$FetchRequestData
instanceKlass org/apache/kafka/common/requests/FetchRequest$PartitionData
instanceKlass org/apache/kafka/clients/FetchSessionHandler$Builder
instanceKlass org/apache/kafka/common/requests/FetchMetadata
instanceKlass org/apache/kafka/clients/FetchSessionHandler
instanceKlass org/apache/kafka/clients/consumer/internals/Fetch
instanceKlass org/apache/kafka/clients/NetworkClient$DefaultMetadataUpdater$InProgressData
instanceKlass org/apache/kafka/clients/Metadata$MetadataRequestAndVersion
instanceKlass org/apache/kafka/clients/Metadata$LeaderAndEpoch
instanceKlass org/apache/kafka/clients/consumer/internals/SubscriptionState$FetchPosition
instanceKlass org/apache/spark/sql/kafka010/consumer/KafkaDataConsumer$AvailableOffsetRange
instanceKlass org/apache/spark/sql/kafka010/consumer/FetchedData
instanceKlass org/apache/spark/sql/kafka010/consumer/FetchedDataPool$CachedFetchedData$
instanceKlass org/apache/spark/sql/kafka010/consumer/FetchedDataPool$CachedFetchedData
instanceKlass org/apache/commons/pool2/impl/BaseGenericObjectPool$IdentityWrapper
instanceKlass org/apache/commons/pool2/impl/NoOpCallStack
instanceKlass org/apache/commons/pool2/impl/CallStack
instanceKlass org/apache/commons/pool2/impl/DefaultPooledObject
instanceKlass org/apache/kafka/clients/consumer/internals/SubscriptionState$FetchState
instanceKlass org/apache/kafka/clients/consumer/internals/SubscriptionState$TopicPartitionState
instanceKlass org/slf4j/helpers/FormattingTuple
instanceKlass org/slf4j/helpers/NormalizedParameters
instanceKlass org/slf4j/helpers/MessageFormatter
instanceKlass org/apache/kafka/clients/consumer/internals/KafkaConsumerMetrics
instanceKlass org/apache/kafka/clients/consumer/internals/AsyncClient
instanceKlass org/apache/kafka/clients/consumer/internals/Fetcher$FetchManagerMetrics
instanceKlass org/apache/kafka/common/utils/BufferSupplier
instanceKlass org/apache/kafka/clients/consumer/ConsumerGroupMetadata
instanceKlass org/apache/kafka/clients/consumer/internals/ConsumerCoordinator$ConsumerCoordinatorMetrics
instanceKlass org/apache/kafka/clients/consumer/internals/ConsumerCoordinator$DefaultOffsetCommitCallback
instanceKlass org/apache/kafka/clients/consumer/internals/ConsumerCoordinator$MetadataSnapshot
instanceKlass org/apache/kafka/clients/consumer/internals/AbstractCoordinator$GroupCoordinatorMetrics
instanceKlass org/apache/kafka/common/utils/Timer
instanceKlass org/apache/kafka/clients/consumer/internals/Heartbeat
instanceKlass org/apache/kafka/clients/consumer/internals/AbstractCoordinator$Generation
instanceKlass org/apache/kafka/clients/consumer/internals/Utils$TopicPartitionComparator
instanceKlass org/apache/kafka/clients/consumer/OffsetCommitCallback
instanceKlass org/apache/kafka/clients/consumer/internals/AbstractCoordinator
instanceKlass org/apache/kafka/clients/consumer/internals/ConsumerNetworkClient$UnsentRequests
instanceKlass org/apache/kafka/clients/RequestCompletionHandler
instanceKlass org/apache/kafka/clients/consumer/internals/ConsumerNetworkClient$PollCondition
instanceKlass org/apache/kafka/clients/consumer/internals/ConsumerNetworkClient
instanceKlass org/apache/kafka/clients/NetworkClient$DefaultMetadataUpdater
instanceKlass org/apache/kafka/common/metrics/internals/MetricsUtils
instanceKlass org/apache/kafka/clients/consumer/internals/RequestFutureAdapter
instanceKlass org/apache/kafka/common/header/Headers
instanceKlass org/apache/kafka/clients/consumer/internals/RequestFutureListener
instanceKlass org/apache/kafka/clients/consumer/internals/Fetcher
instanceKlass org/apache/kafka/common/MetricNameTemplate
instanceKlass org/apache/kafka/clients/consumer/internals/FetcherMetricsRegistry
instanceKlass org/apache/kafka/clients/MetadataCache
instanceKlass org/apache/kafka/common/ClusterResourceListener
instanceKlass org/apache/kafka/common/internals/ClusterResourceListeners
instanceKlass org/apache/kafka/common/internals/PartitionStates
instanceKlass org/apache/kafka/clients/consumer/internals/SubscriptionState
instanceKlass org/apache/kafka/clients/consumer/internals/ConsumerInterceptors
instanceKlass org/apache/kafka/clients/consumer/ConsumerInterceptor
instanceKlass org/apache/kafka/clients/GroupRebalanceConfig
instanceKlass org/apache/kafka/clients/consumer/ConsumerRebalanceListener
instanceKlass org/apache/kafka/clients/Metadata
instanceKlass org/apache/kafka/clients/consumer/KafkaConsumer
instanceKlass javax/security/auth/Subject$ClassSet$1
instanceKlass org/apache/spark/sql/kafka010/consumer/InternalKafkaConsumer
instanceKlass org/apache/commons/pool2/impl/GenericKeyedObjectPool$ObjectDeque
instanceKlass org/apache/spark/deploy/SparkHadoopUtil$$anon$2
instanceKlass scala/Function0$mcJ$sp
instanceKlass org/apache/spark/sql/execution/datasources/v2/MetricsHandler
instanceKlass org/apache/spark/sql/execution/datasources/v2/PartitionIterator
instanceKlass org/apache/spark/sql/execution/datasources/v2/MetricsIterator
instanceKlass org/apache/kafka/clients/consumer/ConsumerRecord
instanceKlass org/apache/spark/sql/kafka010/KafkaRecordToRowConverter
instanceKlass org/apache/spark/sql/kafka010/consumer/FetchedRecord
instanceKlass org/apache/spark/sql/kafka010/consumer/KafkaDataConsumer$CacheKey
instanceKlass org/apache/spark/deploy/security/HadoopDelegationTokenManager$
instanceKlass org/apache/spark/sql/kafka010/consumer/KafkaDataConsumer
instanceKlass org/apache/spark/sql/kafka010/consumer/FetchedDataPool
instanceKlass org/apache/spark/sql/kafka010/consumer/InternalKafkaConsumerPool$CustomSwallowedExceptionListener$
instanceKlass org/apache/commons/pool2/impl/EvictionTimer$WeakRunner
instanceKlass org/apache/commons/pool2/impl/EvictionTimer$Reaper
instanceKlass org/apache/commons/pool2/impl/EvictionTimer$EvictorThreadFactory
instanceKlass org/apache/commons/pool2/impl/EvictionTimer
instanceKlass org/apache/commons/pool2/impl/BaseGenericObjectPool$Evictor
instanceKlass org/apache/commons/pool2/impl/BaseGenericObjectPool$StatsStore
instanceKlass org/apache/commons/pool2/UsageTracking
instanceKlass org/apache/commons/pool2/impl/GenericKeyedObjectPoolMXBean
instanceKlass org/apache/commons/pool2/KeyedObjectPool
instanceKlass org/apache/commons/pool2/impl/PoolImplUtils
instanceKlass org/apache/spark/sql/kafka010/package$
instanceKlass org/apache/commons/pool2/impl/DefaultEvictionPolicy
instanceKlass org/apache/commons/pool2/impl/EvictionPolicy
instanceKlass org/apache/commons/pool2/PooledObject
instanceKlass org/apache/commons/pool2/SwallowedExceptionListener
instanceKlass org/apache/commons/pool2/KeyedPooledObjectFactory
instanceKlass org/apache/commons/pool2/BaseObject
instanceKlass org/apache/spark/sql/kafka010/consumer/InternalKafkaConsumerPool
instanceKlass org/apache/spark/sql/kafka010/consumer/KafkaDataConsumer$
instanceKlass org/apache/spark/sql/kafka010/KafkaBatchPartitionReader
instanceKlass org/apache/spark/sql/catalyst/expressions/UnsafeDataUtils
instanceKlass org/apache/spark/unsafe/array/LongArray
instanceKlass org/apache/spark/unsafe/map/BytesToBytesMap$Location
instanceKlass org/apache/spark/unsafe/map/HashMapGrowthStrategy$Doubling
instanceKlass org/apache/spark/unsafe/map/HashMapGrowthStrategy
instanceKlass org/apache/spark/unsafe/bitset/BitSetMethods
instanceKlass org/apache/spark/shuffle/api/ShufflePartitionWriter
instanceKlass org/apache/spark/shuffle/sort/io/LocalDiskShuffleMapOutputWriter
instanceKlass org/apache/spark/sql/execution/WholeStageCodegenEvaluatorFactory$WholeStageCodegenPartitionEvaluator$$anon$1
instanceKlass org/apache/spark/sql/execution/WholeStageCodegenEvaluatorFactory$WholeStageCodegenPartitionEvaluator
instanceKlass org/apache/spark/sql/catalyst/expressions/package
instanceKlass org/apache/spark/sql/execution/ProjectEvaluatorFactory$ProjectPartitionEvaluator
instanceKlass org/apache/spark/sql/catalyst/expressions/SubExprEvaluationRuntime
instanceKlass org/apache/spark/sql/internal/TaskContextConfigProvider
instanceKlass org/apache/spark/sql/execution/FilterEvaluatorFactory$FilterPartitionEvaluator
instanceKlass org/apache/spark/InterruptibleIterator
instanceKlass org/apache/spark/sql/execution/datasources/v2/DataSourceRDD$$anon$1
instanceKlass org/apache/spark/network/shuffle/checksum/ShuffleChecksumHelper
instanceKlass org/apache/spark/shuffle/api/ShuffleMapOutputWriter
instanceKlass org/apache/spark/shuffle/sort/io/LocalDiskShuffleExecutorComponents
instanceKlass org/apache/spark/sql/execution/metric/SQLShuffleWriteMetricsReporter
instanceKlass scala/runtime/LambdaDeserializer$
instanceKlass java/lang/invoke/DirectMethodHandle$1
instanceKlass java/lang/invoke/MethodHandleImpl$Makers$2
instanceKlass java/lang/invoke/MethodHandleImpl$Makers$1
instanceKlass java/lang/invoke/MethodHandleImpl$Makers
instanceKlass scala/runtime/LambdaDeserialize
instanceKlass org/apache/spark/sql/vectorized/ColumnarBatch
instanceKlass org/apache/spark/sql/catalyst/plans/physical/KeyGroupedPartitioning
instanceKlass org/apache/spark/sql/catalyst/util/InternalRowComparableWrapper
instanceKlass java/lang/invoke/SerializedLambda$1
instanceKlass org/apache/spark/TaskContext$$anon$1
instanceKlass org/apache/spark/storage/BlockResult
instanceKlass org/apache/spark/util/CompletionIterator
instanceKlass org/apache/spark/util/CompletionIterator$
instanceKlass org/apache/spark/util/CallerContext$
instanceKlass org/apache/spark/util/CallerContext
instanceKlass org/apache/spark/rdd/InputFileBlockHolder$FileBlock
instanceKlass org/apache/spark/rdd/InputFileBlockHolder$
instanceKlass org/apache/spark/util/TaskCompletionListener
instanceKlass org/apache/spark/util/TaskFailureListener
instanceKlass org/apache/spark/executor/ExecutorMetricsPoller$TCMP
instanceKlass java/util/HashMap$UnsafeHolder
instanceKlass jdk/internal/access/JavaObjectInputFilterAccess
instanceKlass java/io/ObjectInputFilter$Config$BuiltinFilterFactory
instanceKlass java/io/ObjectInputFilter$Config
instanceKlass java/io/ObjectInputStream$ValidationList
instanceKlass java/io/ObjectInputStream$HandleTable$HandleList
instanceKlass java/io/ObjectInputStream$HandleTable
instanceKlass jdk/internal/access/JavaObjectInputStreamReadString
instanceKlass jdk/internal/access/JavaObjectInputStreamAccess
instanceKlass org/apache/spark/scheduler/local/StatusUpdate
instanceKlass org/apache/spark/unsafe/memory/MemoryLocation
instanceKlass org/slf4j/MDC
instanceKlass org/apache/spark/executor/Executor$TaskRunner
instanceKlass org/apache/spark/status/api/v1/TaskData
instanceKlass org/apache/spark/status/TaskDataWrapper
instanceKlass org/apache/spark/scheduler/WorkerRemoved
instanceKlass org/apache/spark/scheduler/ExecutorLost
instanceKlass org/apache/spark/scheduler/BeginEvent
instanceKlass org/apache/spark/memory/TaskMemoryManager
instanceKlass org/apache/spark/scheduler/TaskInfo
instanceKlass org/apache/spark/scheduler/TaskDescription
instanceKlass org/apache/spark/scheduler/AllJobsCancelled$
instanceKlass org/apache/spark/scheduler/JobTagCancelled
instanceKlass org/apache/spark/scheduler/JobGroupCancelled
instanceKlass org/apache/spark/scheduler/JobCancelled
instanceKlass org/apache/spark/scheduler/StageCancelled
instanceKlass org/apache/spark/scheduler/MapStageSubmitted
instanceKlass org/apache/spark/scheduler/ExecutorAdded
instanceKlass org/apache/spark/scheduler/WorkerOffer
instanceKlass org/apache/spark/util/collection/PercentileHeap$
instanceKlass org/apache/spark/util/collection/PercentileHeap
instanceKlass org/apache/spark/scheduler/PendingTasksByLocality
instanceKlass org/apache/spark/scheduler/TaskSetExcludelist
instanceKlass org/apache/spark/scheduler/HealthTracker
instanceKlass scala/runtime/java8/JFunction1$mcJJ$sp
instanceKlass org/apache/spark/scheduler/HealthTracker$
instanceKlass org/apache/spark/TaskFailedReason
instanceKlass org/apache/spark/TaskEndReason
instanceKlass org/apache/spark/scheduler/TaskSetManager
instanceKlass org/apache/spark/scheduler/TaskSet
instanceKlass org/apache/spark/scheduler/Task
instanceKlass org/apache/spark/status/PoolData
instanceKlass org/apache/spark/sql/execution/ui/LiveStageMetrics
instanceKlass org/apache/spark/status/RDDOperationClusterWrapper
instanceKlass org/apache/spark/executor/TempShuffleReadMetrics
instanceKlass org/apache/spark/status/RDDOperationGraphWrapper
instanceKlass org/apache/spark/ui/scope/RDDOperationGraph
instanceKlass org/apache/spark/ui/scope/RDDOperationNode
instanceKlass org/apache/spark/scheduler/TaskSetManager$
instanceKlass org/apache/spark/ui/scope/RDDOperationEdge
instanceKlass org/apache/spark/util/MutablePair
instanceKlass org/apache/spark/ui/scope/RDDOperationCluster
instanceKlass org/apache/spark/ui/scope/RDDOperationGraph$
instanceKlass org/apache/spark/util/kvstore/ArrayWrappers$ComparableIntArray
instanceKlass org/apache/spark/util/kvstore/ArrayWrappers
instanceKlass org/apache/spark/status/api/v1/AccumulableInfo
instanceKlass org/apache/spark/rdd/RDDCheckpointData$
instanceKlass org/apache/spark/InternalAccumulator$output$
instanceKlass org/apache/spark/InternalAccumulator$input$
instanceKlass org/apache/spark/InternalAccumulator$shuffleWrite$
instanceKlass org/apache/spark/InternalAccumulator$shuffleRead$
instanceKlass org/apache/spark/status/api/v1/ShuffleWriteMetrics
instanceKlass org/apache/spark/executor/ShuffleWriteMetrics
instanceKlass org/apache/spark/status/api/v1/ShufflePushReadMetrics
instanceKlass org/apache/spark/executor/ShuffleReadMetrics
instanceKlass org/apache/spark/status/api/v1/ShuffleReadMetrics
instanceKlass org/apache/spark/status/api/v1/OutputMetrics
instanceKlass org/apache/spark/executor/OutputMetrics
instanceKlass org/apache/spark/status/api/v1/InputMetrics
instanceKlass org/apache/spark/status/api/v1/TaskMetrics
instanceKlass org/apache/spark/executor/TaskMetrics
instanceKlass org/apache/spark/status/LiveEntityHelpers$
instanceKlass org/apache/spark/scheduler/OutputCommitCoordinator$TaskIdentifier
instanceKlass org/apache/spark/status/api/v1/JobData
instanceKlass org/apache/spark/scheduler/OutputCommitCoordinator$StageState
instanceKlass org/apache/spark/scheduler/ActiveJob
instanceKlass org/apache/spark/scheduler/MergeStatus
instanceKlass org/apache/spark/ShuffleStatus$
instanceKlass org/apache/spark/ShuffleStatus
instanceKlass org/apache/spark/scheduler/StageInfo
instanceKlass org/apache/spark/storage/RDDInfo$
instanceKlass org/apache/spark/scheduler/StageInfo$
instanceKlass java/util/concurrent/LinkedBlockingDeque$Node
instanceKlass org/apache/spark/scheduler/JobSubmitted
instanceKlass org/apache/spark/scheduler/DAGSchedulerEvent
instanceKlass org/apache/spark/scheduler/JobWaiter
instanceKlass sun/net/spi/DefaultProxySelector$3
instanceKlass sun/net/spi/DefaultProxySelector$NonProxyInfo
instanceKlass sun/net/spi/DefaultProxySelector$1
instanceKlass java/net/Proxy
instanceKlass java/net/ProxySelector
instanceKlass java/net/SocksSocketImpl$3
instanceKlass java/net/SocksConsts
instanceKlass org/apache/spark/sql/catalyst/analysis/RelationWrapper
instanceKlass org/apache/spark/sql/catalyst/trees/MultiTransform$
instanceKlass org/apache/spark/sql/catalyst/plans/logical/Statistics$
instanceKlass org/apache/spark/sql/connector/read/SupportsReportStatistics
instanceKlass org/apache/spark/sql/catalyst/plans/logical/ColumnStat
instanceKlass org/apache/spark/sql/catalyst/plans/logical/statsEstimation/EstimationUtils$
instanceKlass org/apache/spark/sql/catalyst/plans/logical/statsEstimation/SizeInBytesOnlyStatsPlanVisitor$
instanceKlass org/apache/spark/sql/catalyst/plans/logical/LogicalPlanVisitor
instanceKlass org/apache/spark/sql/catalyst/expressions/BasePredicate
instanceKlass org/apache/spark/storage/BlockUpdatedInfo
instanceKlass org/apache/spark/storage/BlockUpdatedInfo$
instanceKlass org/apache/spark/storage/BlockStatusPerBlockId
instanceKlass org/apache/spark/storage/memory/SerializedMemoryEntry
instanceKlass org/apache/spark/storage/BlockManager$ByteBufferBlockStoreUpdater$
instanceKlass org/apache/spark/storage/BlockManager$BlockStoreUpdater
instanceKlass java/util/zip/Adler32
instanceKlass org/apache/hadoop/io/IOUtils
instanceKlass java/util/zip/Deflater$DeflaterZStreamRef
instanceKlass java/util/zip/Deflater
instanceKlass org/apache/hadoop/io/WritableUtils
instanceKlass net/jpountz/xxhash/StreamingXXHash32$1
instanceKlass net/jpountz/xxhash/StreamingXXHash64
instanceKlass net/jpountz/xxhash/StreamingXXHash64JNI$Factory
instanceKlass net/jpountz/xxhash/StreamingXXHash64$Factory
instanceKlass net/jpountz/xxhash/XXHash64
instanceKlass net/jpountz/xxhash/StreamingXXHash32
instanceKlass net/jpountz/xxhash/StreamingXXHash32JNI$Factory
instanceKlass net/jpountz/xxhash/StreamingXXHash32$Factory
instanceKlass net/jpountz/xxhash/XXHash32
instanceKlass net/jpountz/xxhash/XXHashFactory
instanceKlass java/io/DeleteOnExitHook$1
instanceKlass java/io/DeleteOnExitHook
instanceKlass net/jpountz/util/Native$1
instanceKlass net/jpountz/lz4/LZ4SafeDecompressor
instanceKlass net/jpountz/lz4/LZ4FastDecompressor
instanceKlass net/jpountz/lz4/LZ4Compressor
instanceKlass net/jpountz/lz4/LZ4UnknownSizeDecompressor
instanceKlass net/jpountz/lz4/LZ4Decompressor
instanceKlass net/jpountz/lz4/LZ4Factory
instanceKlass org/apache/spark/broadcast/TorrentBroadcast$
instanceKlass org/apache/spark/storage/BlockStatus
instanceKlass org/apache/spark/storage/memory/DeserializedMemoryEntry
instanceKlass org/apache/spark/storage/memory/MemoryEntry
instanceKlass org/apache/spark/storage/memory/DeserializedValuesHolder$$anon$1
instanceKlass org/sparkproject/guava/hash/HashCode
instanceKlass org/sparkproject/guava/hash/HashCodes
instanceKlass org/sparkproject/guava/hash/Hasher
instanceKlass org/sparkproject/guava/hash/AbstractStreamingHashFunction
instanceKlass org/sparkproject/guava/hash/HashFunction
instanceKlass org/sparkproject/guava/hash/Hashing
instanceKlass scala/runtime/java8/JFunction2$mcVII$sp
instanceKlass org/apache/spark/util/collection/OpenHashSet$
instanceKlass org/apache/spark/util/collection/OpenHashSet$Hasher
instanceKlass org/apache/spark/util/KnownSizeEstimation
instanceKlass org/apache/spark/util/SizeEstimator$SearchState
instanceKlass org/sparkproject/guava/collect/MapMakerInternalMap$StrongValueReference
instanceKlass org/apache/spark/util/SizeEstimator$ClassInfo
instanceKlass java/util/TreeMap$TreeMapSpliterator
instanceKlass sun/management/MappedMXBeanType$CompositeDataMXBeanType$2
instanceKlass sun/management/MappedMXBeanType$CompositeDataMXBeanType$1
instanceKlass sun/management/MappedMXBeanType
instanceKlass sun/management/LazyCompositeData
instanceKlass javax/management/openmbean/CompositeDataSupport
instanceKlass sun/reflect/misc/Trampoline
instanceKlass sun/reflect/misc/MethodUtil$1
instanceKlass com/sun/jmx/mbeanserver/MXBeanProxy$Handler
instanceKlass com/sun/jmx/mbeanserver/DefaultMXBeanMappingFactory$CompositeBuilder
instanceKlass com/sun/jmx/mbeanserver/MXBeanProxy$Visitor
instanceKlass com/sun/jmx/mbeanserver/MXBeanProxy
instanceKlass org/apache/spark/util/SizeEstimator$
instanceKlass org/apache/spark/util/collection/SizeTracker$Sample
instanceKlass org/apache/spark/util/collection/PrimitiveVector$
instanceKlass org/apache/spark/util/collection/PrimitiveVector
instanceKlass org/apache/spark/util/collection/SizeTracker
instanceKlass org/apache/spark/storage/memory/MemoryEntryBuilder
instanceKlass org/apache/spark/storage/memory/DeserializedValuesHolder
instanceKlass org/apache/spark/storage/BlockInfoWrapper
instanceKlass org/apache/spark/storage/BlockInfo
instanceKlass org/apache/spark/io/ZStdCompressionCodec
instanceKlass org/apache/spark/io/SnappyCompressionCodec
instanceKlass org/apache/spark/io/LZFCompressionCodec
instanceKlass org/apache/spark/io/LZ4CompressionCodec
instanceKlass org/apache/spark/io/CompressionCodec
instanceKlass org/apache/spark/io/CompressionCodec$
instanceKlass org/apache/spark/api/python/PythonBroadcast
instanceKlass org/apache/spark/util/SerializableConfiguration
instanceKlass org/apache/spark/sql/execution/streaming/state/StateStoreConf$
instanceKlass org/apache/spark/sql/execution/streaming/state/StateStoreConf
instanceKlass org/apache/spark/sql/execution/streaming/state/UnsafeRowPair
instanceKlass org/apache/spark/sql/execution/streaming/state/package$StateStoreOps
instanceKlass org/apache/spark/scheduler/MapStatus
instanceKlass org/apache/spark/sql/execution/ShuffledRowRDDPartition
instanceKlass org/apache/spark/sql/catalyst/plans/logical/Statistics
instanceKlass org/apache/spark/shuffle/sort/PackedRecordPointer
instanceKlass org/apache/spark/shuffle/sort/SortShuffleManager$
instanceKlass org/apache/spark/sql/execution/CoalescedPartitionSpec$
instanceKlass org/apache/spark/sql/execution/CoalescedPartitionSpec
instanceKlass org/apache/spark/sql/execution/ShufflePartitionSpec
instanceKlass org/roaringbitmap/ContainerPointer
instanceKlass org/roaringbitmap/RoaringArray
instanceKlass org/roaringbitmap/RelativeRangeConsumer
instanceKlass org/roaringbitmap/PeekableIntIterator
instanceKlass org/roaringbitmap/BatchIterator
instanceKlass org/roaringbitmap/Container
instanceKlass org/roaringbitmap/WordStorage
instanceKlass java/util/PrimitiveIterator$OfInt
instanceKlass java/util/PrimitiveIterator
instanceKlass org/roaringbitmap/IntIterator
instanceKlass org/roaringbitmap/RoaringBitmap
instanceKlass org/roaringbitmap/AppendableStorage
instanceKlass org/roaringbitmap/BitmapDataProvider
instanceKlass org/roaringbitmap/ImmutableBitmapDataProvider
instanceKlass org/apache/spark/shuffle/sort/SortShuffleWriter$
instanceKlass org/apache/spark/ShuffleDependency$
instanceKlass org/apache/spark/shuffle/ShuffleWriteMetricsReporter
instanceKlass org/apache/spark/sql/catalyst/plans/physical/RoundRobinPartitioning
instanceKlass scala/collection/immutable/HashMap$SerializationProxy
instanceKlass scala/collection/parallel/immutable/ParHashMap
instanceKlass scala/collection/parallel/immutable/ParMap
instanceKlass scala/collection/parallel/immutable/ParVector
instanceKlass scala/collection/parallel/immutable/ParSeq
instanceKlass scala/collection/parallel/immutable/ParIterable
instanceKlass org/apache/spark/sql/types/Decimal$DecimalIsFractional$
instanceKlass org/apache/spark/sql/types/Decimal$DecimalIsConflicted
instanceKlass scala/collection/script/Message
instanceKlass org/apache/spark/unsafe/types/UTF8String$IntWrapper
instanceKlass org/apache/spark/unsafe/types/UTF8String$LongWrapper
instanceKlass org/apache/spark/sql/catalyst/util/TimestampFormatter
instanceKlass org/apache/spark/sql/catalyst/util/DateFormatter
instanceKlass org/apache/spark/sql/catalyst/FileSourceOptions
instanceKlass org/apache/spark/sql/catalyst/json/JacksonParser
instanceKlass org/apache/spark/sql/catalyst/util/FailureSafeParser
instanceKlass scala/collection/immutable/ListSerializeEnd$
instanceKlass scala/collection/immutable/List$SerializationProxy
instanceKlass org/apache/spark/util/SparkErrorUtils$
instanceKlass org/apache/spark/sql/execution/datasources/v2/DataSourceRDDPartition
instanceKlass org/apache/spark/rdd/RDDBarrier
instanceKlass org/apache/spark/rdd/PairRDDFunctions
instanceKlass org/apache/spark/rdd/OrderedRDDFunctions
instanceKlass org/apache/spark/rdd/DoubleRDDFunctions
instanceKlass org/apache/spark/rdd/SequenceFileRDDFunctions
instanceKlass org/apache/spark/WritableFactory
instanceKlass org/apache/spark/rdd/RDDCheckpointData
instanceKlass org/apache/spark/rdd/AsyncRDDActions
instanceKlass com/clearspring/analytics/stream/cardinality/HyperLogLogPlus
instanceKlass com/clearspring/analytics/stream/cardinality/ICardinality
instanceKlass org/apache/spark/Partition
instanceKlass scala/ref/WeakReference
instanceKlass scala/ref/ReferenceWrapper
instanceKlass scala/ref/Reference
instanceKlass scala/collection/parallel/mutable/ParArray
instanceKlass scala/collection/parallel/mutable/ParSeq
instanceKlass scala/collection/parallel/ParSeq
instanceKlass scala/collection/parallel/ParSeqLike
instanceKlass java/time/Ser
instanceKlass java/io/SerialCallbackContext
instanceKlass scala/collection/parallel/Combiner
instanceKlass scala/collection/generic/Sizing
instanceKlass scala/collection/parallel/mutable/ParHashMap
instanceKlass scala/collection/parallel/mutable/ParHashTable
instanceKlass scala/collection/parallel/mutable/ParMap
instanceKlass scala/collection/parallel/mutable/ParMapLike
instanceKlass scala/collection/parallel/mutable/ParIterable
instanceKlass scala/collection/parallel/ParMap
instanceKlass scala/collection/parallel/ParMapLike
instanceKlass scala/collection/parallel/ParIterable
instanceKlass scala/collection/parallel/ParIterableLike
instanceKlass scala/collection/generic/GenericParMapTemplate
instanceKlass scala/collection/generic/GenericParTemplate
instanceKlass scala/collection/generic/HasNewCombiner
instanceKlass org/apache/spark/sql/execution/WholeStageCodegenEvaluatorFactory
instanceKlass org/apache/spark/rdd/MapPartitionsRDD$
instanceKlass org/apache/spark/InternalAccumulator$
instanceKlass java/io/ObjectStreamClass$5
instanceKlass java/io/ObjectStreamClass$4
instanceKlass java/io/ObjectStreamClass$3
instanceKlass java/io/ObjectStreamClass$MemberSignature
instanceKlass java/io/ObjectStreamClass$1
instanceKlass java/io/ObjectStreamClass$ExceptionInfo
instanceKlass java/io/ObjectStreamClass$ClassDataSlot
instanceKlass java/io/ObjectStreamClass$FieldReflector
instanceKlass java/io/ObjectStreamClass$FieldReflectorKey
instanceKlass java/io/ObjectStreamClass$2
instanceKlass java/io/ClassCache
instanceKlass java/io/ObjectStreamClass$Caches
instanceKlass java/io/ObjectStreamClass
instanceKlass java/io/Bits
instanceKlass java/io/ObjectOutputStream$ReplaceTable
instanceKlass java/io/ObjectOutputStream$HandleTable
instanceKlass org/apache/xbean/asm9/Opcodes
instanceKlass org/apache/xbean/asm9/Type
instanceKlass org/apache/xbean/asm9/Handle
instanceKlass org/apache/xbean/asm9/Label
instanceKlass org/apache/xbean/asm9/Context
instanceKlass org/apache/xbean/asm9/Attribute
instanceKlass org/apache/xbean/asm9/ClassReader
instanceKlass org/apache/xbean/asm9/MethodVisitor
instanceKlass org/apache/spark/util/IndylambdaScalaClosures$
instanceKlass org/apache/xbean/asm9/ClassVisitor
instanceKlass org/apache/spark/util/ClosureCleaner$
instanceKlass org/apache/spark/sql/connector/metric/CustomTaskMetric
instanceKlass org/apache/spark/rdd/RDD$
instanceKlass org/apache/spark/storage/StorageLevel$
instanceKlass org/apache/spark/rdd/RDD$$anon$1
instanceKlass org/apache/spark/sql/execution/FilterEvaluatorFactory
instanceKlass org/apache/spark/PartitionEvaluator
instanceKlass org/apache/spark/sql/execution/ProjectEvaluatorFactory
instanceKlass org/apache/spark/sql/catalyst/trees/SQLQueryContext
instanceKlass org/apache/spark/QueryContext
instanceKlass org/codehaus/janino/UnitCompiler$18
instanceKlass org/apache/spark/sql/catalyst/expressions/codegen/SubExprEliminationState$
instanceKlass org/apache/spark/shuffle/ShuffleReadMetricsReporter
instanceKlass org/apache/spark/sql/execution/streaming/state/package$
instanceKlass org/apache/spark/sql/catalyst/expressions/codegen/ByteCodeStats
instanceKlass org/codehaus/janino/SimpleCompiler$2
instanceKlass org/codehaus/janino/util/ClassFile$FieldInfo
instanceKlass org/codehaus/janino/UnitCompiler$28$1
instanceKlass java/io/Console
instanceKlass org/apache/spark/scheduler/AccumulableInfo
instanceKlass org/codehaus/janino/UnitCompiler$21
instanceKlass org/apache/spark/util/collection/unsafe/sort/RecordComparator
instanceKlass org/apache/spark/memory/MemoryConsumer
instanceKlass org/codehaus/commons/compiler/util/iterator/FilterListIterator
instanceKlass org/codehaus/janino/UnitCompiler$20
instanceKlass org/apache/spark/sql/catalyst/trees/MutableInt
instanceKlass org/apache/spark/sql/execution/datasources/WriteFilesSpec
instanceKlass org/apache/spark/util/io/ChunkedByteBuffer
instanceKlass org/apache/spark/sql/catalyst/expressions/package$Projection
instanceKlass org/apache/spark/sql/catalyst/expressions/ExpressionsEvaluator
instanceKlass org/apache/spark/sql/catalyst/expressions/codegen/UnsafeRowJoiner
instanceKlass org/codehaus/janino/UnitCompiler$14$1
instanceKlass org/codehaus/janino/UnitCompiler$7
instanceKlass org/codehaus/janino/UnitCompiler$28$2$1
instanceKlass org/codehaus/janino/UnitCompiler$28$2
instanceKlass org/codehaus/janino/UnitCompiler$28
instanceKlass scala/collection/TraversableOnce$ForceImplicitAmbiguity
instanceKlass org/codehaus/janino/UnitCompiler$14
instanceKlass org/apache/spark/sql/catalyst/expressions/codegen/BufferHolder
instanceKlass org/codehaus/janino/UnitCompiler$22
instanceKlass org/codehaus/janino/UnitCompiler$13
instanceKlass org/codehaus/janino/util/ClassFile$InnerClassesAttribute$Entry
instanceKlass org/codehaus/janino/UnitCompiler$44
instanceKlass org/codehaus/janino/util/ClassFile$CodeAttribute$ExceptionTableEntry
instanceKlass org/codehaus/janino/UnitCompiler$11
instanceKlass org/codehaus/janino/CodeContext$FixUp
instanceKlass org/codehaus/janino/util/ClassFile$StackMapTableAttribute$7
instanceKlass org/codehaus/janino/util/ClassFile$StackMapTableAttribute$6
instanceKlass org/codehaus/janino/util/ClassFile$StackMapTableAttribute$5
instanceKlass org/codehaus/janino/util/ClassFile$StackMapTableAttribute$4
instanceKlass org/codehaus/janino/util/ClassFile$StackMapTableAttribute$3
instanceKlass org/codehaus/janino/util/ClassFile$StackMapTableAttribute$2
instanceKlass org/codehaus/janino/util/ClassFile$StackMapTableAttribute$1
instanceKlass org/codehaus/janino/util/ClassFile$StackMapTableAttribute$StackMapFrame
instanceKlass org/codehaus/janino/UnitCompiler$16$1
instanceKlass org/codehaus/janino/UnitCompiler$15$1
instanceKlass org/codehaus/janino/UnitCompiler$19$1
instanceKlass org/codehaus/janino/UnitCompiler$23
instanceKlass org/codehaus/janino/UnitCompiler$26
instanceKlass org/codehaus/janino/UnitCompiler$25
instanceKlass org/codehaus/janino/CodeContext$Relocatable
instanceKlass org/codehaus/janino/util/ClassFile$StackMapTableAttribute$UninitializedVariableInfo
instanceKlass org/codehaus/janino/UnitCompiler$16
instanceKlass org/codehaus/janino/UnitCompiler$15
instanceKlass org/codehaus/janino/UnitCompiler$19
instanceKlass org/codehaus/janino/UnitCompiler$6
instanceKlass org/codehaus/janino/UnitCompiler$12
instanceKlass org/codehaus/janino/Java$LocalVariable
instanceKlass org/codehaus/janino/util/ClassFile$StackMapTableAttribute$ObjectVariableInfo
instanceKlass org/codehaus/janino/Java$LocalVariableSlot
instanceKlass org/codehaus/janino/CodeContext$LocalScope
instanceKlass org/codehaus/janino/StackMap
instanceKlass org/codehaus/janino/CodeContext
instanceKlass org/codehaus/janino/util/ClassFile$MethodInfo
instanceKlass org/codehaus/janino/Mod
instanceKlass org/codehaus/janino/UnitCompiler$42
instanceKlass org/codehaus/janino/util/ClassFile$ConstantPoolInfo
instanceKlass org/codehaus/janino/util/ClassFile
instanceKlass org/codehaus/commons/compiler/util/iterator/Iterables$5
instanceKlass org/codehaus/commons/compiler/util/iterator/Iterables$4
instanceKlass org/codehaus/commons/compiler/util/iterator/Iterables$2
instanceKlass org/codehaus/commons/compiler/util/iterator/Iterables$1
instanceKlass org/codehaus/commons/compiler/util/Predicate
instanceKlass org/codehaus/commons/compiler/util/iterator/Iterables
instanceKlass org/codehaus/janino/UnitCompiler$24
instanceKlass org/codehaus/janino/MethodDescriptor
instanceKlass org/apache/spark/sql/errors/QueryExecutionErrors
instanceKlass org/codehaus/janino/UnitCompiler$43
instanceKlass org/codehaus/janino/UnitCompiler$3
instanceKlass org/codehaus/janino/UnitCompiler$2
instanceKlass org/codehaus/janino/SimpleCompiler$1
instanceKlass org/codehaus/janino/UnitCompiler$17$2
instanceKlass org/codehaus/janino/UnitCompiler$17$1
instanceKlass org/codehaus/janino/UnitCompiler$17
instanceKlass org/codehaus/janino/util/ClassFile$StackMapTableAttribute$VerificationTypeInfo
instanceKlass org/codehaus/janino/UnitCompiler$Compilable2
instanceKlass org/codehaus/janino/CodeContext$Offset
instanceKlass org/codehaus/janino/IClass$IField
instanceKlass org/codehaus/janino/util/Annotatable
instanceKlass org/codehaus/janino/util/ClassFile$AttributeInfo
instanceKlass org/codehaus/janino/util/ClassFile$ElementValue
instanceKlass org/codehaus/janino/UnitCompiler
instanceKlass java/lang/Throwable$PrintStreamOrWriter
instanceKlass org/codehaus/janino/IParameterizedType
instanceKlass java/lang/Override
instanceKlass org/codehaus/janino/IClass$IAnnotation
instanceKlass org/codehaus/janino/IClass$IInvocable
instanceKlass org/codehaus/janino/IClass$IMember
instanceKlass org/codehaus/janino/IClass$1
instanceKlass org/codehaus/janino/ITypeVariable
instanceKlass org/codehaus/janino/Descriptor
instanceKlass org/codehaus/janino/IClass
instanceKlass org/codehaus/janino/ITypeVariableOrIClass
instanceKlass org/codehaus/commons/compiler/util/resource/ResourceFinder
instanceKlass org/codehaus/janino/Parser$1
instanceKlass org/codehaus/janino/util/AbstractTraverser$4$1
instanceKlass org/codehaus/janino/util/AbstractTraverser$7$1
instanceKlass org/codehaus/janino/util/AbstractTraverser$11
instanceKlass org/codehaus/janino/util/AbstractTraverser$10
instanceKlass org/codehaus/janino/util/AbstractTraverser$9
instanceKlass org/codehaus/janino/util/AbstractTraverser$8
instanceKlass org/codehaus/janino/Visitor$ConstructorInvocationVisitor
instanceKlass org/codehaus/janino/Visitor$TypeVisitor
instanceKlass org/codehaus/janino/util/AbstractTraverser$7
instanceKlass org/codehaus/janino/util/AbstractTraverser$6
instanceKlass org/codehaus/janino/Visitor$FunctionDeclaratorVisitor
instanceKlass org/codehaus/janino/util/AbstractTraverser$5
instanceKlass org/codehaus/janino/Visitor$LvalueVisitor
instanceKlass org/codehaus/janino/util/AbstractTraverser$4
instanceKlass org/codehaus/janino/util/AbstractTraverser$3
instanceKlass org/codehaus/janino/util/AbstractTraverser$2
instanceKlass org/codehaus/janino/util/AbstractTraverser$1
instanceKlass org/codehaus/janino/Visitor$TryStatementResourceVisitor
instanceKlass org/codehaus/janino/Visitor$AnnotationVisitor
instanceKlass org/codehaus/janino/Visitor$ElementValueVisitor
instanceKlass org/codehaus/janino/Visitor$ArrayInitializerOrRvalueVisitor
instanceKlass org/codehaus/janino/Visitor$AtomVisitor
instanceKlass org/codehaus/janino/Visitor$BlockStatementVisitor
instanceKlass org/codehaus/janino/Visitor$FieldDeclarationOrInitializerVisitor
instanceKlass org/codehaus/janino/Visitor$TypeBodyDeclarationVisitor
instanceKlass org/codehaus/janino/Visitor$RvalueVisitor
instanceKlass org/codehaus/janino/Visitor$TypeDeclarationVisitor
instanceKlass org/codehaus/janino/Visitor$ImportVisitor
instanceKlass org/codehaus/janino/Visitor$AbstractCompilationUnitVisitor
instanceKlass org/codehaus/janino/util/AbstractTraverser
instanceKlass org/codehaus/janino/util/Traverser
instanceKlass org/codehaus/janino/Java$Rvalue$2
instanceKlass org/codehaus/janino/Java$EnclosingScopeOfTypeDeclaration
instanceKlass org/codehaus/janino/IType
instanceKlass org/codehaus/janino/Java
instanceKlass org/codehaus/janino/Java$FieldDeclarationOrInitializer
instanceKlass org/codehaus/janino/TokenStreamImpl$1
instanceKlass org/codehaus/janino/Token
instanceKlass org/codehaus/commons/compiler/Location
instanceKlass org/codehaus/janino/TokenStreamImpl
instanceKlass org/codehaus/janino/Java$LambdaBody
instanceKlass org/codehaus/janino/Java$LambdaParameters
instanceKlass org/codehaus/janino/Java$AnnotationTypeDeclaration
instanceKlass org/codehaus/janino/Java$BlockStatement
instanceKlass org/codehaus/janino/Java$ModuleDirective
instanceKlass org/codehaus/janino/Java$EnumDeclaration
instanceKlass org/codehaus/janino/Java$InnerClassDeclaration
instanceKlass org/codehaus/janino/Java$MemberTypeDeclaration
instanceKlass org/codehaus/janino/Java$TypeBodyDeclaration
instanceKlass org/codehaus/janino/Java$ArrayInitializerOrRvalue
instanceKlass org/codehaus/janino/Java$Annotation
instanceKlass org/codehaus/janino/Java$Modifier
instanceKlass org/codehaus/janino/Java$ElementValue
instanceKlass org/codehaus/janino/TokenStream
instanceKlass org/codehaus/janino/Java$TypeArgument
instanceKlass org/codehaus/janino/Parser
instanceKlass org/codehaus/janino/Scanner
instanceKlass org/apache/spark/sql/catalyst/expressions/codegen/GeneratedClass
instanceKlass org/apache/spark/executor/InputMetrics
instanceKlass org/codehaus/commons/compiler/util/SystemProperties
instanceKlass org/codehaus/janino/Java$Located
instanceKlass org/codehaus/janino/UnitCompiler$ClassFileConsumer
instanceKlass org/codehaus/janino/IClassLoader
instanceKlass org/codehaus/commons/compiler/ISimpleCompiler
instanceKlass org/codehaus/janino/Java$AbstractCompilationUnit
instanceKlass org/codehaus/janino/Java$DocCommentable
instanceKlass org/codehaus/janino/Java$PackageMemberTypeDeclaration
instanceKlass org/codehaus/janino/Java$NamedTypeDeclaration
instanceKlass org/codehaus/janino/Java$AbstractTypeDeclaration
instanceKlass org/codehaus/janino/Java$ClassDeclaration
instanceKlass org/codehaus/janino/Java$TypeDeclaration
instanceKlass org/codehaus/janino/Java$Scope
instanceKlass org/codehaus/janino/Java$Locatable
instanceKlass org/codehaus/janino/Java$Annotatable
instanceKlass org/codehaus/commons/compiler/Cookable
instanceKlass org/codehaus/commons/compiler/IClassBodyEvaluator
instanceKlass org/codehaus/commons/compiler/ICookable
instanceKlass sun/security/util/MemoryCache$QueueCacheEntry
instanceKlass org/apache/spark/sql/catalyst/expressions/codegen/CodeAndComment
instanceKlass org/apache/spark/sql/execution/BufferedRowIterator
instanceKlass org/apache/spark/sql/catalyst/expressions/codegen/NewFunctionSpec
instanceKlass scala/collection/mutable/Stack$StackBuilder
instanceKlass org/apache/spark/sql/catalyst/util/UnsafeRowUtils$
instanceKlass org/apache/spark/sql/catalyst/expressions/codegen/GlobalValue
instanceKlass org/apache/spark/sql/catalyst/expressions/codegen/SubExprCodes
instanceKlass org/apache/spark/sql/catalyst/expressions/aggregate/DeclarativeAggregate$RichAttribute
instanceKlass org/apache/spark/sql/catalyst/expressions/codegen/CodeFormatter$
instanceKlass org/apache/spark/sql/catalyst/expressions/codegen/SimpleExprValue
instanceKlass org/apache/spark/sql/types/UserDefinedType$
instanceKlass org/apache/spark/sql/catalyst/expressions/codegen/CodegenContext$MutableStateArrays
instanceKlass org/apache/spark/sql/catalyst/expressions/codegen/UnsafeWriter
instanceKlass org/apache/spark/sql/catalyst/expressions/codegen/GenerateUnsafeProjection$Schema
instanceKlass org/apache/spark/sql/catalyst/expressions/BindReferences$
instanceKlass org/apache/spark/sql/catalyst/expressions/codegen/CodeGenerator
instanceKlass org/apache/spark/sql/catalyst/expressions/codegen/ExprValue$
instanceKlass scala/StringContext$
instanceKlass scala/StringContext
instanceKlass org/apache/spark/sql/catalyst/expressions/codegen/Block$
instanceKlass org/apache/spark/sql/catalyst/expressions/codegen/Block$BlockHelper$
instanceKlass org/apache/spark/sql/catalyst/expressions/codegen/Inline
instanceKlass org/apache/spark/sql/catalyst/expressions/codegen/VariableValue
instanceKlass org/apache/spark/sql/catalyst/expressions/codegen/LiteralValue
instanceKlass org/apache/spark/sql/catalyst/expressions/codegen/JavaCode$
instanceKlass org/apache/spark/sql/catalyst/expressions/codegen/ExprCode$
instanceKlass org/apache/spark/sql/catalyst/expressions/codegen/SubExprEliminationState
instanceKlass org/apache/spark/sql/catalyst/expressions/codegen/ExprCode
instanceKlass org/apache/spark/sql/execution/UnsafeKVExternalSorter
instanceKlass org/apache/spark/sql/execution/UnsafeFixedWidthAggregationMap
instanceKlass org/apache/spark/util/KeyLock
instanceKlass org/apache/spark/util/NonFateSharingCache
instanceKlass org/apache/spark/util/NonFateSharingCache$
instanceKlass org/apache/spark/sql/catalyst/expressions/codegen/CodeGenerator$
instanceKlass com/fasterxml/jackson/databind/deser/impl/PropertyValue
instanceKlass com/fasterxml/jackson/databind/deser/impl/PropertyValueBuffer
instanceKlass com/fasterxml/jackson/databind/deser/impl/PropertyBasedCreator
instanceKlass com/fasterxml/jackson/databind/jsontype/TypeDeserializer
instanceKlass com/fasterxml/jackson/databind/util/LinkedNode
instanceKlass com/fasterxml/jackson/module/scala/deser/OptionDeserializer$
instanceKlass com/fasterxml/jackson/databind/deser/impl/ReadableObjectId$Referring
instanceKlass com/fasterxml/jackson/databind/deser/impl/BeanPropertyMap
instanceKlass com/fasterxml/jackson/annotation/JsonAlias
instanceKlass com/fasterxml/jackson/databind/introspect/POJOPropertyBuilder$4
instanceKlass com/fasterxml/jackson/databind/deser/impl/NullsConstantProvider
instanceKlass com/fasterxml/jackson/databind/util/IgnorePropertiesUtil
instanceKlass com/fasterxml/jackson/databind/deser/BeanDeserializerBuilder
instanceKlass com/fasterxml/jackson/module/scala/introspect/ScalaAnnotationIntrospector$ScalaValueInstantiator$$anon$1
instanceKlass com/fasterxml/jackson/module/scala/introspect/ClassOverrides
instanceKlass com/fasterxml/jackson/databind/deser/impl/CreatorCandidate$Param
instanceKlass com/fasterxml/jackson/databind/deser/impl/CreatorCandidate
instanceKlass com/fasterxml/jackson/databind/deser/BasicDeserializerFactory$1
instanceKlass com/fasterxml/jackson/databind/deser/BasicDeserializerFactory$CreatorCollectionState
instanceKlass com/fasterxml/jackson/databind/introspect/POJOPropertyBuilder$MemberIterator
instanceKlass com/fasterxml/jackson/databind/deser/impl/CreatorCollector
instanceKlass com/fasterxml/jackson/databind/cfg/ConstructorDetector
instanceKlass com/fasterxml/jackson/core/JsonLocation
instanceKlass com/fasterxml/jackson/databind/deser/impl/JDKValueInstantiators
instanceKlass com/fasterxml/jackson/databind/annotation/JsonValueInstantiator
instanceKlass com/fasterxml/jackson/databind/jsontype/impl/SubTypeValidator
instanceKlass com/fasterxml/jackson/databind/deser/std/JdkDeserializers
instanceKlass org/apache/spark/sql/catalyst/expressions/codegen/CodegenContext
instanceKlass com/fasterxml/jackson/databind/ser/impl/PropertySerializerMap$SerializerAndMapResult
instanceKlass com/fasterxml/jackson/annotation/JsonFilter
instanceKlass com/fasterxml/jackson/annotation/JsonIncludeProperties
instanceKlass com/fasterxml/jackson/annotation/JsonIncludeProperties$Value
instanceKlass com/fasterxml/jackson/annotation/JsonIgnoreProperties
instanceKlass com/fasterxml/jackson/annotation/JsonIgnoreProperties$Value
instanceKlass com/fasterxml/jackson/databind/annotation/JsonAppend
instanceKlass com/fasterxml/jackson/databind/ser/impl/PropertySerializerMap
instanceKlass com/fasterxml/jackson/databind/introspect/POJOPropertyBuilder$1
instanceKlass com/fasterxml/jackson/databind/ser/PropertyBuilder$1
instanceKlass com/fasterxml/jackson/databind/BeanProperty$Std
instanceKlass com/fasterxml/jackson/databind/introspect/POJOPropertyBuilder$2
instanceKlass com/fasterxml/jackson/annotation/JsonTypeId
instanceKlass com/fasterxml/jackson/databind/introspect/POJOPropertyBuilder$3
instanceKlass com/fasterxml/jackson/databind/ser/PropertyBuilder
instanceKlass com/fasterxml/jackson/annotation/JsonIgnoreType
instanceKlass com/fasterxml/jackson/databind/ser/BeanSerializerBuilder
instanceKlass com/fasterxml/jackson/databind/ObjectWriter
instanceKlass com/fasterxml/jackson/databind/util/BeanUtil
instanceKlass com/fasterxml/jackson/databind/ext/Java7Handlers
instanceKlass com/fasterxml/jackson/databind/ext/OptionalHandlerFactory
instanceKlass com/fasterxml/jackson/databind/PropertyMetadata
instanceKlass com/fasterxml/jackson/annotation/JsonPropertyDescription
instanceKlass com/fasterxml/jackson/databind/annotation/JsonNaming
instanceKlass com/fasterxml/jackson/annotation/JacksonInject
instanceKlass com/fasterxml/jackson/databind/introspect/POJOPropertyBuilder$6
instanceKlass com/fasterxml/jackson/databind/introspect/POJOPropertyBuilder$5
instanceKlass com/fasterxml/jackson/databind/type/TypeBindings$AsKey
instanceKlass com/fasterxml/jackson/databind/type/TypeBindings$TypeParamStash
instanceKlass com/fasterxml/jackson/annotation/JsonCreator
instanceKlass com/fasterxml/jackson/databind/introspect/MethodGenericTypeResolver
instanceKlass com/fasterxml/jackson/annotation/JsonSetter
instanceKlass com/fasterxml/jackson/databind/introspect/AnnotatedMethodMap
instanceKlass com/fasterxml/jackson/databind/introspect/AnnotatedMethodCollector$MethodBuilder
instanceKlass com/fasterxml/jackson/databind/introspect/MemberKey
instanceKlass com/fasterxml/jackson/databind/introspect/POJOPropertyBuilder$Linked
instanceKlass com/fasterxml/jackson/databind/AnnotationIntrospector$ReferenceProperty
instanceKlass com/fasterxml/jackson/databind/introspect/POJOPropertyBuilder$WithMember
instanceKlass com/fasterxml/jackson/annotation/JsonAutoDetect$1
instanceKlass com/fasterxml/jackson/annotation/JsonGetter
instanceKlass com/fasterxml/jackson/module/scala/introspect/BeanDescriptor
instanceKlass com/fasterxml/jackson/annotation/JsonProperty
instanceKlass com/fasterxml/jackson/module/scala/introspect/ConstructorParameter
instanceKlass com/fasterxml/jackson/module/scala/introspect/JavaParameterIntrospector$
instanceKlass com/fasterxml/jackson/module/scala/introspect/PropertyDescriptor
instanceKlass scala/collection/immutable/Stream$ConsWrapper
instanceKlass com/fasterxml/jackson/module/scala/introspect/LazyListSupport$
instanceKlass com/fasterxml/jackson/module/scala/introspect/BeanIntrospector$
instanceKlass com/fasterxml/jackson/module/scala/util/TastyUtil$
instanceKlass com/fasterxml/jackson/module/scala/util/ClassW$$anon$1
instanceKlass com/fasterxml/jackson/module/scala/util/ClassW
instanceKlass com/fasterxml/jackson/module/scala/util/PimpedType
instanceKlass com/fasterxml/jackson/module/scala/util/ClassW$
instanceKlass com/fasterxml/jackson/module/scala/util/Implicits$
instanceKlass com/fasterxml/jackson/module/scala/util/Strings
instanceKlass com/fasterxml/jackson/module/scala/util/Options
instanceKlass com/fasterxml/jackson/module/scala/util/Classes
instanceKlass com/fasterxml/jackson/annotation/JsonAnySetter
instanceKlass com/fasterxml/jackson/annotation/JsonAnyGetter
instanceKlass com/fasterxml/jackson/annotation/JsonValue
instanceKlass com/fasterxml/jackson/annotation/JsonKey
instanceKlass com/fasterxml/jackson/databind/introspect/AnnotatedFieldCollector$FieldBuilder
instanceKlass com/fasterxml/jackson/databind/introspect/TypeResolutionContext$Basic
instanceKlass com/fasterxml/jackson/databind/introspect/CollectorBase
instanceKlass com/fasterxml/jackson/databind/introspect/AnnotationMap
instanceKlass com/fasterxml/jackson/annotation/JsonPropertyOrder
instanceKlass com/fasterxml/jackson/annotation/JsonInclude
instanceKlass org/apache/spark/rdd/RDDOperationScope
instanceKlass scala/collection/mutable/SortedMap
instanceKlass scala/collection/generic/SortedMapFactory
instanceKlass scala/collection/generic/GenericClassTagTraversableTemplate
instanceKlass com/fasterxml/jackson/databind/deser/ValueInstantiator
instanceKlass com/fasterxml/jackson/databind/deser/ContextualKeyDeserializer
instanceKlass com/fasterxml/jackson/module/scala/deser/EnumerationKeyDeserializers$
instanceKlass com/fasterxml/jackson/module/scala/deser/ContextualEnumerationDeserializer
instanceKlass com/fasterxml/jackson/module/scala/VersionExtractor$
instanceKlass com/fasterxml/jackson/databind/cfg/PackageVersion
instanceKlass com/fasterxml/jackson/core/util/VersionUtil
instanceKlass com/fasterxml/jackson/module/scala/JacksonModule$
instanceKlass com/fasterxml/jackson/module/scala/DefaultLookupCacheFactory$
instanceKlass com/fasterxml/jackson/databind/util/Converter
instanceKlass com/fasterxml/jackson/module/scala/ser/IterableSerializer
instanceKlass com/fasterxml/jackson/module/scala/ser/ContextualEnumerationSerializer
instanceKlass com/fasterxml/jackson/module/scala/ser/IteratorSerializer
instanceKlass com/fasterxml/jackson/module/scala/LookupCacheFactory
instanceKlass com/fasterxml/jackson/databind/type/TypeModifier
instanceKlass org/apache/spark/sql/execution/ui/SparkPlanGraphClusterWrapper
instanceKlass org/apache/spark/sql/execution/ui/SparkPlanGraphNodeWrapper
instanceKlass org/apache/spark/sql/execution/ui/SparkPlanGraphWrapper
instanceKlass org/apache/spark/rdd/RDDOperationScope$
instanceKlass org/apache/spark/sql/execution/ui/SparkPlanGraph
instanceKlass org/apache/spark/util/random/RandomSampler
instanceKlass org/apache/spark/util/random/Pseudorandom
instanceKlass org/apache/spark/sql/execution/ui/SparkPlanGraphEdge
instanceKlass org/apache/spark/sql/execution/ui/SparkPlanGraphNode
instanceKlass org/apache/spark/sql/execution/ui/SQLPlanMetric
instanceKlass org/apache/spark/sql/execution/ui/SparkPlanGraph$
instanceKlass scala/Tuple8
instanceKlass scala/Product8
instanceKlass org/apache/spark/sql/execution/LogicalRDD$
instanceKlass org/apache/spark/sql/execution/metric/CustomMetrics$
instanceKlass org/apache/spark/sql/connector/metric/CustomSumMetric
instanceKlass org/apache/spark/sql/connector/metric/CustomMetric
instanceKlass org/apache/spark/sql/execution/metric/SQLShuffleWriteMetricsReporter$
instanceKlass org/apache/spark/sql/execution/metric/SQLShuffleReadMetricsReporter$
instanceKlass org/apache/spark/sql/execution/streaming/StatefulOperatorCustomMetric
instanceKlass org/apache/spark/sql/execution/SparkPlanInfo
instanceKlass org/apache/spark/sql/execution/metric/SQLMetricInfo
instanceKlass org/apache/spark/sql/execution/SparkPlanInfo$
instanceKlass org/apache/spark/sql/catalyst/plans/logical/TableSpec
instanceKlass org/apache/spark/sql/internal/connector/SupportsMetadata
instanceKlass scala/collection/mutable/BitSet$
instanceKlass scala/collection/mutable/HashTable$Contents
instanceKlass java/util/concurrent/ConcurrentLinkedQueue$Itr
instanceKlass org/apache/spark/CleanerListener
instanceKlass org/apache/spark/CleanBroadcast
instanceKlass org/apache/spark/CleanShuffle
instanceKlass org/apache/spark/CleanRDD
instanceKlass org/apache/spark/sql/execution/ExplainUtils$
instanceKlass org/apache/spark/sql/execution/streaming/NoOpWatermarkPropagator$
instanceKlass org/apache/spark/sql/catalyst/util/StringConcat
instanceKlass org/apache/spark/sql/execution/FormattedMode$
instanceKlass org/apache/spark/sql/execution/CostMode$
instanceKlass org/apache/spark/sql/execution/CodegenMode$
instanceKlass org/apache/spark/sql/execution/ExtendedMode$
instanceKlass org/apache/spark/sql/execution/SimpleMode$
instanceKlass org/apache/spark/sql/execution/ExplainMode$
instanceKlass org/apache/spark/sql/execution/SQLExecution$
instanceKlass org/apache/spark/sql/catalyst/plans/QueryPlan$
instanceKlass org/sparkproject/guava/base/Joiner$MapJoiner
instanceKlass org/sparkproject/guava/collect/UnmodifiableIterator
instanceKlass org/sparkproject/guava/collect/ImmutableMap
instanceKlass org/sparkproject/guava/collect/SortedMapDifference
instanceKlass org/sparkproject/guava/collect/Maps$EntryTransformer
instanceKlass org/sparkproject/guava/collect/BiMap
instanceKlass org/sparkproject/guava/collect/MapDifference
instanceKlass org/sparkproject/guava/collect/Maps
instanceKlass org/apache/spark/sql/execution/WholeStageCodegenExec$
instanceKlass org/apache/spark/sql/catalyst/plans/physical/AllTuples$
instanceKlass org/apache/spark/sql/execution/UnsafeExternalRowSorter$PrefixComputer
instanceKlass org/apache/spark/shuffle/ShuffleWriteProcessor
instanceKlass org/apache/spark/sql/execution/exchange/ShuffleExchangeExec$
instanceKlass org/apache/spark/sql/catalyst/plans/physical/BroadcastDistribution
instanceKlass org/apache/spark/sql/catalyst/plans/physical/StatefulOpClusteredDistribution
instanceKlass org/apache/spark/sql/execution/streaming/StatefulOperatorPartitioning$
instanceKlass scala/collection/TraversableOnce$MonadOps
instanceKlass scala/collection/TraversableOnce$FlattenOps
instanceKlass scala/collection/TraversableOnce$
instanceKlass org/apache/spark/sql/catalyst/expressions/SortOrder$
instanceKlass org/apache/spark/sql/catalyst/plans/physical/ClusteredDistribution
instanceKlass org/apache/spark/sql/catalyst/plans/physical/UnknownPartitioning
instanceKlass org/apache/spark/sql/execution/exchange/ENSURE_REQUIREMENTS$
instanceKlass org/apache/spark/sql/catalyst/plans/physical/UnspecifiedDistribution$
instanceKlass org/apache/spark/sql/execution/window/WindowExecBase
instanceKlass org/apache/spark/sql/execution/streaming/IncrementalExecution$WatermarkPropagationRule$
instanceKlass org/apache/spark/sql/execution/ObjectProducerExec
instanceKlass org/apache/spark/sql/execution/streaming/FlatMapGroupsWithStateExecBase
instanceKlass org/apache/spark/sql/execution/streaming/StatefulOperatorStateInfo
instanceKlass org/apache/spark/sql/execution/UnaryExecNode$
instanceKlass org/apache/spark/sql/execution/streaming/IncrementalExecution$StateOpIdRule$
instanceKlass org/apache/spark/sql/execution/streaming/IncrementalExecution$ConvertLocalLimitRule$
instanceKlass org/apache/spark/sql/execution/streaming/IncrementalExecution$ShufflePartitionsRule$
instanceKlass org/apache/spark/sql/execution/streaming/IncrementalExecution$SparkPlanPartialRule
instanceKlass org/apache/spark/sql/connector/read/PartitionReader
instanceKlass org/apache/spark/sql/kafka010/KafkaBatchReaderFactory$
instanceKlass org/apache/spark/sql/kafka010/KafkaBatchInputPartition
instanceKlass org/apache/spark/sql/connector/read/InputPartition
instanceKlass scala/math/Ordering$$anon$4
instanceKlass org/apache/spark/scheduler/ExecutorCacheTaskLocation
instanceKlass org/apache/spark/scheduler/TaskLocation
instanceKlass scala/collection/concurrent/TrieMapIterator$
instanceKlass scala/collection/concurrent/TrieMapIterator
instanceKlass scala/collection/concurrent/RDCSS_Descriptor
instanceKlass org/apache/spark/storage/BlockManagerMessages$GetLocationsMultipleBlockIds
instanceKlass org/apache/spark/storage/BlockManagerMessages$GetLocationsAndStatus
instanceKlass org/apache/spark/storage/BlockManagerMessages$GetLocations
instanceKlass org/apache/spark/storage/BlockManagerMessages$UpdateBlockInfo
instanceKlass org/apache/spark/storage/BlockManagerMessages$GetPeers
instanceKlass org/apache/spark/sql/kafka010/KafkaOffsetRange
instanceKlass org/apache/spark/sql/execution/streaming/EventTimeStats
instanceKlass org/apache/spark/sql/execution/streaming/EventTimeStats$
instanceKlass org/apache/spark/sql/execution/streaming/EventTimeStatsAccum$
instanceKlass org/apache/spark/PartitionEvaluatorFactory
instanceKlass org/apache/spark/sql/catalyst/planning/PhysicalWindow$
instanceKlass org/apache/spark/sql/execution/metric/SQLMetric$
instanceKlass org/apache/spark/sql/execution/metric/SQLMetrics$
instanceKlass org/apache/spark/sql/execution/streaming/state/StreamingAggregationStateManagerBaseImpl
instanceKlass org/apache/spark/unsafe/KVIterator
instanceKlass org/apache/spark/sql/catalyst/plans/logical/Aggregate$
instanceKlass org/apache/spark/sql/execution/aggregate/AggregateCodegenSupport
instanceKlass org/apache/spark/sql/execution/GeneratePredicateHelper
instanceKlass org/apache/spark/sql/execution/aggregate/BaseAggregateExec
instanceKlass org/apache/spark/sql/execution/streaming/WatermarkSupport
instanceKlass org/apache/spark/sql/execution/streaming/StateStoreWriter
instanceKlass org/apache/spark/sql/execution/python/PythonSQLMetrics
instanceKlass org/apache/spark/sql/execution/streaming/StateStoreReader
instanceKlass org/apache/spark/sql/execution/streaming/StatefulOperator
instanceKlass org/apache/spark/sql/execution/aggregate/AggUtils$
instanceKlass org/apache/spark/sql/catalyst/expressions/ExpressionStats
instanceKlass scala/runtime/java8/JFunction2$mcIII$sp
instanceKlass org/apache/spark/sql/catalyst/expressions/ExpressionEquals
instanceKlass org/apache/spark/sql/catalyst/expressions/EquivalentExpressions$
instanceKlass org/apache/spark/sql/catalyst/expressions/EquivalentExpressions
instanceKlass org/apache/spark/sql/execution/SparkPlan$
instanceKlass org/apache/spark/sql/catalyst/plans/physical/Partitioning
instanceKlass org/apache/spark/sql/catalyst/plans/logical/LeafCommand
instanceKlass org/apache/spark/sql/catalyst/plans/logical/BaseEvalPythonUDTF
instanceKlass org/apache/spark/sql/catalyst/planning/PhysicalAggregation$
instanceKlass org/apache/spark/sql/execution/exchange/ShuffleOrigin
instanceKlass org/apache/spark/sql/execution/window/WindowGroupLimitMode
instanceKlass org/apache/spark/sql/delta/PreprocessTableWithDVs
instanceKlass org/apache/spark/sql/execution/LimitExec
instanceKlass org/apache/spark/sql/catalyst/planning/GenericStrategy
instanceKlass org/apache/spark/sql/execution/InputRDDCodegen
instanceKlass org/apache/spark/sql/execution/RowToColumnarTransition
instanceKlass org/apache/spark/sql/execution/ColumnarToRowTransition
instanceKlass org/apache/spark/sql/execution/FileSourceScanLike
instanceKlass org/apache/spark/sql/execution/DataSourceScanExec
instanceKlass org/apache/spark/sql/execution/BlockingOperatorWithCodegen
instanceKlass org/apache/spark/sql/execution/exchange/ShuffleExchangeLike
instanceKlass org/apache/spark/sql/execution/exchange/BroadcastExchangeLike
instanceKlass org/apache/spark/sql/execution/joins/HashJoin
instanceKlass org/apache/spark/sql/catalyst/plans/physical/ShuffleSpec
instanceKlass org/apache/spark/sql/execution/datasources/v2/DataSourceV2ScanExecBase
instanceKlass org/apache/spark/sql/catalyst/plans/physical/Distribution
instanceKlass org/apache/spark/sql/catalyst/plans/physical/BroadcastMode
instanceKlass org/apache/spark/sql/execution/joins/ShuffledJoin
instanceKlass org/apache/spark/sql/execution/joins/JoinCodegenSupport
instanceKlass org/apache/spark/sql/execution/joins/BaseJoinExec
instanceKlass org/apache/spark/sql/execution/BinaryExecNode
instanceKlass org/apache/spark/sql/execution/adaptive/AdaptiveExecutionContext
instanceKlass org/apache/spark/sql/execution/LeafExecNode
instanceKlass org/apache/spark/sql/catalyst/optimizer/MergeScalarSubqueries$Header
instanceKlass org/apache/spark/sql/connector/write/Write
instanceKlass org/apache/spark/sql/connector/write/BatchWrite
instanceKlass org/apache/spark/sql/catalyst/planning/GroupBasedRowLevelOperation$
instanceKlass org/apache/spark/sql/catalyst/planning/ScanOperation$
instanceKlass org/apache/spark/sql/catalyst/planning/PhysicalOperation$
instanceKlass org/apache/spark/sql/catalyst/planning/OperationHelper
instanceKlass org/apache/spark/sql/delta/stats/PrepareDeltaScanBase$DeltaTableScan
instanceKlass org/apache/spark/sql/delta/implicits/RichSparkClasses$RichLogicalPlan
instanceKlass org/apache/spark/sql/delta/implicits/package$
instanceKlass org/apache/spark/sql/delta/implicits/RichSparkClasses
instanceKlass org/apache/spark/sql/delta/util/DeltaEncoders
instanceKlass org/apache/spark/sql/delta/perf/OptimizeMetadataOnlyDeltaQuery$MetadataOptimizableAggregate$
instanceKlass org/apache/spark/sql/catalyst/plans/logical/RowLevelWrite
instanceKlass org/apache/spark/sql/execution/datasources/v2/OptimizeMetadataOnlyDeleteFromTable$RewrittenRowLevelCommand$
instanceKlass org/apache/spark/Partitioner
instanceKlass org/apache/spark/sql/catalyst/expressions/SubqueryExpression$
instanceKlass org/apache/spark/sql/catalyst/expressions/UnaryExpression$
instanceKlass org/apache/spark/sql/catalyst/expressions/BinaryPredicate$
instanceKlass org/apache/spark/sql/catalyst/optimizer/SupportedBinaryExpr$
instanceKlass org/apache/spark/sql/catalyst/types/PhysicalNumericType$
instanceKlass org/apache/spark/sql/catalyst/optimizer/NestedColumnAliasing$
instanceKlass org/apache/spark/sql/catalyst/optimizer/GeneratorNestedColumnAliasing$
instanceKlass scala/collection/immutable/TreeMap
instanceKlass scala/collection/immutable/SortedMap
instanceKlass scala/collection/SortedMap
instanceKlass scala/collection/SortedMapLike
instanceKlass org/apache/spark/sql/catalyst/expressions/ExpressionSet
instanceKlass org/apache/spark/sql/catalyst/expressions/ExpressionSet$
instanceKlass org/apache/spark/sql/catalyst/CurrentUserContext$
instanceKlass org/apache/spark/sql/connector/catalog/CatalogV2Implicits$NamespaceHelper
instanceKlass org/apache/spark/sql/connector/catalog/StagedTable
instanceKlass org/apache/spark/sql/connector/catalog/DelegatingCatalogExtension
instanceKlass org/apache/spark/sql/connector/catalog/CatalogExtension
instanceKlass org/apache/spark/sql/delta/catalog/SupportsPathIdentifier
instanceKlass org/apache/spark/sql/connector/catalog/StagingTableCatalog
instanceKlass org/apache/spark/sql/connector/catalog/Catalogs$
instanceKlass org/apache/spark/sql/catalyst/plans/QueryPlan$$anon$1
instanceKlass org/apache/spark/sql/catalyst/plans/logical/BaseEvalPython
instanceKlass org/apache/spark/sql/catalyst/expressions/DynamicPruning
instanceKlass org/apache/spark/sql/delta/stats/DeltaScanGenerator
instanceKlass org/apache/spark/sql/catalyst/analysis/HintErrorLogger$
instanceKlass org/apache/spark/sql/catalyst/optimizer/BuildSide
instanceKlass org/apache/spark/sql/catalyst/optimizer/JoinSelectionHelper
instanceKlass scala/collection/IterableLike$$anon$1
instanceKlass org/apache/spark/sql/delta/GenerateRowIDs$DeltaScanWithRowTrackingEnabled$
instanceKlass org/apache/spark/sql/execution/streaming/MicroBatchExecution$
instanceKlass org/apache/hadoop/util/NativeCrc32
instanceKlass org/apache/hadoop/util/DataChecksum$1
instanceKlass org/apache/hadoop/util/DataChecksum
instanceKlass org/apache/hadoop/fs/Options$ChecksumOpt
instanceKlass org/apache/spark/sql/streaming/StreamingQueryListener$QueryProgressEvent
instanceKlass org/apache/spark/sql/streaming/StreamingQueryListener$QueryIdleEvent
instanceKlass org/apache/spark/sql/streaming/StateOperatorProgress
instanceKlass org/apache/spark/sql/streaming/SinkProgress
instanceKlass org/apache/spark/sql/streaming/SinkProgress$
instanceKlass org/apache/spark/sql/connector/read/streaming/ReportsSinkMetrics
instanceKlass org/apache/spark/sql/execution/datasources/v2/StreamWriterCommitProgress
instanceKlass org/apache/spark/sql/kafka010/KafkaSourceOffset$
instanceKlass org/apache/spark/sql/kafka010/KafkaMicroBatchStream$
instanceKlass org/apache/spark/sql/streaming/SourceProgress
instanceKlass org/apache/spark/sql/execution/streaming/ProgressReporter$ExecutionStats
instanceKlass java/util/AbstractMap$SimpleEntry
instanceKlass org/apache/spark/sql/connector/read/streaming/CompositeReadLimit
instanceKlass org/apache/kafka/clients/admin/ListOffsetsResult$ListOffsetsResultInfo
instanceKlass org/apache/kafka/clients/admin/KafkaAdminClient$ConstantNodeIdProvider
instanceKlass org/apache/kafka/clients/admin/ListOffsetsResult$1
instanceKlass org/apache/kafka/clients/admin/ListOffsetsResult
instanceKlass org/apache/kafka/clients/admin/internals/MetadataOperationContext
instanceKlass org/apache/kafka/clients/consumer/internals/AbstractPartitionAssignor
instanceKlass org/apache/kafka/clients/consumer/ConsumerPartitionAssignor
instanceKlass org/apache/kafka/common/config/ConfigDef$NonEmptyString
instanceKlass org/apache/kafka/common/config/ConfigDef$NonNullValidator
instanceKlass org/apache/kafka/clients/admin/OffsetSpec
instanceKlass org/apache/kafka/clients/admin/TopicDescription
instanceKlass org/apache/kafka/common/TopicPartitionInfo
instanceKlass org/apache/kafka/common/PartitionInfo
instanceKlass org/apache/kafka/common/requests/MetadataResponse$TopicMetadata
instanceKlass org/apache/kafka/common/requests/MetadataResponse$PartitionMetadata
instanceKlass org/apache/kafka/common/requests/RequestUtils
instanceKlass java/util/Spliterators$IteratorSpliterator
instanceKlass org/apache/kafka/common/requests/MetadataResponse$Holder
instanceKlass org/apache/kafka/clients/ClientResponse
instanceKlass org/apache/kafka/common/feature/BaseVersionRange
instanceKlass org/apache/kafka/clients/NodeApiVersions
instanceKlass org/apache/kafka/common/utils/ImplicitLinkedHashCollection$ImplicitLinkedHashCollectionIterator
instanceKlass org/apache/kafka/common/utils/ImplicitLinkedHashCollection$HeadElement
instanceKlass org/apache/kafka/common/requests/AbstractResponse$1
instanceKlass org/apache/kafka/common/protocol/ByteBufferAccessor
instanceKlass org/apache/kafka/common/message/ResponseHeaderData
instanceKlass org/apache/kafka/common/requests/ResponseHeader
instanceKlass sun/nio/ch/IOVecWrapper$Deallocator
instanceKlass sun/nio/ch/NativeObject
instanceKlass sun/nio/ch/IOVecWrapper
instanceKlass org/apache/kafka/common/network/NetworkSend
instanceKlass org/apache/kafka/clients/NetworkClient$InFlightRequest
instanceKlass org/apache/kafka/common/network/ByteBufferSend
instanceKlass org/apache/kafka/common/protocol/types/RawTaggedFieldWriter
instanceKlass org/apache/kafka/common/utils/ByteUtils
instanceKlass org/apache/kafka/common/protocol/MessageSizeAccumulator
instanceKlass org/apache/kafka/common/protocol/ObjectSerializationCache
instanceKlass org/apache/kafka/common/protocol/SendBuilder
instanceKlass org/apache/kafka/common/message/RequestHeaderData
instanceKlass org/apache/kafka/common/protocol/Writable
instanceKlass org/apache/kafka/common/requests/RequestHeader
instanceKlass org/apache/kafka/common/requests/AbstractResponse
instanceKlass org/apache/kafka/common/network/Send
instanceKlass org/apache/kafka/common/security/authenticator/SaslClientAuthenticator
instanceKlass org/apache/kafka/clients/ClientRequest
instanceKlass org/apache/kafka/common/message/AllocateProducerIdsResponseData
instanceKlass org/apache/kafka/common/message/AllocateProducerIdsRequestData
instanceKlass org/apache/kafka/common/message/ListTransactionsResponseData$TransactionState
instanceKlass org/apache/kafka/common/message/ListTransactionsResponseData
instanceKlass org/apache/kafka/common/message/ListTransactionsRequestData
instanceKlass org/apache/kafka/common/message/DescribeTransactionsResponseData$TopicData
instanceKlass org/apache/kafka/common/message/DescribeTransactionsResponseData$TransactionState
instanceKlass org/apache/kafka/common/message/DescribeTransactionsResponseData
instanceKlass org/apache/kafka/common/message/DescribeTransactionsRequestData
instanceKlass org/apache/kafka/common/message/UnregisterBrokerResponseData
instanceKlass org/apache/kafka/common/message/UnregisterBrokerRequestData
instanceKlass org/apache/kafka/common/message/BrokerHeartbeatResponseData
instanceKlass org/apache/kafka/common/message/BrokerHeartbeatRequestData
instanceKlass org/apache/kafka/common/message/BrokerRegistrationResponseData
instanceKlass org/apache/kafka/common/message/BrokerRegistrationRequestData$Feature
instanceKlass org/apache/kafka/common/message/BrokerRegistrationRequestData$Listener
instanceKlass org/apache/kafka/common/message/BrokerRegistrationRequestData
instanceKlass org/apache/kafka/common/message/DescribeProducersResponseData$ProducerState
instanceKlass org/apache/kafka/common/message/DescribeProducersResponseData$PartitionResponse
instanceKlass org/apache/kafka/common/message/DescribeProducersResponseData$TopicResponse
instanceKlass org/apache/kafka/common/message/DescribeProducersResponseData
instanceKlass org/apache/kafka/common/message/DescribeProducersRequestData$TopicRequest
instanceKlass org/apache/kafka/common/message/DescribeProducersRequestData
instanceKlass org/apache/kafka/common/message/DescribeClusterResponseData$DescribeClusterBroker
instanceKlass org/apache/kafka/common/message/DescribeClusterResponseData
instanceKlass org/apache/kafka/common/message/DescribeClusterRequestData
instanceKlass org/apache/kafka/common/message/FetchSnapshotResponseData$LeaderIdAndEpoch
instanceKlass org/apache/kafka/common/message/FetchSnapshotResponseData$SnapshotId
instanceKlass org/apache/kafka/common/message/FetchSnapshotResponseData$PartitionSnapshot
instanceKlass org/apache/kafka/common/message/FetchSnapshotResponseData$TopicSnapshot
instanceKlass org/apache/kafka/common/message/FetchSnapshotResponseData
instanceKlass org/apache/kafka/common/message/FetchSnapshotRequestData$SnapshotId
instanceKlass org/apache/kafka/common/message/FetchSnapshotRequestData$PartitionSnapshot
instanceKlass org/apache/kafka/common/message/FetchSnapshotRequestData$TopicSnapshot
instanceKlass org/apache/kafka/common/message/FetchSnapshotRequestData
instanceKlass org/apache/kafka/common/message/EnvelopeResponseData
instanceKlass org/apache/kafka/common/message/EnvelopeRequestData
instanceKlass org/apache/kafka/common/message/UpdateFeaturesResponseData$UpdatableFeatureResult
instanceKlass org/apache/kafka/common/message/UpdateFeaturesResponseData
instanceKlass org/apache/kafka/common/message/UpdateFeaturesRequestData$FeatureUpdateKey
instanceKlass org/apache/kafka/common/message/UpdateFeaturesRequestData
instanceKlass org/apache/kafka/common/message/AlterPartitionResponseData$PartitionData
instanceKlass org/apache/kafka/common/message/AlterPartitionResponseData$TopicData
instanceKlass org/apache/kafka/common/message/AlterPartitionResponseData
instanceKlass org/apache/kafka/common/message/AlterPartitionRequestData$PartitionData
instanceKlass org/apache/kafka/common/message/AlterPartitionRequestData$TopicData
instanceKlass org/apache/kafka/common/message/AlterPartitionRequestData
instanceKlass org/apache/kafka/common/message/DescribeQuorumResponseData$ReplicaState
instanceKlass org/apache/kafka/common/message/DescribeQuorumResponseData$PartitionData
instanceKlass org/apache/kafka/common/message/DescribeQuorumResponseData$TopicData
instanceKlass org/apache/kafka/common/message/DescribeQuorumResponseData
instanceKlass org/apache/kafka/common/message/DescribeQuorumRequestData$PartitionData
instanceKlass org/apache/kafka/common/message/DescribeQuorumRequestData$TopicData
instanceKlass org/apache/kafka/common/message/DescribeQuorumRequestData
instanceKlass org/apache/kafka/common/message/EndQuorumEpochResponseData$PartitionData
instanceKlass org/apache/kafka/common/message/EndQuorumEpochResponseData$TopicData
instanceKlass org/apache/kafka/common/message/EndQuorumEpochResponseData
instanceKlass org/apache/kafka/common/message/EndQuorumEpochRequestData$PartitionData
instanceKlass org/apache/kafka/common/message/EndQuorumEpochRequestData$TopicData
instanceKlass org/apache/kafka/common/message/EndQuorumEpochRequestData
instanceKlass org/apache/kafka/common/message/BeginQuorumEpochResponseData$PartitionData
instanceKlass org/apache/kafka/common/message/BeginQuorumEpochResponseData$TopicData
instanceKlass org/apache/kafka/common/message/BeginQuorumEpochResponseData
instanceKlass org/apache/kafka/common/message/BeginQuorumEpochRequestData$PartitionData
instanceKlass org/apache/kafka/common/message/BeginQuorumEpochRequestData$TopicData
instanceKlass org/apache/kafka/common/message/BeginQuorumEpochRequestData
instanceKlass org/apache/kafka/common/message/VoteResponseData$PartitionData
instanceKlass org/apache/kafka/common/message/VoteResponseData$TopicData
instanceKlass org/apache/kafka/common/message/VoteResponseData
instanceKlass org/apache/kafka/common/message/VoteRequestData$PartitionData
instanceKlass org/apache/kafka/common/message/VoteRequestData$TopicData
instanceKlass org/apache/kafka/common/message/VoteRequestData
instanceKlass org/apache/kafka/common/message/AlterUserScramCredentialsResponseData$AlterUserScramCredentialsResult
instanceKlass org/apache/kafka/common/message/AlterUserScramCredentialsResponseData
instanceKlass org/apache/kafka/common/message/AlterUserScramCredentialsRequestData$ScramCredentialUpsertion
instanceKlass org/apache/kafka/common/message/AlterUserScramCredentialsRequestData$ScramCredentialDeletion
instanceKlass org/apache/kafka/common/message/AlterUserScramCredentialsRequestData
instanceKlass org/apache/kafka/common/message/DescribeUserScramCredentialsResponseData$CredentialInfo
instanceKlass org/apache/kafka/common/message/DescribeUserScramCredentialsResponseData$DescribeUserScramCredentialsResult
instanceKlass org/apache/kafka/common/message/DescribeUserScramCredentialsResponseData
instanceKlass org/apache/kafka/common/message/DescribeUserScramCredentialsRequestData$UserName
instanceKlass org/apache/kafka/common/message/DescribeUserScramCredentialsRequestData
instanceKlass org/apache/kafka/common/message/AlterClientQuotasResponseData$EntityData
instanceKlass org/apache/kafka/common/message/AlterClientQuotasResponseData$EntryData
instanceKlass org/apache/kafka/common/message/AlterClientQuotasResponseData
instanceKlass org/apache/kafka/common/message/AlterClientQuotasRequestData$OpData
instanceKlass org/apache/kafka/common/message/AlterClientQuotasRequestData$EntityData
instanceKlass org/apache/kafka/common/message/AlterClientQuotasRequestData$EntryData
instanceKlass org/apache/kafka/common/message/AlterClientQuotasRequestData
instanceKlass org/apache/kafka/common/message/DescribeClientQuotasResponseData$ValueData
instanceKlass org/apache/kafka/common/message/DescribeClientQuotasResponseData$EntityData
instanceKlass org/apache/kafka/common/message/DescribeClientQuotasResponseData$EntryData
instanceKlass org/apache/kafka/common/message/DescribeClientQuotasResponseData
instanceKlass org/apache/kafka/common/message/DescribeClientQuotasRequestData$ComponentData
instanceKlass org/apache/kafka/common/message/DescribeClientQuotasRequestData
instanceKlass org/apache/kafka/common/message/OffsetDeleteResponseData$OffsetDeleteResponsePartition
instanceKlass org/apache/kafka/common/message/OffsetDeleteResponseData$OffsetDeleteResponseTopic
instanceKlass org/apache/kafka/common/message/OffsetDeleteResponseData
instanceKlass org/apache/kafka/common/message/OffsetDeleteRequestData$OffsetDeleteRequestPartition
instanceKlass org/apache/kafka/common/message/OffsetDeleteRequestData$OffsetDeleteRequestTopic
instanceKlass org/apache/kafka/common/message/OffsetDeleteRequestData
instanceKlass org/apache/kafka/common/message/ListPartitionReassignmentsResponseData$OngoingPartitionReassignment
instanceKlass org/apache/kafka/common/message/ListPartitionReassignmentsResponseData$OngoingTopicReassignment
instanceKlass org/apache/kafka/common/message/ListPartitionReassignmentsResponseData
instanceKlass org/apache/kafka/common/message/ListPartitionReassignmentsRequestData$ListPartitionReassignmentsTopics
instanceKlass org/apache/kafka/common/message/ListPartitionReassignmentsRequestData
instanceKlass org/apache/kafka/common/message/AlterPartitionReassignmentsResponseData$ReassignablePartitionResponse
instanceKlass org/apache/kafka/common/message/AlterPartitionReassignmentsResponseData$ReassignableTopicResponse
instanceKlass org/apache/kafka/common/message/AlterPartitionReassignmentsResponseData
instanceKlass org/apache/kafka/common/message/AlterPartitionReassignmentsRequestData$ReassignablePartition
instanceKlass org/apache/kafka/common/message/AlterPartitionReassignmentsRequestData$ReassignableTopic
instanceKlass org/apache/kafka/common/message/AlterPartitionReassignmentsRequestData
instanceKlass org/apache/kafka/common/message/IncrementalAlterConfigsResponseData$AlterConfigsResourceResponse
instanceKlass org/apache/kafka/common/message/IncrementalAlterConfigsResponseData
instanceKlass org/apache/kafka/common/message/IncrementalAlterConfigsRequestData$AlterableConfig
instanceKlass org/apache/kafka/common/message/IncrementalAlterConfigsRequestData$AlterConfigsResource
instanceKlass org/apache/kafka/common/message/IncrementalAlterConfigsRequestData
instanceKlass org/apache/kafka/common/message/ElectLeadersResponseData$PartitionResult
instanceKlass org/apache/kafka/common/message/ElectLeadersResponseData$ReplicaElectionResult
instanceKlass org/apache/kafka/common/message/ElectLeadersResponseData
instanceKlass org/apache/kafka/common/message/ElectLeadersRequestData$TopicPartitions
instanceKlass org/apache/kafka/common/message/ElectLeadersRequestData
instanceKlass org/apache/kafka/common/message/DeleteGroupsResponseData$DeletableGroupResult
instanceKlass org/apache/kafka/common/message/DeleteGroupsResponseData
instanceKlass org/apache/kafka/common/message/DeleteGroupsRequestData
instanceKlass org/apache/kafka/common/message/DescribeDelegationTokenResponseData$DescribedDelegationTokenRenewer
instanceKlass org/apache/kafka/common/message/DescribeDelegationTokenResponseData$DescribedDelegationToken
instanceKlass org/apache/kafka/common/message/DescribeDelegationTokenResponseData
instanceKlass org/apache/kafka/common/message/DescribeDelegationTokenRequestData$DescribeDelegationTokenOwner
instanceKlass org/apache/kafka/common/message/DescribeDelegationTokenRequestData
instanceKlass org/apache/kafka/common/message/ExpireDelegationTokenResponseData
instanceKlass org/apache/kafka/common/message/ExpireDelegationTokenRequestData
instanceKlass org/apache/kafka/common/message/RenewDelegationTokenResponseData
instanceKlass org/apache/kafka/common/message/RenewDelegationTokenRequestData
instanceKlass org/apache/kafka/common/message/CreateDelegationTokenResponseData
instanceKlass org/apache/kafka/common/message/CreateDelegationTokenRequestData$CreatableRenewers
instanceKlass org/apache/kafka/common/message/CreateDelegationTokenRequestData
instanceKlass org/apache/kafka/common/message/CreatePartitionsResponseData$CreatePartitionsTopicResult
instanceKlass org/apache/kafka/common/message/CreatePartitionsResponseData
instanceKlass org/apache/kafka/common/message/CreatePartitionsRequestData$CreatePartitionsAssignment
instanceKlass org/apache/kafka/common/message/CreatePartitionsRequestData$CreatePartitionsTopic
instanceKlass org/apache/kafka/common/message/CreatePartitionsRequestData
instanceKlass org/apache/kafka/common/message/SaslAuthenticateResponseData
instanceKlass org/apache/kafka/common/message/SaslAuthenticateRequestData
instanceKlass org/apache/kafka/common/message/DescribeLogDirsResponseData$DescribeLogDirsPartition
instanceKlass org/apache/kafka/common/message/DescribeLogDirsResponseData$DescribeLogDirsTopic
instanceKlass org/apache/kafka/common/message/DescribeLogDirsResponseData$DescribeLogDirsResult
instanceKlass org/apache/kafka/common/message/DescribeLogDirsResponseData
instanceKlass org/apache/kafka/common/message/DescribeLogDirsRequestData$DescribableLogDirTopic
instanceKlass org/apache/kafka/common/message/DescribeLogDirsRequestData
instanceKlass org/apache/kafka/common/message/AlterReplicaLogDirsResponseData$AlterReplicaLogDirPartitionResult
instanceKlass org/apache/kafka/common/message/AlterReplicaLogDirsResponseData$AlterReplicaLogDirTopicResult
instanceKlass org/apache/kafka/common/message/AlterReplicaLogDirsResponseData
instanceKlass org/apache/kafka/common/message/AlterReplicaLogDirsRequestData$AlterReplicaLogDirTopic
instanceKlass org/apache/kafka/common/message/AlterReplicaLogDirsRequestData$AlterReplicaLogDir
instanceKlass org/apache/kafka/common/message/AlterReplicaLogDirsRequestData
instanceKlass org/apache/kafka/common/message/AlterConfigsResponseData$AlterConfigsResourceResponse
instanceKlass org/apache/kafka/common/message/AlterConfigsResponseData
instanceKlass org/apache/kafka/common/message/AlterConfigsRequestData$AlterableConfig
instanceKlass org/apache/kafka/common/message/AlterConfigsRequestData$AlterConfigsResource
instanceKlass org/apache/kafka/common/message/AlterConfigsRequestData
instanceKlass org/apache/kafka/common/message/DescribeConfigsResponseData$DescribeConfigsSynonym
instanceKlass org/apache/kafka/common/message/DescribeConfigsResponseData$DescribeConfigsResourceResult
instanceKlass org/apache/kafka/common/message/DescribeConfigsResponseData$DescribeConfigsResult
instanceKlass org/apache/kafka/common/message/DescribeConfigsResponseData
instanceKlass org/apache/kafka/common/message/DescribeConfigsRequestData$DescribeConfigsResource
instanceKlass org/apache/kafka/common/message/DescribeConfigsRequestData
instanceKlass org/apache/kafka/common/message/DeleteAclsResponseData$DeleteAclsMatchingAcl
instanceKlass org/apache/kafka/common/message/DeleteAclsResponseData$DeleteAclsFilterResult
instanceKlass org/apache/kafka/common/message/DeleteAclsResponseData
instanceKlass org/apache/kafka/common/message/DeleteAclsRequestData$DeleteAclsFilter
instanceKlass org/apache/kafka/common/message/DeleteAclsRequestData
instanceKlass org/apache/kafka/common/message/CreateAclsResponseData$AclCreationResult
instanceKlass org/apache/kafka/common/message/CreateAclsResponseData
instanceKlass org/apache/kafka/common/message/CreateAclsRequestData$AclCreation
instanceKlass org/apache/kafka/common/message/CreateAclsRequestData
instanceKlass org/apache/kafka/common/message/DescribeAclsResponseData$AclDescription
instanceKlass org/apache/kafka/common/message/DescribeAclsResponseData$DescribeAclsResource
instanceKlass org/apache/kafka/common/message/DescribeAclsResponseData
instanceKlass org/apache/kafka/common/message/DescribeAclsRequestData
instanceKlass org/apache/kafka/common/message/TxnOffsetCommitResponseData$TxnOffsetCommitResponsePartition
instanceKlass org/apache/kafka/common/message/TxnOffsetCommitResponseData$TxnOffsetCommitResponseTopic
instanceKlass org/apache/kafka/common/message/TxnOffsetCommitResponseData
instanceKlass org/apache/kafka/common/message/TxnOffsetCommitRequestData$TxnOffsetCommitRequestPartition
instanceKlass org/apache/kafka/common/message/TxnOffsetCommitRequestData$TxnOffsetCommitRequestTopic
instanceKlass org/apache/kafka/common/message/TxnOffsetCommitRequestData
instanceKlass org/apache/kafka/common/message/WriteTxnMarkersResponseData$WritableTxnMarkerPartitionResult
instanceKlass org/apache/kafka/common/message/WriteTxnMarkersResponseData$WritableTxnMarkerTopicResult
instanceKlass org/apache/kafka/common/message/WriteTxnMarkersResponseData$WritableTxnMarkerResult
instanceKlass org/apache/kafka/common/message/WriteTxnMarkersResponseData
instanceKlass org/apache/kafka/common/message/WriteTxnMarkersRequestData$WritableTxnMarkerTopic
instanceKlass org/apache/kafka/common/message/WriteTxnMarkersRequestData$WritableTxnMarker
instanceKlass org/apache/kafka/common/message/WriteTxnMarkersRequestData
instanceKlass org/apache/kafka/common/message/EndTxnResponseData
instanceKlass org/apache/kafka/common/message/EndTxnRequestData
instanceKlass org/apache/kafka/common/message/AddOffsetsToTxnResponseData
instanceKlass org/apache/kafka/common/message/AddOffsetsToTxnRequestData
instanceKlass org/apache/kafka/common/message/AddPartitionsToTxnResponseData$AddPartitionsToTxnPartitionResult
instanceKlass org/apache/kafka/common/message/AddPartitionsToTxnResponseData$AddPartitionsToTxnTopicResult
instanceKlass org/apache/kafka/common/message/AddPartitionsToTxnResponseData
instanceKlass org/apache/kafka/common/message/AddPartitionsToTxnRequestData$AddPartitionsToTxnTopic
instanceKlass org/apache/kafka/common/message/AddPartitionsToTxnRequestData
instanceKlass org/apache/kafka/common/message/OffsetForLeaderEpochResponseData$EpochEndOffset
instanceKlass org/apache/kafka/common/message/OffsetForLeaderEpochResponseData$OffsetForLeaderTopicResult
instanceKlass org/apache/kafka/common/message/OffsetForLeaderEpochResponseData
instanceKlass org/apache/kafka/common/message/OffsetForLeaderEpochRequestData$OffsetForLeaderPartition
instanceKlass org/apache/kafka/common/message/OffsetForLeaderEpochRequestData$OffsetForLeaderTopic
instanceKlass org/apache/kafka/common/message/OffsetForLeaderEpochRequestData
instanceKlass org/apache/kafka/common/message/InitProducerIdResponseData
instanceKlass org/apache/kafka/common/message/InitProducerIdRequestData
instanceKlass org/apache/kafka/common/message/DeleteRecordsResponseData$DeleteRecordsPartitionResult
instanceKlass org/apache/kafka/common/message/DeleteRecordsResponseData$DeleteRecordsTopicResult
instanceKlass org/apache/kafka/common/message/DeleteRecordsResponseData
instanceKlass org/apache/kafka/common/message/DeleteRecordsRequestData$DeleteRecordsPartition
instanceKlass org/apache/kafka/common/message/DeleteRecordsRequestData$DeleteRecordsTopic
instanceKlass org/apache/kafka/common/message/DeleteRecordsRequestData
instanceKlass org/apache/kafka/common/message/DeleteTopicsResponseData$DeletableTopicResult
instanceKlass org/apache/kafka/common/message/DeleteTopicsResponseData
instanceKlass org/apache/kafka/common/message/DeleteTopicsRequestData$DeleteTopicState
instanceKlass org/apache/kafka/common/message/DeleteTopicsRequestData
instanceKlass org/apache/kafka/common/message/CreateTopicsResponseData$CreatableTopicConfigs
instanceKlass org/apache/kafka/common/message/CreateTopicsResponseData$CreatableTopicResult
instanceKlass org/apache/kafka/common/message/CreateTopicsResponseData
instanceKlass org/apache/kafka/common/message/CreateTopicsRequestData$CreateableTopicConfig
instanceKlass org/apache/kafka/common/message/CreateTopicsRequestData$CreatableReplicaAssignment
instanceKlass org/apache/kafka/common/message/CreateTopicsRequestData$CreatableTopic
instanceKlass org/apache/kafka/common/message/CreateTopicsRequestData
instanceKlass org/apache/kafka/common/message/ApiVersionsResponseData$FinalizedFeatureKey
instanceKlass org/apache/kafka/common/message/ApiVersionsResponseData$SupportedFeatureKey
instanceKlass org/apache/kafka/common/message/ApiVersionsResponseData$ApiVersion
instanceKlass org/apache/kafka/common/message/ApiVersionsResponseData
instanceKlass org/apache/kafka/common/message/SaslHandshakeResponseData
instanceKlass org/apache/kafka/common/message/SaslHandshakeRequestData
instanceKlass org/apache/kafka/common/message/ListGroupsResponseData$ListedGroup
instanceKlass org/apache/kafka/common/message/ListGroupsResponseData
instanceKlass org/apache/kafka/common/message/ListGroupsRequestData
instanceKlass org/apache/kafka/common/message/DescribeGroupsResponseData$DescribedGroupMember
instanceKlass org/apache/kafka/common/message/DescribeGroupsResponseData$DescribedGroup
instanceKlass org/apache/kafka/common/message/DescribeGroupsResponseData
instanceKlass org/apache/kafka/common/message/DescribeGroupsRequestData
instanceKlass org/apache/kafka/common/message/SyncGroupResponseData
instanceKlass org/apache/kafka/common/message/SyncGroupRequestData$SyncGroupRequestAssignment
instanceKlass org/apache/kafka/common/message/SyncGroupRequestData
instanceKlass org/apache/kafka/common/message/LeaveGroupResponseData$MemberResponse
instanceKlass org/apache/kafka/common/message/LeaveGroupResponseData
instanceKlass org/apache/kafka/common/message/LeaveGroupRequestData$MemberIdentity
instanceKlass org/apache/kafka/common/message/LeaveGroupRequestData
instanceKlass org/apache/kafka/common/message/HeartbeatResponseData
instanceKlass org/apache/kafka/common/message/HeartbeatRequestData
instanceKlass org/apache/kafka/common/message/JoinGroupResponseData$JoinGroupResponseMember
instanceKlass org/apache/kafka/common/message/JoinGroupResponseData
instanceKlass org/apache/kafka/common/message/JoinGroupRequestData$JoinGroupRequestProtocol
instanceKlass org/apache/kafka/common/message/JoinGroupRequestData
instanceKlass org/apache/kafka/common/message/FindCoordinatorResponseData$Coordinator
instanceKlass org/apache/kafka/common/message/FindCoordinatorResponseData
instanceKlass org/apache/kafka/common/message/FindCoordinatorRequestData
instanceKlass org/apache/kafka/common/message/OffsetFetchResponseData$OffsetFetchResponsePartitions
instanceKlass org/apache/kafka/common/message/OffsetFetchResponseData$OffsetFetchResponseTopics
instanceKlass org/apache/kafka/common/message/OffsetFetchResponseData$OffsetFetchResponseGroup
instanceKlass org/apache/kafka/common/message/OffsetFetchResponseData$OffsetFetchResponsePartition
instanceKlass org/apache/kafka/common/message/OffsetFetchResponseData$OffsetFetchResponseTopic
instanceKlass org/apache/kafka/common/message/OffsetFetchResponseData
instanceKlass org/apache/kafka/common/message/OffsetFetchRequestData$OffsetFetchRequestTopics
instanceKlass org/apache/kafka/common/message/OffsetFetchRequestData$OffsetFetchRequestGroup
instanceKlass org/apache/kafka/common/message/OffsetFetchRequestData$OffsetFetchRequestTopic
instanceKlass org/apache/kafka/common/message/OffsetFetchRequestData
instanceKlass org/apache/kafka/common/message/OffsetCommitResponseData$OffsetCommitResponsePartition
instanceKlass org/apache/kafka/common/message/OffsetCommitResponseData$OffsetCommitResponseTopic
instanceKlass org/apache/kafka/common/message/OffsetCommitResponseData
instanceKlass org/apache/kafka/common/message/OffsetCommitRequestData$OffsetCommitRequestPartition
instanceKlass org/apache/kafka/common/message/OffsetCommitRequestData$OffsetCommitRequestTopic
instanceKlass org/apache/kafka/common/message/OffsetCommitRequestData
instanceKlass org/apache/kafka/common/message/ControlledShutdownResponseData$RemainingPartition
instanceKlass org/apache/kafka/common/message/ControlledShutdownResponseData
instanceKlass org/apache/kafka/common/message/ControlledShutdownRequestData
instanceKlass org/apache/kafka/common/message/UpdateMetadataResponseData
instanceKlass org/apache/kafka/common/message/UpdateMetadataRequestData$UpdateMetadataTopicState
instanceKlass org/apache/kafka/common/message/UpdateMetadataRequestData$UpdateMetadataEndpoint
instanceKlass org/apache/kafka/common/message/UpdateMetadataRequestData$UpdateMetadataBroker
instanceKlass org/apache/kafka/common/message/UpdateMetadataRequestData$UpdateMetadataPartitionState
instanceKlass org/apache/kafka/common/message/UpdateMetadataRequestData
instanceKlass org/apache/kafka/common/message/StopReplicaResponseData$StopReplicaPartitionError
instanceKlass org/apache/kafka/common/message/StopReplicaResponseData
instanceKlass org/apache/kafka/common/message/StopReplicaRequestData$StopReplicaPartitionState
instanceKlass org/apache/kafka/common/message/StopReplicaRequestData$StopReplicaTopicState
instanceKlass org/apache/kafka/common/message/StopReplicaRequestData$StopReplicaTopicV1
instanceKlass org/apache/kafka/common/message/StopReplicaRequestData$StopReplicaPartitionV0
instanceKlass org/apache/kafka/common/message/StopReplicaRequestData
instanceKlass org/apache/kafka/common/message/LeaderAndIsrResponseData$LeaderAndIsrTopicError
instanceKlass org/apache/kafka/common/message/LeaderAndIsrResponseData$LeaderAndIsrPartitionError
instanceKlass org/apache/kafka/common/message/LeaderAndIsrResponseData
instanceKlass org/apache/kafka/common/message/LeaderAndIsrRequestData$LeaderAndIsrTopicState
instanceKlass org/apache/kafka/common/message/LeaderAndIsrRequestData$LeaderAndIsrLiveLeader
instanceKlass org/apache/kafka/common/message/LeaderAndIsrRequestData$LeaderAndIsrPartitionState
instanceKlass org/apache/kafka/common/message/LeaderAndIsrRequestData
instanceKlass org/apache/kafka/common/message/MetadataResponseData$MetadataResponsePartition
instanceKlass org/apache/kafka/common/message/MetadataResponseData$MetadataResponseTopic
instanceKlass org/apache/kafka/common/message/MetadataResponseData$MetadataResponseBroker
instanceKlass org/apache/kafka/common/message/MetadataResponseData
instanceKlass org/apache/kafka/common/message/MetadataRequestData$MetadataRequestTopic
instanceKlass org/apache/kafka/common/message/MetadataRequestData
instanceKlass org/apache/kafka/common/message/ListOffsetsResponseData$ListOffsetsPartitionResponse
instanceKlass org/apache/kafka/common/message/ListOffsetsResponseData$ListOffsetsTopicResponse
instanceKlass org/apache/kafka/common/message/ListOffsetsResponseData
instanceKlass org/apache/kafka/common/message/ListOffsetsRequestData$ListOffsetsPartition
instanceKlass org/apache/kafka/common/message/ListOffsetsRequestData$ListOffsetsTopic
instanceKlass org/apache/kafka/common/message/ListOffsetsRequestData
instanceKlass org/apache/kafka/common/message/FetchResponseData$SnapshotId
instanceKlass org/apache/kafka/common/message/FetchResponseData$LeaderIdAndEpoch
instanceKlass org/apache/kafka/common/message/FetchResponseData$EpochEndOffset
instanceKlass org/apache/kafka/common/message/FetchResponseData$AbortedTransaction
instanceKlass org/apache/kafka/common/message/FetchResponseData$PartitionData
instanceKlass org/apache/kafka/common/message/FetchResponseData$FetchableTopicResponse
instanceKlass org/apache/kafka/common/message/FetchResponseData
instanceKlass org/apache/kafka/common/message/FetchRequestData$ForgottenTopic
instanceKlass org/apache/kafka/common/message/FetchRequestData$FetchPartition
instanceKlass org/apache/kafka/common/message/FetchRequestData$FetchTopic
instanceKlass org/apache/kafka/common/message/FetchRequestData
instanceKlass org/apache/kafka/common/message/ProduceResponseData$BatchIndexAndErrorMessage
instanceKlass org/apache/kafka/common/message/ProduceResponseData$PartitionProduceResponse
instanceKlass org/apache/kafka/common/message/ProduceResponseData$TopicProduceResponse
instanceKlass org/apache/kafka/common/message/ProduceResponseData
instanceKlass org/apache/kafka/common/record/BaseRecords
instanceKlass org/apache/kafka/common/message/ProduceRequestData$PartitionProduceData
instanceKlass org/apache/kafka/common/message/ProduceRequestData$TopicProduceData
instanceKlass org/apache/kafka/common/message/ProduceRequestData
instanceKlass org/apache/kafka/common/protocol/types/Schema$Visitor
instanceKlass org/apache/kafka/common/protocol/types/Struct
instanceKlass org/apache/kafka/common/protocol/types/BoundField
instanceKlass org/apache/kafka/common/protocol/types/Field
instanceKlass org/apache/kafka/common/protocol/types/Type
instanceKlass org/apache/kafka/common/message/ApiVersionsRequestData
instanceKlass org/apache/kafka/common/protocol/ApiMessage
instanceKlass org/apache/kafka/common/requests/AbstractRequest
instanceKlass org/apache/kafka/common/requests/AbstractRequestResponse
instanceKlass org/apache/kafka/common/network/NetworkReceive
instanceKlass org/apache/kafka/common/network/Receive
instanceKlass org/apache/kafka/common/metrics/stats/SampledStat$Sample
instanceKlass org/apache/kafka/common/network/ChannelState
instanceKlass org/apache/kafka/common/protocol/Message
instanceKlass org/apache/kafka/common/protocol/Readable
instanceKlass org/apache/kafka/common/security/authenticator/DefaultKafkaPrincipalBuilder
instanceKlass org/apache/kafka/common/security/auth/KafkaPrincipalSerde
instanceKlass org/apache/kafka/common/security/auth/AuthenticationContext
instanceKlass org/apache/kafka/common/network/PlaintextChannelBuilder$PlaintextAuthenticator
instanceKlass java/util/concurrent/ForkJoinTask$Aux
instanceKlass org/apache/kafka/common/network/KafkaChannel
instanceKlass org/apache/kafka/clients/admin/DescribeTopicsResult
instanceKlass org/apache/kafka/common/security/auth/KafkaPrincipal
instanceKlass org/apache/kafka/clients/admin/KafkaAdminClient$LeastLoadedNodeProvider
instanceKlass org/apache/kafka/common/network/PlaintextTransportLayer
instanceKlass org/apache/kafka/common/network/Selector$SelectorChannelMetadataRegistry
instanceKlass java/util/concurrent/ForkJoinTask
instanceKlass java/util/concurrent/CompletableFuture$AsynchronousCompletionTask
instanceKlass java/util/concurrent/CompletableFuture$AltResult
instanceKlass org/apache/kafka/clients/ClusterConnectionStates$NodeConnectionState
instanceKlass org/apache/kafka/common/KafkaFuture$BaseFunction
instanceKlass org/apache/kafka/clients/admin/KafkaAdminClient$MetadataUpdateNodeIdProvider
instanceKlass org/apache/kafka/clients/admin/internals/AdminMetadataManager$1
instanceKlass org/apache/kafka/clients/admin/KafkaAdminClient$TimeoutProcessor
instanceKlass scala/collection/convert/Wrappers$SetWrapper$$anon$1
instanceKlass org/apache/kafka/common/utils/AppInfoParser$ImmutableValue
instanceKlass org/apache/kafka/common/metrics/Gauge
instanceKlass org/apache/kafka/common/utils/AppInfoParser$AppInfo
instanceKlass org/apache/kafka/common/utils/AppInfoParser$AppInfoMBean
instanceKlass org/apache/kafka/common/utils/AppInfoParser
instanceKlass java/util/IdentityHashMap$IdentityHashMapIterator
instanceKlass org/apache/kafka/clients/admin/KafkaAdminClient$TimeoutProcessorFactory
instanceKlass org/apache/kafka/clients/admin/KafkaAdminClient$AdminClientRunnable
instanceKlass org/apache/kafka/common/utils/ExponentialBackoff
instanceKlass org/apache/kafka/clients/ClusterConnectionStates
instanceKlass org/apache/kafka/clients/InFlightRequests
instanceKlass org/apache/kafka/clients/DefaultHostResolver
instanceKlass org/apache/kafka/common/requests/AbstractRequest$Builder
instanceKlass org/apache/kafka/clients/NetworkClient
instanceKlass org/apache/kafka/common/network/Selector$IdleExpiryManager
instanceKlass org/apache/kafka/common/network/ClientInformation
instanceKlass org/apache/kafka/common/network/CipherInformation
instanceKlass org/apache/kafka/common/metrics/internals/IntGaugeSuite
instanceKlass org/apache/kafka/common/metrics/CompoundStat$NamedMeasurable
instanceKlass org/apache/kafka/common/metrics/Sensor$StatAndConfig
instanceKlass org/apache/kafka/common/metrics/stats/Rate
instanceKlass org/apache/kafka/common/metrics/stats/CumulativeSum
instanceKlass org/apache/kafka/common/metrics/stats/Meter
instanceKlass org/apache/kafka/common/metrics/Sensor
instanceKlass org/apache/kafka/common/metrics/stats/SampledStat
instanceKlass org/apache/kafka/common/metrics/MeasurableStat
instanceKlass org/apache/kafka/common/metrics/CompoundStat
instanceKlass org/apache/kafka/common/metrics/Stat
instanceKlass org/apache/kafka/common/network/Selector$SelectorMetrics
instanceKlass org/apache/kafka/common/memory/MemoryPool$1
instanceKlass org/apache/kafka/common/memory/MemoryPool
instanceKlass org/apache/kafka/common/network/ChannelMetadataRegistry
instanceKlass org/apache/kafka/common/network/Selector
instanceKlass org/apache/kafka/common/network/Authenticator
instanceKlass org/apache/kafka/common/network/TransportLayer
instanceKlass org/apache/kafka/common/network/TransferableChannel
instanceKlass org/apache/kafka/common/network/PlaintextChannelBuilder
instanceKlass org/apache/kafka/common/network/ChannelBuilders$1
instanceKlass org/apache/kafka/common/network/ListenerName
instanceKlass org/apache/kafka/common/security/auth/KafkaPrincipalBuilder
instanceKlass org/apache/kafka/common/network/ChannelBuilder
instanceKlass org/apache/kafka/common/network/ChannelBuilders
instanceKlass org/apache/kafka/common/utils/Sanitizer
instanceKlass org/apache/kafka/common/metrics/KafkaMetric
instanceKlass org/apache/kafka/common/Metric
instanceKlass org/apache/kafka/common/metrics/Measurable
instanceKlass org/apache/kafka/common/MetricName
instanceKlass org/apache/kafka/common/metrics/MetricValueProvider
instanceKlass org/apache/kafka/common/metrics/Metrics
instanceKlass org/apache/kafka/common/metrics/KafkaMetricsContext
instanceKlass org/apache/kafka/common/metrics/MetricConfig
instanceKlass org/apache/kafka/common/metrics/JmxReporter$KafkaMbean
instanceKlass java/util/stream/SliceOps
instanceKlass org/apache/kafka/common/utils/ConfigUtils
instanceKlass org/apache/kafka/common/metrics/JmxReporter
instanceKlass java/util/stream/MatchOps$BooleanTerminalSink
instanceKlass java/util/stream/MatchOps$MatchOp
instanceKlass java/util/stream/MatchOps
instanceKlass org/apache/kafka/common/metrics/MetricsReporter
instanceKlass org/apache/kafka/common/Reconfigurable
instanceKlass org/apache/kafka/common/Node
instanceKlass org/apache/kafka/clients/ClientUtils
instanceKlass org/apache/kafka/clients/admin/internals/AdminMetadataManager$AdminMetadataUpdater
instanceKlass org/apache/kafka/common/utils/LogContext$AbstractKafkaLogger
instanceKlass org/apache/kafka/common/Uuid
instanceKlass org/apache/kafka/common/ClusterResource
instanceKlass org/apache/kafka/common/Cluster
instanceKlass org/apache/kafka/clients/admin/internals/AdminMetadataManager
instanceKlass org/apache/kafka/common/utils/LogContext
instanceKlass org/apache/kafka/clients/ApiVersions
instanceKlass org/apache/kafka/common/utils/SystemTime
instanceKlass org/apache/kafka/common/utils/Time
instanceKlass org/apache/kafka/clients/KafkaClient
instanceKlass org/apache/kafka/clients/MetadataUpdater
instanceKlass org/apache/kafka/common/network/Selectable
instanceKlass org/apache/kafka/clients/HostResolver
instanceKlass org/apache/kafka/common/metrics/MetricsContext
instanceKlass org/apache/kafka/clients/admin/AbstractOptions
instanceKlass org/apache/kafka/common/utils/ImplicitLinkedHashCollection$Element
instanceKlass org/apache/kafka/clients/admin/internals/AdminApiHandler
instanceKlass org/apache/kafka/clients/admin/internals/AdminApiFuture
instanceKlass org/apache/kafka/common/KafkaFuture
instanceKlass org/apache/kafka/clients/admin/KafkaAdminClient$Call
instanceKlass org/apache/kafka/clients/admin/KafkaAdminClient$NodeProvider
instanceKlass org/apache/kafka/clients/admin/AdminClient
instanceKlass org/apache/kafka/common/config/provider/ConfigProvider
instanceKlass org/apache/kafka/common/Configurable
instanceKlass org/apache/kafka/common/config/SaslConfigs
instanceKlass javax/net/ssl/TrustManagerFactory$1
instanceKlass javax/net/ssl/TrustManagerFactory
instanceKlass javax/net/ssl/KeyManagerFactory$1
instanceKlass javax/net/ssl/KeyManagerFactory
instanceKlass org/apache/kafka/common/utils/Java$Version
instanceKlass org/apache/kafka/common/utils/Java
instanceKlass org/apache/kafka/common/config/SslConfigs
instanceKlass org/apache/kafka/common/config/ConfigDef$ValidString
instanceKlass org/apache/kafka/common/config/ConfigDef$Range
instanceKlass org/apache/kafka/common/config/ConfigDef$3
instanceKlass org/apache/kafka/common/config/ConfigDef$ConfigKey
instanceKlass org/apache/kafka/common/config/ConfigDef$Recommender
instanceKlass org/apache/kafka/common/config/ConfigDef
instanceKlass java/nio/file/FileVisitor
instanceKlass org/apache/kafka/common/utils/Utils
instanceKlass org/apache/kafka/clients/CommonClientConfigs
instanceKlass org/apache/kafka/common/config/ConfigDef$Validator
instanceKlass org/apache/kafka/common/config/AbstractConfig
instanceKlass org/apache/kafka/common/TopicCollection
instanceKlass org/apache/kafka/clients/admin/Admin
instanceKlass javax/security/auth/login/Configuration$3
instanceKlass javax/security/auth/login/ConfigurationSpi
instanceKlass javax/security/auth/login/Configuration$2
instanceKlass javax/security/auth/login/Configuration$1
instanceKlass org/apache/kafka/common/security/JaasContext
instanceKlass org/apache/spark/kafka010/KafkaTokenClusterConf
instanceKlass org/apache/hadoop/security/Credentials
instanceKlass org/apache/spark/kafka010/KafkaTokenUtil$
instanceKlass com/fasterxml/jackson/databind/util/internal/PrivateMaxEntriesMap$EntryIterator
instanceKlass com/fasterxml/jackson/databind/util/TypeKey
instanceKlass com/fasterxml/jackson/databind/ser/impl/ReadOnlyClassToSerializerMap$Bucket
instanceKlass com/fasterxml/jackson/databind/ser/impl/ReadOnlyClassToSerializerMap
instanceKlass org/json4s/JDoubleJObjectJsonWriter
instanceKlass org/json4s/JValueJsonWriter
instanceKlass org/json4s/JsonWriter
instanceKlass org/json4s/JsonWriter$
instanceKlass org/apache/spark/sql/kafka010/JsonUtils$$anon$1
instanceKlass org/apache/kafka/common/TopicPartition
instanceKlass org/apache/spark/sql/kafka010/JsonUtils$
instanceKlass org/apache/spark/sql/execution/streaming/AvailableNowDataStreamWrapper
instanceKlass org/apache/spark/sql/execution/streaming/CommitMetadata$
instanceKlass org/apache/spark/sql/execution/streaming/CommitLog$
instanceKlass org/apache/spark/sql/execution/streaming/MinWatermark$
instanceKlass org/apache/spark/sql/execution/streaming/WatermarkTracker
instanceKlass org/apache/spark/sql/execution/streaming/WatermarkTracker$
instanceKlass org/apache/spark/sql/connector/read/streaming/AcceptsLatestSeenOffset
instanceKlass org/json4s/reflect/Reflector$$anon$1
instanceKlass org/apache/spark/sql/execution/streaming/OffsetSeq$
instanceKlass org/apache/spark/sql/execution/streaming/MetadataVersionUtil$
instanceKlass org/apache/spark/sql/execution/streaming/OffsetSeqLog$
instanceKlass scala/io/Position
instanceKlass scala/io/Source$Positioner
instanceKlass scala/io/Source
instanceKlass scala/io/Codec
instanceKlass scala/io/Codec$
instanceKlass scala/io/LowPriorityCodecImplicits
instanceKlass scala/io/Source$
instanceKlass scala/math/Ordering$BigDecimal$
instanceKlass scala/math/Numeric$BigDecimalAsIfIntegral$
instanceKlass scala/math/Ordering$BigDecimalOrdering
instanceKlass scala/math/Numeric$BigDecimalAsIfIntegral
instanceKlass scala/math/Numeric$BigDecimalIsConflicted
instanceKlass scala/math/Ordering$Double$
instanceKlass scala/math/Numeric$DoubleAsIfIntegral$
instanceKlass scala/math/Numeric$DoubleAsIfIntegral
instanceKlass scala/math/Ordering$Float$
instanceKlass scala/math/Numeric$FloatAsIfIntegral$
instanceKlass scala/math/Numeric$FloatAsIfIntegral
instanceKlass scala/math/Ordering$Char$
instanceKlass scala/math/Numeric$CharIsIntegral$
instanceKlass scala/math/Ordering$CharOrdering
instanceKlass scala/math/Numeric$CharIsIntegral
instanceKlass scala/math/Ordering$BigInt$
instanceKlass scala/math/Numeric$BigIntIsIntegral$
instanceKlass scala/math/Ordering$BigIntOrdering
instanceKlass scala/math/Numeric$BigIntIsIntegral
instanceKlass scala/collection/immutable/NumericRange$
instanceKlass scala/collection/mutable/ArrayOps$ofLong$
instanceKlass scala/collection/mutable/ArrayOps$ofLong
instanceKlass org/apache/spark/sql/execution/streaming/AcceptsLatestSeenOffsetHandler$
instanceKlass org/apache/spark/sql/execution/streaming/TERMINATED$
instanceKlass org/apache/spark/sql/execution/streaming/ACTIVE$
instanceKlass org/apache/spark/sql/connector/read/streaming/ReadAllAvailable
instanceKlass org/apache/spark/sql/connector/read/streaming/ReadLimit
instanceKlass org/apache/spark/sql/execution/streaming/MultiBatchExecutor
instanceKlass org/apache/spark/sql/execution/streaming/SingleBatchExecutor
instanceKlass org/apache/spark/sql/connector/read/PartitionReaderFactory
instanceKlass org/apache/spark/sql/kafka010/KafkaMicroBatchStream
instanceKlass org/apache/spark/sql/connector/read/streaming/ReportsSourceMetrics
instanceKlass org/apache/spark/sql/kafka010/KafkaOffsetRangeCalculator
instanceKlass org/apache/spark/sql/kafka010/KafkaOffsetReaderAdmin
instanceKlass org/apache/spark/kafka010/KafkaConfigUpdater
instanceKlass org/apache/kafka/clients/consumer/Consumer
instanceKlass org/apache/spark/sql/kafka010/SubscribeStrategy
instanceKlass org/apache/spark/sql/kafka010/KafkaOffsetReader
instanceKlass org/apache/spark/sql/kafka010/KafkaOffsetReader$
instanceKlass org/apache/spark/sql/kafka010/LatestOffsetRangeLimit$
instanceKlass scala/collection/mutable/SetBuilder
instanceKlass org/apache/spark/sql/connector/read/streaming/MicroBatchStream
instanceKlass org/apache/spark/sql/connector/read/streaming/ContinuousStream
instanceKlass org/apache/spark/sql/connector/read/Batch
instanceKlass org/apache/spark/sql/kafka010/KafkaSourceProvider$KafkaScan
instanceKlass org/apache/spark/sql/connector/read/ScanBuilder
instanceKlass org/apache/spark/sql/streaming/StreamingQueryProgress
instanceKlass org/apache/spark/sql/execution/ui/SparkListenerDriverAccumUpdates
instanceKlass org/apache/spark/sql/execution/ui/SparkListenerSQLExecutionEnd
instanceKlass scala/runtime/LongRef
instanceKlass org/apache/spark/sql/execution/ui/SparkListenerSQLAdaptiveSQLMetricUpdates
instanceKlass org/apache/spark/sql/streaming/StreamingQueryListener$QueryTerminatedEvent
instanceKlass org/apache/spark/sql/execution/ui/SparkListenerSQLAdaptiveExecutionUpdate
instanceKlass org/apache/spark/sql/execution/ui/SparkListenerSQLExecutionStart
instanceKlass org/apache/spark/sql/streaming/ui/StreamingQueryData$
instanceKlass org/apache/spark/scheduler/SparkListenerMiscellaneousProcessAdded
instanceKlass org/apache/spark/sql/streaming/ui/UIUtils$
instanceKlass org/apache/spark/scheduler/SparkListenerLogStart
instanceKlass org/apache/spark/sql/streaming/StreamingQueryListener$QueryStartedEvent
instanceKlass org/apache/spark/util/CallSite$
instanceKlass org/apache/spark/sql/execution/streaming/StreamingQueryWrapper
instanceKlass org/apache/spark/sql/execution/streaming/PropagateWatermarkSimulator
instanceKlass org/apache/spark/sql/execution/streaming/WatermarkPropagator
instanceKlass org/apache/spark/sql/execution/streaming/WatermarkPropagator$
instanceKlass org/apache/spark/sql/execution/streaming/ProcessingTimeExecutor
instanceKlass org/apache/spark/sql/execution/streaming/ErrorNotifier
instanceKlass org/apache/spark/sql/execution/streaming/CommitMetadata
instanceKlass org/apache/spark/sql/execution/streaming/HDFSMetadataLog$$anon$2
instanceKlass org/apache/spark/sql/execution/streaming/OffsetSeq
instanceKlass org/apache/spark/sql/connector/read/streaming/Offset
instanceKlass org/apache/spark/sql/execution/streaming/HDFSMetadataLog
instanceKlass org/apache/spark/sql/execution/streaming/MetadataLog
instanceKlass org/apache/spark/sql/execution/streaming/INITIALIZING$
instanceKlass org/apache/spark/sql/execution/streaming/State
instanceKlass org/apache/spark/sql/execution/streaming/OffsetSeqMetadata
instanceKlass org/apache/spark/sql/execution/streaming/state/SymmetricHashJoinStateManager$
instanceKlass org/apache/spark/sql/execution/streaming/state/StreamingAggregationStateManager
instanceKlass org/apache/spark/sql/execution/streaming/state/StreamingAggregationStateManager$
instanceKlass org/apache/spark/sql/execution/streaming/state/FlatMapGroupsWithStateExecHelper$StateManager
instanceKlass org/apache/spark/sql/execution/streaming/state/FlatMapGroupsWithStateExecHelper$
instanceKlass org/apache/spark/sql/execution/streaming/MultipleWatermarkPolicy
instanceKlass org/apache/spark/sql/execution/streaming/MultipleWatermarkPolicy$
instanceKlass org/apache/spark/sql/execution/streaming/OffsetSeqMetadata$
instanceKlass org/apache/commons/io/IOUtils
instanceKlass org/json4s/MonadicJValue
instanceKlass org/json4s/FieldSerializer
instanceKlass org/json4s/reflect/ClassDescriptor$Score$1
instanceKlass org/json4s/Extraction$ClassInstanceBuilder$TypeHint$
instanceKlass org/json4s/Extraction$ClassInstanceBuilder
instanceKlass scala/collection/package$WrappedCanBuildFrom
instanceKlass scala/math/Ordering$Tuple4Ordering
instanceKlass scala/reflect/NameTransformer$OpCodes
instanceKlass scala/reflect/NameTransformer$
instanceKlass org/json4s/reflect/ManifestFactory$
instanceKlass scala/collection/Iterator$ConcatIteratorCell
instanceKlass scala/collection/Iterator$ConcatIterator
instanceKlass org/json4s/scalap/scalasig/Type
instanceKlass org/json4s/scalap/scalasig/ScalaSigSymbol
instanceKlass org/json4s/scalap/scalasig/Symbol
instanceKlass org/json4s/scalap/scalasig/Flags
instanceKlass org/json4s/reflect/ScalaSigReader$
instanceKlass com/thoughtworks/paranamer/BytecodeReadingParanamer$MethodCollector
instanceKlass com/thoughtworks/paranamer/BytecodeReadingParanamer$Type
instanceKlass com/thoughtworks/paranamer/BytecodeReadingParanamer$TypeCollector
instanceKlass com/thoughtworks/paranamer/BytecodeReadingParanamer$ClassReader
instanceKlass org/json4s/reflect/PrimaryConstructor
instanceKlass org/json4s/reflect/Executable
instanceKlass scala/util/control/Exception$Catch$$anon$2
instanceKlass scala/util/control/Exception$Catch$
instanceKlass scala/util/control/Exception$Catch
instanceKlass scala/util/control/Exception$Described
instanceKlass scala/util/control/Exception$$anon$1
instanceKlass scala/util/control/Exception$
instanceKlass org/json4s/reflect/Reflector$ClassDescriptorBuilder
instanceKlass org/json4s/reflect/package$$anon$1
instanceKlass org/json4s/reflect/ReflectorDescribable
instanceKlass org/json4s/reflect/package$
instanceKlass org/json4s/Formats$
instanceKlass org/json4s/reflect/SourceType
instanceKlass org/json4s/reflect/TypeInfo
instanceKlass org/json4s/reflect/ScalaType
instanceKlass org/json4s/reflect/ScalaType$
instanceKlass org/json4s/reflect/Memo
instanceKlass org/json4s/reflect/Descriptor
instanceKlass org/json4s/reflect/Reflector$
instanceKlass org/json4s/Extraction$
instanceKlass org/json4s/ExtractableJsonAstNode
instanceKlass org/apache/spark/sql/execution/streaming/StreamMetadata
instanceKlass org/apache/hadoop/util/IdentityHashStore
instanceKlass java/util/function/ToLongFunction
instanceKlass org/apache/hadoop/fs/statistics/MeanStatistic
instanceKlass org/apache/hadoop/fs/statistics/impl/EvaluatingStatisticsMap
instanceKlass org/apache/hadoop/fs/statistics/impl/DynamicIOStatisticsBuilder
instanceKlass org/apache/hadoop/fs/statistics/DurationTracker
instanceKlass org/apache/hadoop/fs/statistics/impl/AbstractIOStatisticsImpl
instanceKlass org/apache/hadoop/fs/statistics/impl/IOStatisticsStore
instanceKlass org/apache/hadoop/fs/statistics/IOStatisticsAggregator
instanceKlass org/apache/hadoop/fs/statistics/impl/IOStatisticsStoreBuilderImpl
instanceKlass org/apache/hadoop/fs/statistics/DurationTrackerFactory
instanceKlass org/apache/hadoop/fs/statistics/impl/IOStatisticsStoreBuilder
instanceKlass org/apache/hadoop/fs/statistics/impl/IOStatisticsBinding
instanceKlass org/apache/hadoop/fs/statistics/IOStatistics
instanceKlass org/json4s/DefaultFormats$$anon$3
instanceKlass org/json4s/DefaultFormats$$anon$2
instanceKlass org/json4s/prefs/EmptyValueStrategy$$anon$2
instanceKlass org/json4s/prefs/EmptyValueStrategy$$anon$1
instanceKlass org/json4s/prefs/EmptyValueStrategy
instanceKlass org/json4s/prefs/EmptyValueStrategy$
instanceKlass com/thoughtworks/paranamer/BytecodeReadingParanamer
instanceKlass com/thoughtworks/paranamer/CachingParanamer
instanceKlass com/thoughtworks/paranamer/Paranamer
instanceKlass org/json4s/reflect/ParanamerReader$
instanceKlass org/json4s/DateFormat
instanceKlass org/json4s/DefaultFormats$
instanceKlass org/json4s/DefaultFormats
instanceKlass org/json4s/reflect/ParameterNameReader
instanceKlass org/json4s/prefs/ExtractionNullStrategy
instanceKlass org/json4s/Serialization$$anon$1
instanceKlass org/json4s/NoTypeHints$
instanceKlass org/json4s/jackson/JacksonSerialization
instanceKlass org/json4s/Serialization
instanceKlass org/json4s/TypeHints
instanceKlass org/apache/spark/sql/execution/streaming/StreamMetadata$
instanceKlass org/apache/spark/sql/execution/streaming/StreamProgress$
instanceKlass org/apache/spark/sql/execution/streaming/StreamProgress
instanceKlass org/apache/spark/sql/streaming/StreamingQueryStatus
instanceKlass scala/collection/mutable/LinkedListLike
instanceKlass scala/collection/mutable/LinearSeq
instanceKlass org/apache/spark/sql/connector/read/streaming/SupportsTriggerAvailableNow
instanceKlass org/apache/spark/sql/connector/read/streaming/SupportsAdmissionControl
instanceKlass org/apache/spark/sql/execution/streaming/TriggerExecutor
instanceKlass org/apache/spark/sql/connector/write/LogicalWriteInfo
instanceKlass org/apache/spark/sql/execution/streaming/AsyncProgressTrackingMicroBatchExecution$
instanceKlass org/apache/spark/sql/delta/sources/DeltaSQLConfBase$NonDeterministicPredicateWidening$
instanceKlass org/apache/spark/sql/catalyst/FileSourceOptions$
instanceKlass org/apache/spark/sql/delta/sources/DeltaSQLConfBase$MergeMaterializeSource$
instanceKlass org/apache/spark/sql/delta/sources/DeltaSQLConf$
instanceKlass org/apache/spark/sql/delta/sources/DeltaSQLConfBase
instanceKlass org/apache/spark/sql/delta/sources/DeltaSink
instanceKlass org/apache/spark/sql/catalyst/expressions/SessionWindow$
instanceKlass org/apache/spark/sql/catalyst/analysis/UnsupportedOperationChecker$
instanceKlass org/apache/logging/log4j/core/layout/ByteBufferDestinationHelper
instanceKlass org/apache/logging/log4j/core/layout/TextEncoderHelper
instanceKlass org/apache/hadoop/io/nativeio/NativeIO$Windows
instanceKlass org/apache/hadoop/io/nativeio/NativeIO$POSIX$Stat
instanceKlass org/apache/hadoop/io/nativeio/NativeIO
instanceKlass org/apache/hadoop/fs/FSLinkResolver
instanceKlass org/apache/hadoop/fs/permission/PermissionParser
instanceKlass org/apache/spark/sql/execution/streaming/StreamExecution$
instanceKlass org/apache/hadoop/fs/FileContext$Util
instanceKlass org/apache/hadoop/fs/FsServerDefaults$1
instanceKlass org/apache/hadoop/fs/FsServerDefaults
instanceKlass org/apache/hadoop/net/DNSDomainNameResolver
instanceKlass org/apache/hadoop/net/DomainNameResolver
instanceKlass org/apache/hadoop/crypto/CryptoCodec
instanceKlass org/apache/hadoop/fs/CommonConfigurationKeysPublic
instanceKlass org/apache/hadoop/fs/FsConstants
instanceKlass org/apache/hadoop/fs/AbstractFileSystem
instanceKlass javax/security/auth/SubjectDomainCombiner
instanceKlass java/security/DomainCombiner
instanceKlass javax/security/auth/Subject$2
instanceKlass org/apache/hadoop/fs/FileContext$2
instanceKlass org/apache/hadoop/fs/FileContext$1
instanceKlass org/apache/hadoop/fs/FileContext$FileContextFinalizer
instanceKlass org/apache/hadoop/fs/Options$CreateOpts
instanceKlass org/apache/hadoop/fs/FileContext
instanceKlass org/apache/spark/sql/execution/streaming/AbstractFileContextBasedCheckpointFileManager
instanceKlass org/apache/spark/sql/execution/streaming/CheckpointFileManager$RenameHelperMethods
instanceKlass org/apache/spark/sql/execution/streaming/CheckpointFileManager
instanceKlass org/apache/spark/sql/execution/streaming/CheckpointFileManager$
instanceKlass org/apache/spark/sql/streaming/ui/StreamingQueryData
instanceKlass org/apache/spark/sql/streaming/ui/StreamingQueryTab$
instanceKlass org/apache/spark/sql/execution/streaming/state/StateStoreCustomSumMetric
instanceKlass org/apache/spark/sql/execution/streaming/state/StateStoreCustomSizeMetric
instanceKlass org/apache/spark/sql/execution/streaming/state/StateStore
instanceKlass org/apache/spark/sql/execution/streaming/state/StateStoreCustomMetric
instanceKlass org/apache/spark/sql/execution/streaming/state/ReadStateStore
instanceKlass org/apache/spark/sql/execution/streaming/state/HDFSBackedStateStoreProvider
instanceKlass org/apache/spark/sql/execution/streaming/state/StateStoreProvider
instanceKlass org/apache/spark/sql/execution/streaming/state/StateStoreProvider$
instanceKlass org/apache/spark/sql/execution/ui/StreamingQueryStatusStore
instanceKlass org/apache/spark/sql/execution/streaming/StreamingQueryListenerBus$
instanceKlass org/apache/spark/sql/streaming/StreamingQueryListener$Event
instanceKlass org/apache/spark/sql/execution/streaming/state/StateStoreCoordinatorRef
instanceKlass org/apache/spark/sql/execution/streaming/state/StateStoreCoordinator
instanceKlass org/apache/spark/sql/execution/streaming/state/StateStoreCoordinatorRef$
instanceKlass org/apache/spark/sql/execution/streaming/AsyncLogPurge
instanceKlass org/apache/spark/sql/execution/streaming/StreamExecution
instanceKlass org/apache/spark/sql/execution/streaming/ProgressReporter
instanceKlass org/apache/spark/sql/streaming/StreamingQueryListener
instanceKlass org/apache/spark/sql/execution/streaming/sources/ForeachBatchSink
instanceKlass org/apache/spark/sql/catalyst/util/SparkDateTimeUtils$
instanceKlass org/apache/spark/sql/catalyst/util/SparkIntervalUtils$
instanceKlass org/apache/spark/sql/streaming/DataStreamWriter$
instanceKlass org/apache/spark/sql/execution/streaming/sources/PythonForeachBatchHelper$
instanceKlass py4j/reflection/PythonProxyHandler
instanceKlass org/apache/spark/sql/execution/streaming/sources/PythonForeachBatchFunction
instanceKlass org/apache/spark/sql/execution/streaming/sources/PythonForeachBatchHelper
instanceKlass org/apache/spark/sql/catalyst/streaming/InternalOutputModes$
instanceKlass org/apache/spark/sql/catalyst/catalog/CatalogTable
instanceKlass org/apache/spark/api/java/function/VoidFunction2
instanceKlass org/apache/spark/sql/streaming/StreamingQuery
instanceKlass org/apache/spark/sql/ForeachWriter
instanceKlass org/apache/spark/sql/execution/streaming/Triggers$
instanceKlass org/apache/spark/sql/execution/streaming/ProcessingTimeTrigger$
instanceKlass org/apache/spark/sql/streaming/Trigger
instanceKlass org/apache/spark/sql/streaming/OutputMode
instanceKlass org/apache/spark/sql/catalyst/expressions/ExprId$
instanceKlass org/apache/spark/sql/catalyst/expressions/aggregate/Final$
instanceKlass org/apache/spark/sql/catalyst/expressions/aggregate/PartialMerge$
instanceKlass org/apache/spark/sql/execution/datasources/ApplyCharTypePadding$AttrOrOuterRef$
instanceKlass org/apache/spark/sql/catalyst/expressions/aggregate/Partial$
instanceKlass org/apache/spark/sql/catalyst/expressions/OrderUtils$
instanceKlass org/apache/spark/sql/catalyst/expressions/BaseOrdering
instanceKlass org/apache/spark/sql/catalyst/expressions/CodeGeneratorWithInterpretedFallback
instanceKlass org/apache/spark/sql/types/UpCastRule$
instanceKlass org/apache/spark/sql/catalyst/expressions/DecimalLiteral$
instanceKlass org/apache/spark/sql/types/IntegralTypeExpression$
instanceKlass org/apache/spark/sql/types/DecimalExpression$
instanceKlass org/apache/spark/sql/catalyst/expressions/BinaryComparison$
instanceKlass org/apache/spark/sql/catalyst/expressions/Equality$
instanceKlass org/apache/spark/sql/catalyst/expressions/BinaryOperator$
instanceKlass org/apache/spark/sql/types/DataTypeExpression
instanceKlass org/apache/spark/sql/catalyst/expressions/BinaryArithmetic$
instanceKlass org/apache/spark/sql/catalyst/util/TypeUtils$
instanceKlass org/apache/spark/sql/types/AnyTimestampTypeExpression$
instanceKlass org/apache/spark/sql/catalyst/analysis/TypeCheckResult$DataTypeMismatch
instanceKlass org/apache/spark/sql/catalyst/dsl/package$ExpressionConversions$DslExpression
instanceKlass org/apache/spark/sql/catalyst/dsl/package$ImplicitOperators
instanceKlass org/apache/spark/sql/catalyst/dsl/package$expressions$
instanceKlass org/apache/spark/sql/catalyst/dsl/package$ExpressionConversions
instanceKlass org/apache/spark/sql/catalyst/expressions/LiteralTreeBits$
instanceKlass org/apache/spark/sql/catalyst/expressions/aggregate/Count$
instanceKlass org/apache/spark/sql/catalyst/expressions/aggregate/Complete$
instanceKlass org/apache/spark/sql/catalyst/expressions/aggregate/AggregateExpression$
instanceKlass org/apache/spark/sql/RelationalGroupedDataset$GroupByType$
instanceKlass org/apache/spark/sql/RelationalGroupedDataset$
instanceKlass org/apache/spark/sql/catalyst/expressions/TimeWindow$
instanceKlass org/apache/spark/sql/catalyst/plans/logical/EventTimeWatermark$
instanceKlass scala/collection/mutable/ArrayOps$ofByte$
instanceKlass scala/collection/mutable/ArrayOps$ofByte
instanceKlass org/apache/spark/sql/catalyst/util/IntervalUtils$
instanceKlass org/apache/spark/sql/catalyst/util/SparkIntervalUtils
instanceKlass org/apache/spark/sql/types/TypeCollection$
instanceKlass org/apache/spark/sql/util/SchemaUtils$
instanceKlass scala/runtime/AbstractFunction5
instanceKlass org/apache/spark/sql/catalyst/plans/logical/Project$
instanceKlass org/apache/spark/sql/catalyst/util/SparkStringUtils$
instanceKlass scala/collection/SeqViewLike$AbstractTransformed
instanceKlass scala/collection/SeqViewLike$Mapped
instanceKlass scala/collection/IterableViewLike$Mapped
instanceKlass scala/collection/TraversableViewLike$Mapped
instanceKlass scala/collection/mutable/IndexedSeqView$$anon$7
instanceKlass scala/collection/mutable/IndexedSeqView$
instanceKlass scala/collection/mutable/IndexedSeqView$Transformed
instanceKlass scala/collection/SeqViewLike$Transformed
instanceKlass scala/collection/IterableViewLike$Transformed
instanceKlass scala/collection/TraversableViewLike$Transformed
instanceKlass scala/collection/mutable/IndexedSeqLike$$anon$1
instanceKlass org/apache/spark/sql/catalyst/expressions/ExpectsInputTypes$
instanceKlass org/apache/spark/sql/catalyst/expressions/ExprUtils$
instanceKlass org/apache/commons/lang3/ArrayUtils
instanceKlass org/apache/commons/lang3/ClassUtils
instanceKlass org/apache/spark/sql/catalyst/expressions/MetadataAttribute$
instanceKlass org/apache/spark/sql/catalyst/util/package$MetadataColumnHelper
instanceKlass org/apache/spark/sql/catalyst/expressions/FileSourceGeneratedMetadataStructField$
instanceKlass org/apache/spark/sql/catalyst/expressions/FileSourceConstantMetadataStructField$
instanceKlass org/apache/spark/sql/catalyst/expressions/FileSourceMetadataAttribute$
instanceKlass org/apache/spark/sql/catalyst/util/package$
instanceKlass org/apache/spark/sql/catalyst/expressions/package$AttributeSeq
instanceKlass org/apache/spark/sql/catalyst/expressions/package$AttributeSeq$
instanceKlass org/apache/spark/sql/execution/arrow/ArrowConverters$ArrowBatchIterator
instanceKlass org/apache/spark/sql/execution/CachedData
instanceKlass org/apache/spark/sql/KeyValueGroupedDataset
instanceKlass org/apache/spark/storage/StorageLevel
instanceKlass org/apache/spark/api/java/function/MapPartitionsFunction
instanceKlass org/apache/spark/api/java/function/ForeachPartitionFunction
instanceKlass org/apache/spark/sql/streaming/DataStreamWriter
instanceKlass scala/Tuple1
instanceKlass scala/Product1
instanceKlass org/apache/spark/sql/Observation
instanceKlass org/apache/spark/sql/RelationalGroupedDataset
instanceKlass org/apache/spark/sql/DataFrameNaFunctions
instanceKlass org/apache/spark/sql/execution/arrow/ArrowBatchStreamWriter
instanceKlass org/apache/spark/sql/DataFrameStatFunctions
instanceKlass org/apache/spark/sql/DataFrameWriterV2
instanceKlass org/apache/spark/sql/CreateTableWriter
instanceKlass org/apache/spark/sql/WriteConfigMethods
instanceKlass org/apache/spark/api/java/function/ReduceFunction
instanceKlass org/apache/spark/api/java/function/FlatMapFunction
instanceKlass org/apache/spark/sql/DataFrameWriter
instanceKlass org/apache/spark/api/java/function/FilterFunction
instanceKlass org/apache/spark/api/java/function/MapFunction
instanceKlass org/apache/spark/api/java/function/ForeachFunction
instanceKlass java/util/function/UnaryOperator
instanceKlass org/apache/spark/sql/types/DataType$JSortedObject$
instanceKlass com/fasterxml/jackson/core/util/JacksonFeatureSet
instanceKlass com/fasterxml/jackson/core/JsonStreamContext
instanceKlass com/fasterxml/jackson/core/util/BufferRecycler
instanceKlass com/fasterxml/jackson/core/util/BufferRecyclers
instanceKlass com/fasterxml/jackson/core/util/TextBuffer
instanceKlass com/fasterxml/jackson/core/io/IOContext
instanceKlass com/fasterxml/jackson/core/io/ContentReference
instanceKlass com/fasterxml/jackson/databind/annotation/JsonTypeResolver
instanceKlass com/fasterxml/jackson/databind/util/ArrayIterator
instanceKlass com/fasterxml/jackson/annotation/JsonIdentityInfo
instanceKlass com/fasterxml/jackson/annotation/JsonAutoDetect
instanceKlass com/fasterxml/jackson/databind/introspect/POJOPropertiesCollector
instanceKlass com/fasterxml/jackson/databind/introspect/AnnotationCollector$OneAnnotation
instanceKlass com/fasterxml/jackson/annotation/JacksonAnnotationsInside
instanceKlass com/fasterxml/jackson/core/filter/TokenFilter
instanceKlass com/fasterxml/jackson/databind/util/internal/PrivateMaxEntriesMap$AddTask
instanceKlass com/fasterxml/jackson/databind/util/internal/PrivateMaxEntriesMap$WeightedValue
instanceKlass com/fasterxml/jackson/databind/type/ClassStack
instanceKlass com/fasterxml/jackson/databind/deser/Deserializers$Base
instanceKlass org/json4s/BuildInfo$
instanceKlass org/json4s/jackson/Json4sModule$
instanceKlass org/json4s/JsonAST$JObject$
instanceKlass org/json4s/JsonAST$JField$
instanceKlass org/json4s/JsonAST$JBool$
instanceKlass org/json4s/JsonInput
instanceKlass org/json4s/package$
instanceKlass org/json4s/jackson/JsonMethods$
instanceKlass org/json4s/jackson/JsonMethods
instanceKlass org/json4s/JsonMethods
instanceKlass org/apache/spark/sql/catalyst/expressions/Cast$
instanceKlass org/apache/spark/sql/catalyst/util/SparkParserUtils$
instanceKlass org/antlr/v4/runtime/ProxyErrorListener
instanceKlass org/antlr/v4/runtime/dfa/DFAState$PredPrediction
instanceKlass org/antlr/v4/runtime/misc/FlexibleHashMap$Entry
instanceKlass org/antlr/v4/runtime/misc/FlexibleHashMap
instanceKlass org/apache/spark/sql/expressions/WindowSpec
instanceKlass scala/Symbol
instanceKlass org/apache/spark/sql/Column$
instanceKlass org/apache/spark/sql/functions$
instanceKlass org/apache/spark/sql/api/java/UDF8
instanceKlass org/apache/spark/sql/api/java/UDF0
instanceKlass scala/Function10
instanceKlass org/apache/spark/sql/api/java/UDF9
instanceKlass org/apache/spark/sql/api/java/UDF10
instanceKlass org/apache/spark/sql/api/java/UDF5
instanceKlass org/apache/spark/sql/api/java/UDF1
instanceKlass org/apache/spark/sql/api/java/UDF2
instanceKlass org/apache/spark/sql/api/java/UDF3
instanceKlass org/apache/spark/sql/api/java/UDF6
instanceKlass org/apache/spark/sql/api/java/UDF4
instanceKlass org/apache/spark/sql/api/java/UDF7
instanceKlass scala/Function5
instanceKlass scala/Function9
instanceKlass org/apache/spark/sql/expressions/Aggregator
instanceKlass org/apache/spark/sql/functions
instanceKlass org/apache/spark/sql/catalyst/encoders/package$
instanceKlass org/apache/spark/sql/catalyst/expressions/Alias$
instanceKlass org/apache/spark/unsafe/hash/Murmur3_x86_32
instanceKlass org/apache/spark/sql/catalyst/util/MapData
instanceKlass org/apache/spark/sql/catalyst/WalkedTypePath
instanceKlass org/apache/spark/sql/catalyst/DeserializerBuildHelper$
instanceKlass org/apache/spark/sql/types/DataType$
instanceKlass org/apache/spark/sql/catalyst/expressions/package$
instanceKlass scala/compat/Platform$
instanceKlass scala/runtime/LazyInt
instanceKlass org/apache/spark/sql/catalyst/util/DateTimeUtils
instanceKlass org/apache/spark/sql/catalyst/util/DateTimeUtils$
instanceKlass org/apache/spark/sql/catalyst/util/SparkDateTimeUtils
instanceKlass org/apache/spark/sql/catalyst/CatalystTypeConverters$CatalystTypeConverter
instanceKlass org/apache/spark/sql/catalyst/CatalystTypeConverters$
instanceKlass org/apache/spark/sql/catalyst/expressions/Literal$
instanceKlass org/apache/spark/sql/catalyst/util/QuotingUtils$
instanceKlass org/apache/spark/sql/catalyst/util/AttributeNameParser$
instanceKlass sun/security/util/ManifestEntryVerifier$SunProviderHolder
instanceKlass java/util/Base64$Encoder
instanceKlass java/util/Base64$Decoder
instanceKlass java/util/Base64
instanceKlass java/security/interfaces/RSAKey
instanceKlass javax/crypto/SecretKey
instanceKlass sun/security/util/Length
instanceKlass sun/security/util/KeyUtil
instanceKlass java/security/interfaces/XECKey
instanceKlass java/security/interfaces/ECKey
instanceKlass sun/security/util/JarConstraintsParameters
instanceKlass sun/security/util/ConstraintsParameters
instanceKlass java/security/cert/CertPath
instanceKlass java/math/MutableBigInteger
instanceKlass java/security/spec/DSAParameterSpec
instanceKlass java/security/interfaces/DSAParams
instanceKlass java/security/interfaces/DSAPrivateKey
instanceKlass java/security/PrivateKey
instanceKlass javax/security/auth/Destroyable
instanceKlass java/security/Signature$1
instanceKlass jdk/internal/access/JavaSecuritySignatureAccess
instanceKlass java/security/SignatureSpi
instanceKlass sun/security/x509/OIDMap$OIDInfo
instanceKlass sun/security/x509/OIDMap
instanceKlass sun/security/x509/PKIXExtensions
instanceKlass jdk/internal/icu/util/CodePointTrie$Data
instanceKlass jdk/internal/icu/util/CodePointTrie$1
instanceKlass jdk/internal/icu/util/CodePointMap
instanceKlass jdk/internal/icu/util/VersionInfo
instanceKlass jdk/internal/icu/impl/ICUBinary$1
instanceKlass jdk/internal/icu/impl/ICUBinary
instanceKlass jdk/internal/icu/impl/NormalizerImpl$IsAcceptable
instanceKlass jdk/internal/icu/impl/ICUBinary$Authenticate
instanceKlass jdk/internal/icu/impl/NormalizerImpl
instanceKlass jdk/internal/icu/impl/Norm2AllModes$Norm2AllModesSingleton
instanceKlass jdk/internal/icu/impl/Norm2AllModes$NFKCSingleton
instanceKlass jdk/internal/icu/impl/Norm2AllModes
instanceKlass jdk/internal/icu/text/Normalizer2
instanceKlass jdk/internal/icu/text/NormalizerBase$ModeImpl
instanceKlass jdk/internal/icu/text/NormalizerBase$NFKDModeImpl
instanceKlass jdk/internal/icu/text/NormalizerBase$1
instanceKlass jdk/internal/icu/text/NormalizerBase$Mode
instanceKlass jdk/internal/icu/text/NormalizerBase
instanceKlass java/text/Normalizer
instanceKlass sun/security/x509/AVAKeyword
instanceKlass sun/security/util/SignatureUtil
instanceKlass sun/security/x509/CertificateExtensions
instanceKlass sun/security/pkcs/PKCS9Attribute
instanceKlass sun/security/pkcs/PKCS9Attributes
instanceKlass java/time/ZonedDateTime
instanceKlass java/time/chrono/ChronoZonedDateTime
instanceKlass sun/security/util/DisabledAlgorithmConstraints$Constraints$Holder
instanceKlass sun/security/util/DisabledAlgorithmConstraints$1
instanceKlass sun/security/util/DisabledAlgorithmConstraints$Constraint
instanceKlass sun/security/util/DisabledAlgorithmConstraints$Constraints
instanceKlass sun/security/util/AbstractAlgorithmConstraints$1
instanceKlass sun/security/util/AlgorithmDecomposer
instanceKlass sun/security/util/DisabledAlgorithmConstraints$JarHolder
instanceKlass sun/security/pkcs/SignerInfo
instanceKlass jdk/internal/event/EventHelper
instanceKlass sun/security/jca/JCAUtil
instanceKlass sun/security/util/MemoryCache$CacheEntry
instanceKlass sun/security/x509/X509AttributeName
instanceKlass sun/security/util/IOUtils
instanceKlass java/security/interfaces/DSAPublicKey
instanceKlass java/security/interfaces/DSAKey
instanceKlass java/security/spec/DSAPublicKeySpec
instanceKlass java/security/KeyFactorySpi
instanceKlass sun/security/jca/ProviderList$ServiceList$1
instanceKlass java/security/KeyFactory
instanceKlass java/security/spec/EncodedKeySpec$1
instanceKlass jdk/internal/access/JavaSecuritySpecAccess
instanceKlass java/security/spec/EncodedKeySpec
instanceKlass java/security/spec/KeySpec
instanceKlass sun/security/util/BitArray
instanceKlass java/security/AlgorithmParametersSpi
instanceKlass java/security/AlgorithmParameters
instanceKlass sun/security/x509/X509Key
instanceKlass java/security/PublicKey
instanceKlass java/security/Key
instanceKlass sun/security/x509/CertificateX509Key
instanceKlass sun/security/x509/CertificateValidity
instanceKlass sun/security/x509/AVA
instanceKlass sun/security/x509/RDN
instanceKlass javax/security/auth/x500/X500Principal
instanceKlass sun/security/x509/X500Name$1
instanceKlass sun/security/x509/X500Name
instanceKlass sun/security/x509/GeneralNameInterface
instanceKlass sun/security/x509/CertificateAlgorithmId
instanceKlass sun/security/x509/SerialNumber
instanceKlass sun/security/x509/CertificateSerialNumber
instanceKlass sun/security/x509/CertificateVersion
instanceKlass sun/security/x509/X509CertInfo
instanceKlass sun/security/x509/CertAttrSet
instanceKlass sun/security/util/Cache$EqualByteArray
instanceKlass sun/security/util/Cache
instanceKlass java/security/cert/CertificateFactorySpi
instanceKlass java/security/cert/CertificateFactory
instanceKlass sun/security/x509/AlgorithmId
instanceKlass sun/security/util/DerValue
instanceKlass sun/security/pkcs/ContentInfo
instanceKlass sun/security/util/DerInputStream
instanceKlass sun/security/pkcs/PKCS7
instanceKlass sun/security/util/ManifestDigester$Section
instanceKlass sun/security/util/ManifestDigester$Entry
instanceKlass sun/security/util/ManifestDigester$Position
instanceKlass sun/security/util/ManifestDigester
instanceKlass sun/security/util/ManifestEntryVerifier
instanceKlass org/apache/spark/sql/errors/QueryExecutionErrors$
instanceKlass org/apache/spark/sql/errors/ExecutionErrors
instanceKlass org/apache/spark/sql/catalyst/encoders/AgnosticEncoders$ProductEncoder
instanceKlass org/apache/spark/sql/catalyst/encoders/AgnosticEncoders$MapEncoder
instanceKlass org/apache/spark/sql/catalyst/encoders/AgnosticEncoders$IterableEncoder
instanceKlass org/apache/spark/sql/catalyst/encoders/AgnosticEncoders$ArrayEncoder
instanceKlass org/apache/spark/sql/catalyst/encoders/AgnosticEncoders$OptionEncoder
instanceKlass org/apache/spark/sql/catalyst/encoders/AgnosticEncoders$UDTEncoder
instanceKlass org/apache/spark/sql/catalyst/encoders/AgnosticEncoders$EnumEncoder
instanceKlass org/apache/spark/sql/catalyst/types/PhysicalBinaryType$$anonfun$1
instanceKlass scala/math/LowPriorityOrderingImplicits$$anon$2
instanceKlass org/apache/spark/sql/types/DoubleType$DoubleAsIfIntegral$
instanceKlass org/apache/spark/sql/types/DoubleType$DoubleAsIfIntegral
instanceKlass org/apache/spark/sql/types/DoubleType$DoubleIsConflicted
instanceKlass scala/math/Numeric$DoubleIsFractional$
instanceKlass scala/math/Ordering$DoubleOrdering
instanceKlass scala/math/Numeric$DoubleIsFractional
instanceKlass scala/math/Numeric$DoubleIsConflicted
instanceKlass org/apache/spark/sql/catalyst/types/PhysicalDoubleType$$anonfun$2
instanceKlass org/apache/spark/sql/types/FloatType$FloatAsIfIntegral$
instanceKlass org/apache/spark/sql/types/FloatType$FloatAsIfIntegral
instanceKlass org/apache/spark/sql/types/FloatType$FloatIsConflicted
instanceKlass scala/math/Numeric$FloatIsFractional$
instanceKlass scala/math/Ordering$FloatOrdering
instanceKlass scala/math/Numeric$FloatIsFractional
instanceKlass scala/math/Fractional
instanceKlass scala/math/Numeric$FloatIsConflicted
instanceKlass org/apache/spark/sql/catalyst/types/PhysicalFloatType$$anonfun$3
instanceKlass org/apache/spark/sql/types/LongExactNumeric$
instanceKlass org/apache/spark/sql/types/IntegerExactNumeric$
instanceKlass scala/math/Numeric$IntIsIntegral$
instanceKlass scala/math/Numeric$IntIsIntegral
instanceKlass org/apache/spark/sql/types/ShortExactNumeric$
instanceKlass scala/math/Numeric$ShortIsIntegral$
instanceKlass scala/math/Numeric$ShortIsIntegral
instanceKlass scala/math/Ordering$Short$
instanceKlass scala/math/Ordering$ShortOrdering
instanceKlass org/apache/spark/sql/types/ByteExactNumeric$
instanceKlass scala/math/Numeric$ByteIsIntegral$
instanceKlass scala/math/Numeric$ByteIsIntegral
instanceKlass scala/math/Ordering$Byte$
instanceKlass scala/math/Ordering$ByteOrdering
instanceKlass scala/math/Ordering$Boolean$
instanceKlass scala/math/Ordering$BooleanOrdering
instanceKlass org/apache/spark/sql/catalyst/types/PhysicalPrimitiveType
instanceKlass org/apache/spark/sql/catalyst/types/PhysicalDataType
instanceKlass org/apache/spark/sql/catalyst/types/PhysicalDataType$
instanceKlass org/apache/spark/sql/catalyst/InternalRow$
instanceKlass org/apache/spark/sql/Row
instanceKlass org/apache/spark/unsafe/types/CalendarInterval
instanceKlass org/apache/spark/unsafe/types/UTF8String
instanceKlass com/esotericsoftware/kryo/KryoSerializable
instanceKlass org/apache/spark/sql/catalyst/encoders/EncoderUtils$
instanceKlass org/apache/spark/sql/catalyst/SerializerBuildHelper$
instanceKlass org/apache/spark/sql/catalyst/encoders/ExpressionEncoder
instanceKlass org/apache/spark/sql/catalyst/encoders/AgnosticEncoders$LeafEncoder
instanceKlass org/apache/spark/sql/catalyst/encoders/AgnosticEncoders$EncoderField
instanceKlass org/apache/spark/sql/catalyst/encoders/AgnosticEncoders$BaseRowEncoder
instanceKlass org/apache/spark/sql/catalyst/encoders/AgnosticEncoders$StructEncoder
instanceKlass org/apache/spark/sql/catalyst/encoders/AgnosticEncoder
instanceKlass org/apache/spark/sql/catalyst/encoders/RowEncoder$
instanceKlass org/apache/spark/sql/catalyst/encoders/ExpressionEncoder$
instanceKlass org/apache/spark/sql/catalyst/expressions/PythonFuncExpression
instanceKlass org/apache/spark/sql/Column
instanceKlass org/apache/spark/sql/RelationalGroupedDataset$GroupType
instanceKlass org/apache/spark/sql/catalyst/QueryPlanningTrackerCallback
instanceKlass org/apache/spark/sql/catalyst/QueryPlanningTracker$PhaseSummary
instanceKlass org/apache/spark/sql/catalyst/plans/logical/PlanHelper$
instanceKlass org/apache/spark/sql/catalyst/analysis/Parameter
instanceKlass org/apache/spark/sql/catalyst/analysis/ResolveReferencesInAggregate$
instanceKlass org/apache/spark/sql/catalyst/util/CharVarcharUtils$
instanceKlass org/apache/spark/sql/catalyst/util/SparkCharVarcharUtils
instanceKlass org/apache/spark/sql/delta/DeltaAnalysis$EligibleCreateTableLikeCommand$
instanceKlass org/apache/spark/sql/catalyst/plans/logical/V2PartitionCommand
instanceKlass scala/PartialFunction$$anon$1
instanceKlass scala/PartialFunction$
instanceKlass scala/Function$
instanceKlass org/apache/spark/sql/catalyst/expressions/AttributeMap
instanceKlass org/apache/spark/sql/catalyst/expressions/AttributeMap$
instanceKlass org/apache/spark/sql/catalyst/plans/logical/LogicalPlan$
instanceKlass org/apache/spark/sql/catalyst/plans/logical/ObjectProducer
instanceKlass scala/collection/mutable/LinkedHashSet$Entry
instanceKlass org/apache/spark/sql/catalyst/expressions/AttributeEquals
instanceKlass scala/collection/mutable/LazyBuilder
instanceKlass org/apache/spark/sql/catalyst/expressions/AttributeSet
instanceKlass org/apache/spark/sql/catalyst/expressions/AttributeSet$
instanceKlass org/apache/spark/sql/catalyst/analysis/TypeCheckResult$TypeCheckSuccess$
instanceKlass org/apache/spark/sql/catalyst/analysis/FieldPosition
instanceKlass org/apache/spark/sql/catalyst/plans/logical/UnaryParsedStatement
instanceKlass org/apache/spark/sql/catalyst/trees/AlwaysProcess$
instanceKlass org/apache/spark/sql/catalyst/QueryPlanningTracker$RuleSummary
instanceKlass org/apache/spark/sql/catalyst/expressions/AttributeReferenceTreeBits$
instanceKlass scala/collection/immutable/StreamIterator$LazyCell
instanceKlass scala/collection/immutable/StreamView
instanceKlass scala/collection/immutable/StreamViewLike
instanceKlass scala/collection/immutable/Stream$cons$
instanceKlass org/apache/spark/sql/types/Decimal
instanceKlass scala/runtime/java8/JFunction1$mcJI$sp
instanceKlass org/apache/spark/sql/types/Decimal$
instanceKlass org/apache/spark/sql/catalyst/analysis/TypeCoercionRule
instanceKlass org/apache/spark/sql/catalyst/analysis/TypeCoercionBase
instanceKlass org/apache/spark/sql/catalyst/plans/logical/MergeRows$Instruction
instanceKlass org/apache/spark/sql/connector/write/RowLevelOperation
instanceKlass org/apache/spark/sql/connector/write/RowLevelOperationInfo
instanceKlass org/apache/spark/sql/catalyst/analysis/RewriteRowLevelCommand
instanceKlass org/apache/spark/sql/catalyst/expressions/EvalHelper
instanceKlass org/apache/spark/sql/catalyst/analysis/CastSupport
instanceKlass org/apache/spark/sql/catalyst/plans/logical/ObjectConsumer
instanceKlass org/apache/spark/sql/catalyst/plans/ReferenceAllColumns
instanceKlass org/apache/spark/sql/catalyst/plans/logical/JoinStrategyHint
instanceKlass org/apache/spark/sql/catalyst/plans/logical/JoinStrategyHint$
instanceKlass org/apache/spark/sql/catalyst/rules/RuleExecutor$Batch
instanceKlass org/apache/spark/sql/catalyst/rules/QueryExecutionMetrics
instanceKlass org/apache/spark/sql/catalyst/rules/PlanChangeLogger
instanceKlass org/sparkproject/guava/util/concurrent/AtomicLongMap
instanceKlass org/apache/spark/sql/catalyst/rules/QueryExecutionMetering
instanceKlass org/apache/spark/sql/catalyst/rules/RuleExecutor$
instanceKlass org/apache/spark/sql/catalyst/analysis/AnalysisContext
instanceKlass org/apache/spark/sql/catalyst/analysis/AnalysisContext$
instanceKlass org/apache/spark/sql/catalyst/plans/logical/AnalysisHelper$
instanceKlass org/apache/spark/sql/catalyst/plans/logical/V2WriteCommand
instanceKlass org/apache/spark/sql/catalyst/plans/logical/KeepAnalyzedQuery
instanceKlass org/apache/spark/sql/execution/command/CommandCheck$
instanceKlass org/apache/spark/sql/execution/datasources/v2/TableCapabilityCheck$
instanceKlass org/apache/spark/sql/execution/datasources/HiveOnlyCheck$
instanceKlass org/apache/spark/sql/execution/datasources/PreReadCheck$
instanceKlass org/apache/spark/sql/execution/datasources/PreWriteCheck$
instanceKlass org/apache/spark/sql/catalyst/plans/logical/DeltaMergeIntoMatchedClause
instanceKlass org/apache/spark/sql/catalyst/plans/logical/DeltaMergeIntoNotMatchedBySourceClause
instanceKlass org/apache/spark/sql/catalyst/plans/logical/DeltaMergeIntoClause
instanceKlass org/apache/spark/sql/catalyst/plans/logical/DeltaUnevaluable
instanceKlass org/apache/spark/sql/catalyst/plans/logical/SupportsSubquery
instanceKlass org/apache/spark/sql/delta/commands/merge/ClassicMergeExecutor
instanceKlass org/apache/spark/sql/delta/commands/merge/InsertOnlyMergeExecutor
instanceKlass org/apache/spark/sql/delta/commands/merge/MergeOutputGeneration
instanceKlass org/apache/spark/sql/delta/commands/MergeIntoCommandBase
instanceKlass org/apache/spark/sql/delta/commands/merge/MergeIntoMaterializeSource
instanceKlass org/apache/spark/sql/delta/util/DeltaSparkPlanUtils
instanceKlass org/apache/spark/sql/delta/schema/ImplicitMetadataOperation
instanceKlass org/apache/spark/sql/delta/files/TahoeFileIndex
instanceKlass org/apache/spark/sql/delta/files/SupportsRowIndexFilters
instanceKlass org/apache/spark/sql/delta/commands/CloneSource
instanceKlass org/apache/spark/sql/delta/commands/TableCreationModes$CreationMode
instanceKlass org/apache/spark/sql/delta/commands/DeltaCommand
instanceKlass org/apache/spark/sql/catalyst/parser/ParserUtils$
instanceKlass org/apache/spark/sql/catalyst/util/SparkParserUtils
instanceKlass org/antlr/v4/runtime/tree/TerminalNodeImpl
instanceKlass org/antlr/v4/runtime/misc/DoubleKeyMap
instanceKlass org/antlr/v4/runtime/CommonToken
instanceKlass org/antlr/v4/runtime/WritableToken
instanceKlass org/antlr/v4/runtime/misc/MurmurHash
instanceKlass org/apache/spark/sql/catalyst/parser/SqlBaseParserBaseListener
instanceKlass org/apache/spark/sql/catalyst/parser/SqlBaseParserListener
instanceKlass org/antlr/v4/runtime/atn/SemanticContext
instanceKlass org/antlr/v4/runtime/DefaultErrorStrategy
instanceKlass org/antlr/v4/runtime/tree/ErrorNode
instanceKlass org/antlr/v4/runtime/tree/TerminalNode
instanceKlass org/antlr/v4/runtime/BufferedTokenStream
instanceKlass org/antlr/v4/runtime/atn/LexerATNSimulator$SimState
instanceKlass org/antlr/v4/runtime/misc/AbstractEqualityComparator
instanceKlass org/antlr/v4/runtime/misc/EqualityComparator
instanceKlass org/antlr/v4/runtime/misc/Array2DHashSet
instanceKlass org/antlr/v4/runtime/dfa/DFAState
instanceKlass org/antlr/v4/runtime/atn/ATNConfigSet
instanceKlass org/antlr/v4/runtime/atn/ATNConfig
instanceKlass org/antlr/v4/runtime/misc/IntegerList
instanceKlass org/antlr/v4/runtime/Token
instanceKlass org/antlr/v4/runtime/CommonTokenFactory
instanceKlass org/antlr/v4/runtime/TokenFactory
instanceKlass org/antlr/v4/runtime/BaseErrorListener
instanceKlass org/antlr/v4/runtime/CodePointCharStream$1
instanceKlass org/antlr/v4/runtime/CodePointCharStream
instanceKlass org/antlr/v4/runtime/CodePointBuffer$1
instanceKlass org/antlr/v4/runtime/CodePointBuffer$Builder
instanceKlass org/antlr/v4/runtime/CodePointBuffer
instanceKlass org/antlr/v4/runtime/CharStreams
instanceKlass org/apache/spark/sql/catalyst/parser/UpperCaseCharStream
instanceKlass org/antlr/v4/runtime/dfa/DFASerializer
instanceKlass org/antlr/v4/runtime/dfa/DFA
instanceKlass org/antlr/v4/runtime/atn/LexerCustomAction
instanceKlass org/antlr/v4/runtime/atn/LexerChannelAction
instanceKlass org/antlr/v4/runtime/atn/ATNDeserializer$3
instanceKlass org/antlr/v4/runtime/atn/ATNDeserializer$2
instanceKlass org/antlr/v4/runtime/misc/Interval
instanceKlass org/antlr/v4/runtime/misc/IntervalSet
instanceKlass org/antlr/v4/runtime/atn/ATNDeserializer$1
instanceKlass org/antlr/v4/runtime/misc/Pair
instanceKlass org/antlr/v4/runtime/misc/IntSet
instanceKlass org/antlr/v4/runtime/atn/ATN
instanceKlass org/antlr/v4/runtime/atn/ATNDeserializationOptions
instanceKlass org/antlr/v4/runtime/atn/LexerAction
instanceKlass org/antlr/v4/runtime/atn/ATNDeserializer$UnicodeDeserializer
instanceKlass org/antlr/v4/runtime/atn/ATNState
instanceKlass org/antlr/v4/runtime/atn/Transition
instanceKlass org/antlr/v4/runtime/atn/ATNDeserializer
instanceKlass org/antlr/v4/runtime/misc/Utils
instanceKlass org/antlr/v4/runtime/VocabularyImpl
instanceKlass org/antlr/v4/runtime/atn/PredictionContext
instanceKlass org/antlr/v4/runtime/atn/PredictionContextCache
instanceKlass org/antlr/v4/runtime/RuntimeMetaData
instanceKlass org/antlr/v4/runtime/Vocabulary
instanceKlass org/antlr/v4/runtime/atn/ATNSimulator
instanceKlass org/antlr/v4/runtime/Recognizer
instanceKlass org/apache/spark/sql/catalyst/analysis/UnresolvedAttribute$
instanceKlass org/apache/spark/sql/catalyst/util/AttributeNameParser
instanceKlass org/apache/spark/sql/catalyst/expressions/VirtualColumn$
instanceKlass org/apache/spark/sql/catalyst/catalog/SessionCatalog$
instanceKlass org/apache/spark/sql/catalyst/expressions/UserDefinedExpression
instanceKlass org/apache/spark/sql/internal/SparkUDFExpressionBuilder
instanceKlass org/apache/spark/sql/internal/SessionState$
instanceKlass org/apache/spark/sql/catalyst/catalog/GlobalTempViewManager
instanceKlass org/apache/spark/sql/catalyst/catalog/ExternalCatalogWithListener
instanceKlass org/apache/spark/sql/catalyst/catalog/ExternalCatalog
instanceKlass org/apache/spark/sql/connector/catalog/functions/UnboundFunction
instanceKlass org/apache/spark/sql/connector/catalog/functions/Function
instanceKlass org/apache/spark/sql/execution/datasources/v2/V2SessionCatalog
instanceKlass org/apache/spark/sql/connector/catalog/SupportsNamespaces
instanceKlass org/apache/spark/sql/connector/catalog/FunctionCatalog
instanceKlass org/apache/spark/sql/connector/catalog/TableCatalog
instanceKlass org/apache/spark/sql/connector/catalog/CatalogManager
instanceKlass org/apache/spark/sql/catalyst/rules/RuleExecutor$Strategy
instanceKlass org/apache/spark/sql/catalyst/analysis/LeafNodeWithoutStats
instanceKlass org/apache/spark/sql/catalyst/expressions/WindowSpec
instanceKlass org/apache/spark/sql/catalyst/QueryPlanningTracker$
instanceKlass org/apache/spark/sql/execution/QueryExecution$
instanceKlass org/apache/spark/sql/Dataset$
instanceKlass org/apache/spark/sql/execution/datasources/v2/DataSourceV2Implicits$TableHelper
instanceKlass org/apache/spark/sql/execution/datasources/v2/DataSourceV2Implicits$
instanceKlass org/apache/spark/sql/connector/catalog/ColumnDefaultValue
instanceKlass org/apache/spark/sql/connector/catalog/CatalogV2Implicits$ColumnsHelper
instanceKlass org/apache/spark/sql/internal/connector/ColumnImpl
instanceKlass org/apache/spark/sql/types/MetadataBuilder
instanceKlass org/apache/spark/sql/catalyst/util/GeneratedColumn$
instanceKlass org/apache/spark/sql/catalyst/util/ResolveDefaultColumnsUtils$
instanceKlass org/apache/spark/sql/catalyst/util/ResolveDefaultColumnsUtils
instanceKlass org/apache/spark/sql/connector/catalog/Column
instanceKlass org/apache/spark/sql/connector/catalog/CatalogV2Util$
instanceKlass org/apache/spark/sql/connector/catalog/CatalogV2Util
instanceKlass org/apache/spark/sql/connector/write/WriteBuilder
instanceKlass org/apache/spark/sql/connector/read/Scan
instanceKlass org/apache/spark/sql/kafka010/KafkaSourceProvider$KafkaTable
instanceKlass org/apache/spark/sql/connector/catalog/SupportsWrite
instanceKlass org/apache/spark/sql/connector/catalog/SupportsRead
instanceKlass org/apache/spark/sql/connector/catalog/CatalogV2Implicits$
instanceKlass scala/collection/convert/Wrappers$MapWrapper$$anon$2$$anon$3$$anon$4
instanceKlass scala/collection/convert/Wrappers$MapWrapper$$anon$2$$anon$3
instanceKlass org/apache/spark/sql/util/CaseInsensitiveStringMap
instanceKlass org/apache/spark/sql/connector/catalog/SessionConfigSupport
instanceKlass org/apache/spark/sql/execution/datasources/v2/DataSourceV2Utils$
instanceKlass org/apache/spark/sql/catalyst/rules/RuleIdCollection$
instanceKlass org/apache/spark/util/collection/BitSet
instanceKlass org/apache/spark/sql/catalyst/trees/Origin
instanceKlass org/apache/spark/sql/catalyst/trees/CurrentOrigin$
instanceKlass org/apache/spark/sql/catalyst/expressions/ExprId
instanceKlass org/apache/spark/sql/catalyst/expressions/NamedExpression$
instanceKlass org/apache/spark/sql/catalyst/expressions/AttributeReference$
instanceKlass org/apache/spark/sql/catalyst/types/DataTypeUtils$
instanceKlass org/apache/spark/sql/execution/datasources/DataSource$SourceInfo
instanceKlass org/apache/spark/sql/kafka010/KafkaRecordToRowConverter$
instanceKlass org/apache/kafka/common/serialization/ByteArrayDeserializer
instanceKlass org/apache/kafka/common/serialization/Deserializer
instanceKlass org/apache/kafka/common/serialization/ByteArraySerializer
instanceKlass org/apache/kafka/common/serialization/Serializer
instanceKlass org/apache/spark/sql/kafka010/KafkaSourceProvider$
instanceKlass org/apache/spark/sql/execution/streaming/StreamingRelation$
instanceKlass org/apache/spark/sql/catalyst/catalog/BucketSpec
instanceKlass org/apache/spark/sql/catalyst/analysis/package$
instanceKlass org/apache/spark/sql/execution/datasources/V1WriteCommand
instanceKlass org/apache/spark/sql/execution/command/DataWritingCommand
instanceKlass org/apache/spark/sql/execution/FileRelation
instanceKlass org/apache/spark/sql/execution/datasources/DataSource
instanceKlass scala/reflect/api/TypeCreator
instanceKlass org/apache/spark/sql/delta/sources/DeltaSourceUtils$
instanceKlass org/apache/spark/sql/delta/SnapshotDescriptor
instanceKlass com/databricks/spark/util/CentralizableMetric
instanceKlass com/databricks/spark/util/MetricDefinition
instanceKlass org/apache/spark/sql/delta/sources/DeltaDataSource
instanceKlass org/apache/spark/sql/execution/streaming/Sink
instanceKlass org/apache/spark/sql/kafka010/ConsumerStrategy
instanceKlass org/apache/spark/sql/execution/streaming/Source
instanceKlass org/apache/spark/sql/connector/read/streaming/SparkDataStream
instanceKlass org/apache/spark/sql/sources/TableScan
instanceKlass org/apache/spark/sql/kafka010/KafkaOffsetRangeLimit
instanceKlass org/apache/spark/sql/kafka010/KafkaSourceProvider
instanceKlass org/apache/spark/sql/sources/StreamSinkProvider
instanceKlass org/apache/spark/sql/sources/StreamSourceProvider
instanceKlass org/apache/spark/sql/execution/streaming/sources/RatePerMicroBatchProvider
instanceKlass org/apache/spark/sql/types/Metadata
instanceKlass org/apache/spark/sql/types/Metadata$
instanceKlass scala/runtime/AbstractFunction4
instanceKlass scala/Function4
instanceKlass org/apache/spark/sql/execution/datasources/binaryfile/BinaryFileFormat$
instanceKlass org/apache/spark/sql/execution/datasources/binaryfile/BinaryFileFormat
instanceKlass org/apache/spark/sql/execution/streaming/ConsoleSinkProvider
instanceKlass org/apache/spark/sql/execution/datasources/v2/text/TextDataSourceV2
instanceKlass org/apache/spark/sql/execution/datasources/v2/parquet/ParquetDataSourceV2
instanceKlass org/apache/hadoop/mapreduce/InputSplit
instanceKlass org/apache/spark/sql/execution/datasources/noop/NoopDataSource
instanceKlass org/apache/spark/sql/execution/datasources/v2/json/JsonDataSourceV2
instanceKlass org/apache/spark/sql/sources/InsertableRelation
instanceKlass org/apache/spark/sql/sources/PrunedFilteredScan
instanceKlass org/apache/spark/sql/execution/datasources/jdbc/JDBCOptions
instanceKlass org/apache/spark/sql/connector/catalog/Table
instanceKlass org/apache/spark/sql/execution/datasources/v2/csv/CSVDataSourceV2
instanceKlass org/apache/spark/sql/execution/datasources/v2/FileDataSourceV2
instanceKlass org/apache/spark/ml/source/image/ImageFileFormat
instanceKlass org/apache/hadoop/hive/ql/plan/AbstractOperatorDesc
instanceKlass org/apache/hadoop/hive/ql/plan/OperatorDesc
instanceKlass org/apache/spark/sql/hive/execution/HiveFileFormat
instanceKlass org/apache/hadoop/mapreduce/RecordReader
instanceKlass org/apache/spark/sql/execution/datasources/OutputWriterFactory
instanceKlass org/apache/spark/sql/hive/orc/OrcFileFormat
instanceKlass org/apache/spark/sql/execution/streaming/sources/RateStreamProvider
instanceKlass org/apache/spark/sql/execution/streaming/sources/TextSocketSourceProvider
instanceKlass org/apache/spark/sql/internal/connector/SimpleTableProvider
instanceKlass org/apache/spark/sql/connector/catalog/TableProvider
instanceKlass org/apache/spark/sql/execution/datasources/orc/OrcFileFormat
instanceKlass org/apache/spark/sql/execution/datasources/parquet/ParquetFileFormat
instanceKlass org/apache/spark/sql/execution/datasources/TextBasedFileFormat
instanceKlass org/apache/spark/sql/execution/datasources/FileFormat
instanceKlass org/apache/spark/sql/execution/datasources/jdbc/JdbcRelationProvider
instanceKlass org/apache/spark/sql/sources/DataSourceRegister
instanceKlass org/apache/spark/sql/sources/RelationProvider
instanceKlass org/apache/spark/sql/sources/CreatableRelationProvider
instanceKlass org/apache/spark/sql/execution/datasources/DataSource$
instanceKlass org/apache/spark/sql/execution/command/DDLUtils$
instanceKlass org/apache/spark/sql/catalyst/util/CaseInsensitiveMap
instanceKlass org/apache/spark/sql/catalyst/util/CaseInsensitiveMap$
instanceKlass org/apache/spark/sql/execution/adaptive/AdaptiveRulesHolder
instanceKlass org/apache/spark/sql/execution/ColumnarRule
instanceKlass org/apache/spark/sql/execution/QueryExecution
instanceKlass org/apache/spark/sql/internal/SessionResourceLoader
instanceKlass org/apache/spark/sql/execution/OrderPreservingUnaryExecNode
instanceKlass org/apache/spark/sql/execution/PartitioningPreservingUnaryExecNode
instanceKlass org/apache/spark/sql/execution/UnaryExecNode
instanceKlass org/apache/spark/sql/execution/CodegenSupport
instanceKlass io/delta/sql/parser/DeltaSqlBaseVisitor
instanceKlass org/apache/spark/sql/internal/VariableSubstitution$$anon$1
instanceKlass org/apache/spark/sql/internal/VariableSubstitution
instanceKlass org/apache/spark/sql/catalyst/plans/logical/HasPartitionExpressions
instanceKlass org/apache/spark/sql/catalyst/analysis/ViewType
instanceKlass org/apache/spark/sql/catalyst/plans/logical/BinaryCommand
instanceKlass org/apache/spark/sql/execution/ExplainMode
instanceKlass org/apache/spark/sql/catalyst/plans/logical/IgnoreCachedData
instanceKlass org/apache/spark/sql/catalyst/plans/logical/AlterTableCommand
instanceKlass org/apache/spark/sql/catalyst/analysis/FieldName
instanceKlass org/apache/spark/sql/catalyst/plans/logical/V2CreateTableAsSelectPlan
instanceKlass org/apache/spark/sql/catalyst/plans/logical/V2CreateTablePlan
instanceKlass org/apache/spark/sql/catalyst/plans/logical/TableSpecBase
instanceKlass org/apache/spark/sql/connector/expressions/Literal
instanceKlass org/apache/spark/sql/connector/expressions/Transform
instanceKlass org/apache/spark/sql/connector/expressions/NamedReference
instanceKlass org/apache/spark/sql/connector/expressions/Expression
instanceKlass org/apache/spark/sql/catalyst/expressions/NullOrdering
instanceKlass org/apache/spark/sql/catalyst/plans/JoinType
instanceKlass org/apache/spark/sql/catalyst/plans/logical/BinaryNode
instanceKlass org/apache/spark/sql/catalyst/expressions/BaseGroupingSets
instanceKlass org/apache/spark/sql/catalyst/plans/logical/AnalysisOnlyCommand
instanceKlass org/apache/spark/sql/catalyst/analysis/PartitionSpec
instanceKlass org/apache/spark/sql/catalyst/plans/logical/OrderPreservingUnaryNode
instanceKlass org/apache/spark/sql/catalyst/plans/AliasAwareQueryOutputOrdering
instanceKlass org/apache/spark/sql/catalyst/plans/AliasAwareOutputExpression
instanceKlass org/antlr/v4/runtime/tree/AbstractParseTreeVisitor
instanceKlass org/apache/spark/sql/catalyst/parser/SqlBaseParserVisitor
instanceKlass org/antlr/v4/runtime/tree/ParseTreeVisitor
instanceKlass org/antlr/v4/runtime/RuleContext
instanceKlass org/antlr/v4/runtime/tree/RuleNode
instanceKlass org/antlr/v4/runtime/tree/ParseTree
instanceKlass org/antlr/v4/runtime/tree/SyntaxTree
instanceKlass org/antlr/v4/runtime/tree/Tree
instanceKlass org/antlr/v4/runtime/ANTLRErrorStrategy
instanceKlass org/antlr/v4/runtime/tree/ParseTreeListener
instanceKlass org/antlr/v4/runtime/TokenStream
instanceKlass org/antlr/v4/runtime/TokenSource
instanceKlass org/antlr/v4/runtime/ANTLRErrorListener
instanceKlass org/antlr/v4/runtime/CharStream
instanceKlass org/antlr/v4/runtime/IntStream
instanceKlass org/apache/spark/sql/catalyst/parser/AbstractParser
instanceKlass org/apache/spark/sql/catalyst/catalog/SessionCatalog
instanceKlass org/apache/spark/sql/expressions/UserDefinedFunction
instanceKlass org/apache/spark/sql/catalyst/analysis/SimpleTableFunctionRegistry
instanceKlass org/apache/spark/sql/catalyst/expressions/ExplodeOuterGeneratorBuilder$
instanceKlass org/apache/spark/sql/catalyst/expressions/ExplodeGeneratorBuilder$
instanceKlass org/apache/spark/sql/catalyst/expressions/ExplodeGeneratorBuilderBase
instanceKlass org/apache/spark/sql/catalyst/expressions/SortDirection
instanceKlass org/apache/spark/sql/catalyst/analysis/GeneratorBuilder
instanceKlass org/apache/spark/sql/catalyst/analysis/TableFunctionRegistry$
instanceKlass org/apache/spark/sql/catalyst/analysis/SimpleFunctionRegistry
instanceKlass org/apache/spark/sql/catalyst/analysis/SimpleFunctionRegistryBase
instanceKlass org/apache/spark/sql/catalyst/expressions/MaskExpressionBuilder$
instanceKlass org/apache/spark/sql/catalyst/expressions/SizeBasedWindowFunction
instanceKlass org/apache/spark/sql/catalyst/expressions/SpecialFrameBoundary
instanceKlass org/apache/spark/sql/catalyst/expressions/FrameType
instanceKlass org/apache/spark/sql/catalyst/expressions/WindowFrame
instanceKlass org/apache/spark/sql/catalyst/expressions/OffsetWindowFunction
instanceKlass org/apache/spark/sql/catalyst/expressions/WindowFunction
instanceKlass org/apache/spark/sql/catalyst/expressions/CreateStruct$
instanceKlass org/apache/spark/sql/catalyst/expressions/ExtractValue
instanceKlass org/apache/spark/sql/catalyst/expressions/MapBasedSimpleHigherOrderFunction
instanceKlass org/apache/spark/sql/catalyst/expressions/Sequence$InternalSequence
instanceKlass org/apache/spark/sql/catalyst/expressions/codegen/Block
instanceKlass org/apache/spark/sql/catalyst/expressions/ArraySortLike
instanceKlass org/apache/spark/sql/catalyst/expressions/ArrayBasedSimpleHigherOrderFunction
instanceKlass org/apache/spark/sql/catalyst/expressions/SimpleHigherOrderFunction
instanceKlass org/apache/spark/sql/catalyst/expressions/HigherOrderFunction
instanceKlass org/apache/spark/sql/catalyst/util/ArrayData
instanceKlass org/apache/spark/sql/catalyst/expressions/ArrayBinaryLike
instanceKlass org/apache/spark/sql/catalyst/expressions/ArraySetLike
instanceKlass org/apache/spark/sql/catalyst/expressions/BinaryArrayExpressionWithImplicitCast
instanceKlass org/apache/spark/sql/catalyst/expressions/NoThrow
instanceKlass org/apache/spark/sql/catalyst/expressions/DatePartExpressionBuilder$
instanceKlass org/apache/spark/sql/catalyst/expressions/MakeTimestampLTZExpressionBuilder$
instanceKlass org/apache/spark/sql/catalyst/expressions/MakeTimestampNTZExpressionBuilder$
instanceKlass org/apache/spark/sql/catalyst/expressions/TruncInstant
instanceKlass org/apache/spark/sql/catalyst/expressions/ParseToTimestampLTZExpressionBuilder$
instanceKlass org/apache/spark/sql/catalyst/expressions/ParseToTimestampNTZExpressionBuilder$
instanceKlass org/apache/spark/sql/catalyst/expressions/GetTimeField
instanceKlass org/apache/spark/sql/catalyst/expressions/UTCTimestamp
instanceKlass org/apache/spark/sql/catalyst/expressions/GetDateField
instanceKlass org/apache/spark/sql/catalyst/expressions/TimestampFormatterHelper
instanceKlass org/apache/spark/sql/catalyst/expressions/CurDateExpressionBuilder$
instanceKlass org/apache/spark/sql/catalyst/expressions/RPadExpressionBuilder$
instanceKlass org/apache/spark/sql/catalyst/expressions/String2TrimExpression
instanceKlass org/apache/spark/sql/catalyst/expressions/LPadExpressionBuilder$
instanceKlass org/apache/spark/sql/catalyst/expressions/PadExpressionBuilderBase
instanceKlass org/apache/spark/sql/catalyst/expressions/objects/InvokeLike
instanceKlass org/apache/spark/sql/catalyst/expressions/NonSQLExpression
instanceKlass org/apache/spark/sql/catalyst/expressions/String2StringExpression
instanceKlass org/apache/spark/sql/catalyst/expressions/WriteStyle
instanceKlass org/apache/spark/sql/catalyst/expressions/EndsWithExpressionBuilder$
instanceKlass org/apache/spark/sql/catalyst/expressions/StartsWithExpressionBuilder$
instanceKlass org/apache/spark/sql/catalyst/expressions/ContainsExpressionBuilder$
instanceKlass org/apache/spark/sql/catalyst/expressions/StringBinaryPredicateExpressionBuilderBase
instanceKlass scala/runtime/AbstractFunction2
instanceKlass org/apache/spark/sql/catalyst/plans/logical/InputParameter
instanceKlass org/apache/spark/sql/catalyst/plans/logical/FunctionSignature
instanceKlass org/apache/spark/sql/catalyst/expressions/aggregate/CountMinSketchAggExpressionBuilder$
instanceKlass org/apache/spark/sql/catalyst/expressions/TaggingExpression
instanceKlass org/apache/spark/util/collection/OpenHashMap
instanceKlass org/apache/spark/sql/catalyst/expressions/RuntimeReplaceableAggregate
instanceKlass org/apache/spark/sql/catalyst/expressions/IntervalDivide
instanceKlass org/apache/spark/sql/catalyst/expressions/aggregate/AggregateMode
instanceKlass org/apache/spark/sql/catalyst/expressions/TryToTimestampExpressionBuilder$
instanceKlass org/apache/spark/sql/catalyst/expressions/aggregate/TrySumExpressionBuilder$
instanceKlass org/apache/spark/sql/catalyst/expressions/aggregate/TryAverageExpressionBuilder$
instanceKlass org/apache/spark/sql/catalyst/expressions/GetArrayItemUtil
instanceKlass org/apache/spark/sql/catalyst/expressions/GetMapValueUtil
instanceKlass org/apache/spark/sql/catalyst/trees/QuaternaryLike
instanceKlass org/apache/spark/sql/catalyst/expressions/DivModLike
instanceKlass org/apache/spark/sql/catalyst/expressions/FloorExpressionBuilder$
instanceKlass org/apache/spark/sql/catalyst/expressions/codegen/CodegenFallback
instanceKlass org/apache/spark/sql/catalyst/expressions/CeilExpressionBuilder$
instanceKlass org/apache/spark/sql/catalyst/expressions/CeilFloorExpressionBuilderBase
instanceKlass org/apache/spark/sql/catalyst/expressions/ExpressionWithRandomSeed
instanceKlass org/apache/spark/sql/catalyst/expressions/Nondeterministic
instanceKlass scala/collection/mutable/ArrayOps$ofInt$
instanceKlass scala/collection/mutable/ArrayOps$ofInt
instanceKlass org/apache/spark/sql/catalyst/expressions/RuntimeReplaceable
instanceKlass org/apache/spark/sql/catalyst/expressions/BaseGenericInternalRow
instanceKlass org/apache/spark/sql/catalyst/trees/TernaryLike
instanceKlass org/apache/spark/sql/catalyst/expressions/CommutativeExpression
instanceKlass org/apache/spark/sql/catalyst/expressions/CollectionGenerator
instanceKlass org/apache/spark/sql/catalyst/expressions/Generator
instanceKlass org/apache/spark/sql/catalyst/expressions/ExplodeExpressionBuilder$
instanceKlass org/apache/spark/sql/catalyst/expressions/ConditionalExpression
instanceKlass org/apache/spark/sql/catalyst/expressions/ComplexTypeMergingExpression
instanceKlass org/apache/spark/annotation/DeveloperApi
instanceKlass org/apache/spark/sql/catalyst/analysis/TypeCheckResult
instanceKlass org/apache/spark/sql/catalyst/expressions/codegen/ExprValue
instanceKlass org/apache/spark/sql/catalyst/expressions/codegen/JavaCode
instanceKlass org/apache/spark/sql/catalyst/expressions/ImplicitCastInputTypes
instanceKlass org/apache/spark/sql/catalyst/trees/TreeNodeTag
instanceKlass org/apache/spark/sql/catalyst/analysis/ExpressionBuilder
instanceKlass org/apache/spark/sql/catalyst/plans/logical/FunctionBuilderBase
instanceKlass org/apache/spark/sql/catalyst/analysis/FunctionRegistry$
instanceKlass org/apache/spark/internal/config/MapProvider
instanceKlass org/apache/spark/sql/catalyst/plans/logical/HintErrorHandler
instanceKlass org/apache/spark/sql/catalyst/catalog/FunctionResourceLoader
instanceKlass org/apache/spark/sql/catalyst/catalog/FunctionExpressionBuilder
instanceKlass org/apache/spark/sql/catalyst/planning/QueryPlanner
instanceKlass org/apache/spark/sql/connector/catalog/CatalogPlugin
instanceKlass org/apache/spark/sql/catalyst/analysis/TableFunctionRegistry
instanceKlass org/apache/spark/sql/catalyst/analysis/FunctionRegistry
instanceKlass org/apache/spark/sql/catalyst/analysis/FunctionRegistryBase
instanceKlass org/apache/spark/sql/catalyst/rules/RuleExecutor
instanceKlass org/apache/spark/sql/catalyst/analysis/ColumnResolutionHelper
instanceKlass org/apache/spark/sql/catalyst/analysis/CheckAnalysis
instanceKlass org/apache/spark/sql/connector/catalog/LookupCatalog
instanceKlass org/apache/spark/sql/internal/BaseSessionStateBuilder
instanceKlass org/apache/spark/sql/execution/ui/SQLTab$
instanceKlass org/apache/spark/sql/execution/ui/SQLAppStatusStore
instanceKlass org/apache/spark/sql/execution/ui/SQLExecutionUIData
instanceKlass org/apache/spark/sql/execution/datasources/FileIndex
instanceKlass org/apache/spark/sql/execution/CacheManager
instanceKlass org/apache/spark/sql/execution/adaptive/AdaptiveSparkPlanHelper
instanceKlass org/apache/hadoop/fs/FsUrlStreamHandlerFactory
instanceKlass org/apache/spark/sql/internal/SharedState$
instanceKlass org/apache/spark/sql/catalyst/plans/logical/UnaryCommand
instanceKlass org/apache/spark/sql/catalyst/FunctionIdentifier
instanceKlass org/apache/spark/sql/catalyst/FunctionIdentifier$
instanceKlass org/apache/spark/sql/catalyst/expressions/ExpressionInfo
instanceKlass scala/reflect/ScalaSignature
instanceKlass org/apache/spark/sql/catalyst/expressions/ExpressionDescription
instanceKlass org/apache/spark/sql/delta/DeltaThrowable
instanceKlass org/apache/spark/sql/catalyst/expressions/SupportQueryContext
instanceKlass org/apache/spark/sql/catalyst/expressions/ToStringBase
instanceKlass org/apache/spark/sql/catalyst/expressions/TimeZoneAwareExpression
instanceKlass org/apache/spark/sql/catalyst/trees/BinaryLike
instanceKlass org/apache/spark/sql/errors/QueryErrorsBase
instanceKlass org/apache/spark/sql/errors/DataTypeErrorsBase
instanceKlass org/apache/spark/sql/catalyst/expressions/ExpectsInputTypes
instanceKlass org/apache/spark/sql/catalyst/expressions/Predicate
instanceKlass org/json4s/JsonAST$JNumber
instanceKlass org/apache/spark/sql/catalyst/rules/RuleId
instanceKlass org/apache/spark/sql/catalyst/expressions/InheritAnalysisRules
instanceKlass org/apache/spark/sql/delta/CDCStatementBase
instanceKlass org/apache/spark/sql/delta/DeltaTableValueFunction
instanceKlass org/apache/spark/sql/catalyst/analysis/FunctionRegistryBase$
instanceKlass org/apache/spark/sql/delta/DeltaTableValueFunctions$
instanceKlass org/apache/spark/sql/delta/stats/PrepareDeltaScanBase
instanceKlass org/apache/spark/sql/delta/SubqueryTransformerHelper
instanceKlass org/apache/spark/sql/delta/perf/OptimizeMetadataOnlyDeltaQuery
instanceKlass org/apache/spark/sql/catalyst/expressions/PredicateHelper
instanceKlass org/apache/spark/sql/catalyst/expressions/AliasHelper
instanceKlass org/apache/spark/sql/delta/UpdateExpressionsSupport
instanceKlass org/apache/spark/sql/delta/DeltaUnsupportedOperationsCheck
instanceKlass org/apache/spark/sql/delta/CheckUnresolvedRelationTimeTravel
instanceKlass org/apache/spark/sql/delta/metering/DeltaLogging
instanceKlass com/databricks/spark/util/DatabricksLogging
instanceKlass org/apache/spark/sql/delta/util/DeltaProgressReporter
instanceKlass org/apache/spark/sql/delta/util/AnalysisHelper
instanceKlass io/delta/sql/parser/DeltaSqlParser
instanceKlass org/apache/spark/sql/catalyst/parser/ParserInterface
instanceKlass org/apache/spark/sql/catalyst/parser/DataTypeParserInterface
instanceKlass org/apache/spark/sql/catalyst/rules/Rule
instanceKlass io/delta/sql/DeltaSparkSessionExtension
instanceKlass java/io/FilePermissionCollection$1
instanceKlass org/apache/spark/sql/internal/SQLConf$RemovedConfig
instanceKlass org/apache/spark/sql/internal/SQLConf$DeprecatedConfig
instanceKlass org/apache/spark/sql/connector/catalog/CatalogManager$
instanceKlass org/apache/spark/sql/internal/DefaultSqlApiConf$
instanceKlass org/apache/spark/sql/internal/SqlApiConf$
instanceKlass org/apache/spark/sql/internal/SQLConf$
instanceKlass org/apache/spark/sql/internal/StaticSQLConf$
instanceKlass org/apache/spark/sql/SparkSession$
instanceKlass org/apache/spark/sql/UDTFRegistration
instanceKlass org/apache/spark/sql/ExperimentalMethods
instanceKlass org/apache/spark/sql/Encoder
instanceKlass org/apache/spark/sql/UDFRegistration
instanceKlass org/apache/spark/sql/util/ExecutionListenerManager
instanceKlass org/apache/spark/sql/SQLContext
instanceKlass org/apache/spark/sql/SQLImplicits
instanceKlass org/apache/spark/sql/LowPrioritySQLImplicits
instanceKlass org/apache/spark/sql/catalyst/QueryPlanningTracker
instanceKlass org/apache/spark/sql/internal/SQLConf
instanceKlass org/apache/spark/sql/internal/SqlApiConf
instanceKlass org/apache/spark/sql/catalyst/expressions/package$NullIntolerant
instanceKlass org/apache/spark/sql/catalyst/expressions/NamedExpression
instanceKlass org/apache/spark/sql/catalyst/expressions/Unevaluable
instanceKlass org/apache/spark/sql/types/StructField
instanceKlass org/apache/spark/sql/catalyst/InternalRow
instanceKlass org/apache/spark/sql/catalyst/expressions/SpecializedGetters
instanceKlass org/apache/spark/sql/catalyst/encoders/ExpressionEncoder$Serializer
instanceKlass org/apache/spark/sql/sources/BaseRelation
instanceKlass org/apache/spark/sql/internal/SharedState
instanceKlass org/apache/spark/sql/internal/SessionState
instanceKlass scala/reflect/api/TypeTags$TypeTag
instanceKlass scala/reflect/api/TypeTags$WeakTypeTag
instanceKlass org/apache/spark/sql/streaming/DataStreamReader
instanceKlass org/apache/spark/sql/RuntimeConfig
instanceKlass org/apache/spark/sql/SparkSessionExtensions
instanceKlass org/apache/spark/sql/catalyst/TableIdentifier
instanceKlass org/apache/spark/sql/catalyst/CatalystIdentifier
instanceKlass org/apache/spark/sql/Dataset
instanceKlass org/apache/spark/sql/DataFrameReader
instanceKlass org/apache/spark/sql/SparkSession$Builder
instanceKlass org/apache/spark/sql/streaming/StreamingQueryManager
instanceKlass org/apache/spark/sql/catalyst/analysis/UnresolvedUnaryNode
instanceKlass org/apache/spark/sql/catalyst/plans/logical/UnaryNode
instanceKlass org/apache/spark/sql/catalyst/trees/UnaryLike
instanceKlass org/apache/spark/sql/catalog/Catalog
instanceKlass org/apache/spark/sql/execution/command/LeafRunnableCommand
instanceKlass org/apache/spark/sql/execution/command/RunnableCommand
instanceKlass org/apache/spark/sql/catalyst/plans/logical/Command
instanceKlass org/apache/spark/sql/catalyst/plans/logical/ExposesMetadataColumns
instanceKlass org/apache/spark/sql/types/AbstractDataType
instanceKlass org/apache/spark/sql/catalyst/analysis/MultiInstanceRelation
instanceKlass org/apache/spark/sql/catalyst/analysis/NamedRelation
instanceKlass org/apache/spark/sql/catalyst/analysis/UnresolvedLeafNode
instanceKlass org/apache/spark/sql/catalyst/analysis/UnresolvedNode
instanceKlass org/apache/spark/sql/catalyst/plans/logical/LeafNode
instanceKlass org/apache/spark/sql/catalyst/trees/LeafLike
instanceKlass org/apache/spark/sql/catalyst/trees/TreeNode
instanceKlass org/apache/spark/sql/catalyst/trees/WithOrigin
instanceKlass org/apache/spark/sql/catalyst/trees/TreePatternBits
instanceKlass org/apache/spark/sql/catalyst/SQLConfHelper
instanceKlass org/apache/spark/sql/catalyst/plans/logical/QueryPlanConstraints
instanceKlass org/apache/spark/sql/catalyst/plans/logical/ConstraintHelper
instanceKlass org/apache/spark/sql/catalyst/plans/logical/LogicalPlanDistinctKeys
instanceKlass org/apache/spark/sql/catalyst/plans/logical/statsEstimation/LogicalPlanStats
instanceKlass org/apache/spark/sql/catalyst/plans/logical/AnalysisHelper
instanceKlass org/apache/spark/sql/SparkSession
instanceKlass java/io/FileFilter
instanceKlass java/io/ObjectOutput
instanceKlass org/apache/hadoop/io/compress/CompressionCodecFactory
instanceKlass org/apache/spark/status/api/v1/ThreadStackTrace
instanceKlass org/apache/spark/util/Utils
instanceKlass org/apache/spark/SparkFiles
instanceKlass org/apache/spark/api/java/JavaSparkContext$
instanceKlass org/apache/spark/api/python/PythonUtils$
instanceKlass org/apache/spark/api/python/PythonUtils
instanceKlass org/apache/spark/CleanAccum
instanceKlass org/apache/spark/util/AccumulatorContext$
instanceKlass org/apache/spark/util/AccumulatorMetadata
instanceKlass org/apache/spark/Dependency
instanceKlass org/apache/spark/SimpleFutureAction
instanceKlass org/apache/spark/FutureAction
instanceKlass org/apache/spark/partial/PartialResult
instanceKlass org/apache/spark/partial/ApproximateEvaluator
instanceKlass org/apache/spark/WritableConverter
instanceKlass org/apache/spark/status/api/v1/RDDStorageInfo
instanceKlass org/apache/spark/MapOutputStatistics
instanceKlass org/apache/spark/storage/RDDInfo
instanceKlass org/apache/spark/TaskContext
instanceKlass org/apache/spark/api/java/Optional
instanceKlass org/apache/spark/api/java/JavaSparkStatusTracker
instanceKlass org/apache/spark/internal/plugin/PluginContainer
instanceKlass org/apache/spark/executor/ExecutorMetricsSource$ExecutorMetricGauge
instanceKlass org/apache/spark/metrics/source/JVMCPUSource$$anon$1
instanceKlass org/apache/spark/metrics/source/JVMCPUSource
instanceKlass org/apache/spark/storage/BlockManagerSource$$anon$1
instanceKlass org/apache/spark/storage/BlockManagerSource
instanceKlass org/apache/spark/metrics/sink/PrometheusServlet
instanceKlass org/apache/spark/ui/JettyUtils$ServletParams$
instanceKlass org/sparkproject/jetty/http/pathmap/MatchedPath$2
instanceKlass org/sparkproject/jetty/http/pathmap/MatchedPath$1
instanceKlass org/sparkproject/jetty/http/pathmap/MatchedPath
instanceKlass org/sparkproject/jetty/http/HttpContent
instanceKlass org/sparkproject/jetty/server/ResourceContentFactory
instanceKlass org/sparkproject/jetty/util/resource/Resource
instanceKlass java/util/stream/Nodes$ArrayNode
instanceKlass org/apache/spark/status/ApplicationInfoWrapper
instanceKlass org/apache/spark/status/api/v1/ApplicationInfo
instanceKlass scala/runtime/AbstractFunction7
instanceKlass scala/Function7
instanceKlass org/apache/spark/status/api/v1/ApplicationAttemptInfo
instanceKlass scala/runtime/AbstractFunction8
instanceKlass scala/Function8
instanceKlass org/apache/spark/status/ApplicationEnvironmentInfoWrapper
instanceKlass org/apache/spark/status/api/v1/ApplicationEnvironmentInfo
instanceKlass org/apache/spark/status/api/v1/RuntimeInfo
instanceKlass org/apache/spark/status/api/v1/MemoryMetrics
instanceKlass org/apache/spark/status/ElementTrackingStore$WriteSkippedQueue$
instanceKlass org/apache/spark/status/ElementTrackingStore$WriteQueued$
instanceKlass org/apache/spark/status/ElementTrackingStore$$anon$1
instanceKlass org/apache/spark/util/kvstore/KVTypeInfo$FieldAccessor
instanceKlass org/apache/spark/status/api/v1/ExecutorSummary
instanceKlass org/apache/spark/executor/ExecutorMetrics
instanceKlass org/apache/spark/util/kvstore/KVTypeInfo$MethodAccessor
instanceKlass org/apache/spark/util/kvstore/KVTypeInfo$Accessor
instanceKlass org/apache/spark/annotation/Private
instanceKlass com/fasterxml/jackson/annotation/JacksonAnnotation
instanceKlass com/fasterxml/jackson/annotation/JsonIgnore
instanceKlass org/apache/spark/util/kvstore/KVIndex
instanceKlass org/apache/spark/util/kvstore/KVTypeInfo
instanceKlass org/apache/spark/util/kvstore/InMemoryStore$InstanceList
instanceKlass org/apache/spark/status/ResourceProfileWrapper
instanceKlass org/apache/spark/status/api/v1/ResourceProfileInfo
instanceKlass com/codahale/metrics/WeightedSnapshot$WeightedSample
instanceKlass org/apache/spark/scheduler/SparkListenerUnschedulableTaskSetRemoved
instanceKlass org/apache/spark/scheduler/SparkListenerUnschedulableTaskSetAdded
instanceKlass org/apache/spark/scheduler/SparkListenerSpeculativeTaskSubmitted
instanceKlass org/apache/spark/scheduler/SparkListenerBlockUpdated
instanceKlass org/apache/spark/scheduler/SparkListenerNodeUnexcluded
instanceKlass org/apache/spark/scheduler/SparkListenerNodeExcluded
instanceKlass org/sparkproject/jetty/servlet/BaseHolder$Wrapped
instanceKlass org/apache/spark/scheduler/SparkListenerExecutorUnexcluded
instanceKlass org/apache/spark/scheduler/SparkListenerExecutorExcluded
instanceKlass org/apache/spark/scheduler/SparkListenerNodeExcludedForStage
instanceKlass org/apache/spark/scheduler/SparkListenerExecutorExcludedForStage
instanceKlass org/apache/spark/scheduler/SparkListenerNodeUnblacklisted
instanceKlass org/apache/spark/scheduler/SparkListenerNodeBlacklisted
instanceKlass org/apache/spark/scheduler/SparkListenerExecutorUnblacklisted
instanceKlass org/apache/spark/scheduler/SparkListenerExecutorBlacklisted
instanceKlass org/apache/spark/util/logging/DriverLogger
instanceKlass org/apache/spark/scheduler/SparkListenerNodeBlacklistedForStage
instanceKlass org/apache/spark/scheduler/SparkListenerExecutorBlacklistedForStage
instanceKlass org/apache/spark/scheduler/SparkListenerExecutorRemoved
instanceKlass org/apache/spark/scheduler/SparkListenerStageExecutorMetrics
instanceKlass org/apache/spark/scheduler/SparkListenerExecutorMetricsUpdate
instanceKlass org/apache/spark/scheduler/SparkListenerApplicationEnd
instanceKlass org/apache/spark/scheduler/SparkListenerApplicationStart
instanceKlass org/apache/spark/scheduler/SparkListenerUnpersistRDD
instanceKlass scala/math/Ordering$Tuple2Ordering
instanceKlass org/apache/spark/scheduler/SparkListenerBlockManagerRemoved
instanceKlass scala/Option$WithFilter
instanceKlass org/apache/spark/scheduler/SparkListenerEnvironmentUpdate
instanceKlass org/apache/spark/scheduler/SparkListenerTaskEnd
instanceKlass org/apache/spark/scheduler/SparkListenerTaskGettingResult
instanceKlass org/apache/spark/scheduler/SparkListenerTaskStart
instanceKlass org/apache/spark/scheduler/SparkListenerJobEnd
instanceKlass org/apache/spark/scheduler/SparkListenerJobStart
instanceKlass org/apache/spark/scheduler/SparkListenerStageCompleted
instanceKlass org/apache/spark/scheduler/SparkListenerStageSubmitted
instanceKlass scala/util/Properties$
instanceKlass com/codahale/metrics/Timer$Context
instanceKlass scala/util/PropertiesTrait
instanceKlass org/apache/spark/scheduler/AsyncEventQueue$$anon$3
instanceKlass org/apache/spark/scheduler/AsyncEventQueue$
instanceKlass org/apache/spark/ContextCleaner$
instanceKlass org/apache/spark/ExecutorAllocationManager
instanceKlass org/apache/spark/CleanupTask
instanceKlass org/apache/spark/ContextCleaner
instanceKlass com/fasterxml/jackson/databind/util/ArrayBuilders
instanceKlass com/fasterxml/jackson/databind/type/ClassKey
instanceKlass com/fasterxml/jackson/databind/ser/Serializers$Base
instanceKlass com/fasterxml/jackson/databind/ObjectMapper$1
instanceKlass com/codahale/metrics/MetricFilter
instanceKlass com/fasterxml/jackson/core/Version
instanceKlass com/fasterxml/jackson/databind/ser/BeanSerializerModifier
instanceKlass com/fasterxml/jackson/databind/ser/Serializers
instanceKlass com/fasterxml/jackson/databind/cfg/SerializerFactoryConfig
instanceKlass java/util/Currency
instanceKlass com/fasterxml/jackson/databind/ser/std/StdJdkSerializers
instanceKlass com/fasterxml/jackson/databind/ser/std/NumberSerializers
instanceKlass com/fasterxml/jackson/databind/deser/DeserializerCache
instanceKlass com/fasterxml/jackson/databind/KeyDeserializer
instanceKlass com/fasterxml/jackson/databind/deser/std/StdKeyDeserializers
instanceKlass com/fasterxml/jackson/databind/deser/KeyDeserializers
instanceKlass com/fasterxml/jackson/databind/deser/ValueInstantiators
instanceKlass com/fasterxml/jackson/databind/AbstractTypeResolver
instanceKlass com/fasterxml/jackson/databind/deser/BeanDeserializerModifier
instanceKlass com/fasterxml/jackson/databind/cfg/DeserializerFactoryConfig
instanceKlass com/fasterxml/jackson/databind/PropertyName
instanceKlass com/fasterxml/jackson/databind/deser/Deserializers
instanceKlass com/fasterxml/jackson/annotation/ObjectIdGenerator
instanceKlass com/fasterxml/jackson/databind/deser/ValueInstantiator$Gettable
instanceKlass com/fasterxml/jackson/databind/deser/ResolvableDeserializer
instanceKlass com/fasterxml/jackson/databind/deser/ContextualDeserializer
instanceKlass com/fasterxml/jackson/databind/JsonDeserializer
instanceKlass com/fasterxml/jackson/databind/deser/NullValueProvider
instanceKlass com/fasterxml/jackson/databind/ser/SerializerCache
instanceKlass com/fasterxml/jackson/databind/ser/ResolvableSerializer
instanceKlass com/fasterxml/jackson/databind/ser/ContextualSerializer
instanceKlass com/fasterxml/jackson/databind/jsonschema/SchemaAware
instanceKlass com/fasterxml/jackson/databind/JsonSerializer
instanceKlass com/fasterxml/jackson/databind/jsonFormatVisitors/JsonFormatVisitable
instanceKlass com/fasterxml/jackson/databind/node/JsonNodeFactory
instanceKlass com/fasterxml/jackson/databind/node/JsonNodeCreator
instanceKlass com/fasterxml/jackson/databind/cfg/ContextAttributes
instanceKlass com/fasterxml/jackson/databind/cfg/DatatypeFeature
instanceKlass com/fasterxml/jackson/databind/cfg/DatatypeFeatures$DefaultHolder
instanceKlass com/fasterxml/jackson/databind/cfg/DatatypeFeatures
instanceKlass com/fasterxml/jackson/core/util/Separators
instanceKlass com/fasterxml/jackson/core/util/DefaultPrettyPrinter$NopIndenter
instanceKlass com/fasterxml/jackson/databind/cfg/ConfigFeature
instanceKlass com/fasterxml/jackson/databind/cfg/ConfigOverride
instanceKlass com/fasterxml/jackson/annotation/JsonFormat$Features
instanceKlass com/fasterxml/jackson/annotation/JsonFormat$Value
instanceKlass com/fasterxml/jackson/databind/cfg/CoercionConfig
instanceKlass com/fasterxml/jackson/databind/cfg/CoercionConfigs
instanceKlass com/fasterxml/jackson/databind/introspect/VisibilityChecker$Std
instanceKlass com/fasterxml/jackson/annotation/JsonSetter$Value
instanceKlass com/fasterxml/jackson/annotation/JsonInclude$Value
instanceKlass com/fasterxml/jackson/annotation/JacksonAnnotationValue
instanceKlass com/fasterxml/jackson/databind/cfg/ConfigOverrides
instanceKlass com/fasterxml/jackson/databind/introspect/AnnotatedClass$Creators
instanceKlass com/fasterxml/jackson/databind/introspect/AnnotationCollector$NoAnnotations
instanceKlass com/fasterxml/jackson/databind/util/Annotations
instanceKlass com/fasterxml/jackson/databind/introspect/AnnotationCollector
instanceKlass com/fasterxml/jackson/databind/introspect/AnnotatedClassResolver
instanceKlass com/fasterxml/jackson/databind/BeanDescription
instanceKlass com/fasterxml/jackson/databind/cfg/MapperConfig
instanceKlass com/fasterxml/jackson/databind/introspect/SimpleMixInResolver
instanceKlass com/fasterxml/jackson/databind/introspect/ClassIntrospector$MixInResolver
instanceKlass com/fasterxml/jackson/databind/util/RootNameLookup
instanceKlass com/fasterxml/jackson/core/StreamReadConstraints
instanceKlass com/fasterxml/jackson/core/sym/ByteQuadsCanonicalizer$TableInfo
instanceKlass com/fasterxml/jackson/core/sym/ByteQuadsCanonicalizer
instanceKlass com/fasterxml/jackson/core/sym/CharsToNameCanonicalizer$Bucket
instanceKlass com/fasterxml/jackson/core/sym/CharsToNameCanonicalizer$TableInfo
instanceKlass com/fasterxml/jackson/core/sym/CharsToNameCanonicalizer
instanceKlass com/fasterxml/jackson/core/io/CharTypes
instanceKlass com/fasterxml/jackson/core/io/JsonStringEncoder
instanceKlass com/fasterxml/jackson/core/io/SerializedString
instanceKlass com/fasterxml/jackson/core/util/DefaultPrettyPrinter$Indenter
instanceKlass com/fasterxml/jackson/core/util/DefaultPrettyPrinter
instanceKlass com/fasterxml/jackson/core/util/Instantiatable
instanceKlass com/fasterxml/jackson/core/PrettyPrinter
instanceKlass com/fasterxml/jackson/core/util/JacksonFeature
instanceKlass com/fasterxml/jackson/core/async/ByteBufferFeeder
instanceKlass com/fasterxml/jackson/core/TSFBuilder
instanceKlass com/fasterxml/jackson/core/SerializableString
instanceKlass com/fasterxml/jackson/core/async/ByteArrayFeeder
instanceKlass com/fasterxml/jackson/core/async/NonBlockingInputFeeder
instanceKlass com/fasterxml/jackson/databind/introspect/AccessorNamingStrategy
instanceKlass com/fasterxml/jackson/core/Base64Variant
instanceKlass com/fasterxml/jackson/core/Base64Variants
instanceKlass com/fasterxml/jackson/databind/type/TypeBindings
instanceKlass com/fasterxml/jackson/databind/type/TypeParser
instanceKlass com/fasterxml/jackson/databind/type/TypeFactory
instanceKlass com/fasterxml/jackson/databind/cfg/BaseSettings
instanceKlass java/util/concurrent/atomic/AtomicLongArray
instanceKlass com/fasterxml/jackson/databind/util/internal/Linked
instanceKlass com/fasterxml/jackson/databind/util/internal/PrivateMaxEntriesMap$Builder
instanceKlass com/fasterxml/jackson/databind/util/LRUMap
instanceKlass com/fasterxml/jackson/databind/util/LookupCache
instanceKlass java/beans/ConstructorProperties
instanceKlass java/beans/Transient
instanceKlass com/fasterxml/jackson/databind/util/ClassUtil$Ctor
instanceKlass com/fasterxml/jackson/databind/util/ClassUtil
instanceKlass com/fasterxml/jackson/databind/ext/Java7Support
instanceKlass com/fasterxml/jackson/annotation/JsonMerge
instanceKlass com/fasterxml/jackson/databind/annotation/JsonDeserialize
instanceKlass com/fasterxml/jackson/annotation/JsonManagedReference
instanceKlass com/fasterxml/jackson/annotation/JsonBackReference
instanceKlass com/fasterxml/jackson/annotation/JsonUnwrapped
instanceKlass com/fasterxml/jackson/annotation/JsonRawValue
instanceKlass com/fasterxml/jackson/annotation/JsonTypeInfo
instanceKlass com/fasterxml/jackson/annotation/JsonFormat
instanceKlass com/fasterxml/jackson/annotation/JsonView
instanceKlass com/fasterxml/jackson/databind/annotation/JsonSerialize
instanceKlass com/fasterxml/jackson/databind/introspect/ConcreteBeanPropertyBase
instanceKlass com/fasterxml/jackson/databind/BeanProperty
instanceKlass com/fasterxml/jackson/databind/introspect/BeanPropertyDefinition
instanceKlass com/fasterxml/jackson/databind/util/Named
instanceKlass com/fasterxml/jackson/databind/introspect/TypeResolutionContext
instanceKlass com/fasterxml/jackson/databind/introspect/Annotated
instanceKlass com/fasterxml/jackson/core/type/ResolvedType
instanceKlass com/fasterxml/jackson/databind/jsontype/TypeResolverBuilder
instanceKlass com/fasterxml/jackson/databind/Module$SetupContext
instanceKlass com/fasterxml/jackson/core/JsonGenerator
instanceKlass com/fasterxml/jackson/databind/jsontype/PolymorphicTypeValidator
instanceKlass com/fasterxml/jackson/databind/introspect/AccessorNamingStrategy$Provider
instanceKlass com/fasterxml/jackson/databind/AnnotationIntrospector
instanceKlass com/fasterxml/jackson/databind/ser/SerializerFactory
instanceKlass com/fasterxml/jackson/databind/deser/DeserializerFactory
instanceKlass com/fasterxml/jackson/databind/jsontype/SubtypeResolver
instanceKlass com/fasterxml/jackson/databind/introspect/VisibilityChecker
instanceKlass com/fasterxml/jackson/databind/DatabindContext
instanceKlass com/fasterxml/jackson/databind/introspect/ClassIntrospector
instanceKlass org/apache/spark/metrics/sink/MetricsServlet
instanceKlass org/apache/spark/metrics/sink/Sink
instanceKlass com/codahale/metrics/MetricRegistry$1
instanceKlass org/apache/spark/metrics/source/HiveCatalogMetrics$
instanceKlass org/apache/spark/metrics/source/CodegenMetrics$
instanceKlass org/apache/spark/metrics/source/StaticSources$
instanceKlass org/apache/spark/storage/FallbackStorage$
instanceKlass org/apache/spark/storage/HostLocalDirManager
instanceKlass org/apache/spark/scheduler/SparkListenerBlockManagerAdded
instanceKlass org/apache/spark/storage/BlockManagerInfo
instanceKlass scala/math/Ordering$Long$
instanceKlass scala/runtime/RichLong$
instanceKlass scala/runtime/RichLong
instanceKlass scala/runtime/IntegralProxy
instanceKlass scala/runtime/RangedProxy
instanceKlass scala/runtime/ScalaWholeNumberProxy
instanceKlass scala/runtime/ScalaNumberProxy
instanceKlass scala/runtime/OrderedProxy
instanceKlass scala/Proxy$Typed
instanceKlass scala/runtime/LazyBoolean
instanceKlass org/apache/spark/storage/BlockManagerMessages$RegisterBlockManager
instanceKlass org/apache/spark/storage/BlockManagerMessages$ToBlockManagerMaster
instanceKlass org/sparkproject/guava/util/concurrent/Uninterruptibles
instanceKlass org/sparkproject/guava/base/Platform
instanceKlass org/sparkproject/guava/cache/LocalCache$StrongEntry
instanceKlass org/sparkproject/guava/base/Stopwatch
instanceKlass org/sparkproject/guava/util/concurrent/ExecutionList
instanceKlass org/sparkproject/guava/util/concurrent/AbstractFuture
instanceKlass org/sparkproject/guava/cache/LocalCache$LoadingValueReference
instanceKlass org/apache/spark/storage/BlockManagerId
instanceKlass org/apache/spark/storage/BlockManagerId$
instanceKlass org/apache/spark/shuffle/sort/io/LocalDiskShuffleDriverComponents
instanceKlass org/apache/spark/shuffle/api/ShuffleDriverComponents
instanceKlass org/apache/spark/shuffle/api/ShuffleExecutorComponents
instanceKlass org/apache/spark/shuffle/ShuffleDataIOUtils$
instanceKlass org/apache/spark/scheduler/cluster/ExecutorInfo
instanceKlass org/apache/spark/scheduler/SparkListenerExecutorAdded
instanceKlass jdk/internal/misc/ScopedMemoryAccess$Scope$Handle
instanceKlass java/io/RandomAccessFile$1
instanceKlass sun/nio/ch/Util$4
instanceKlass sun/nio/ch/FileChannelImpl$Unmapper
instanceKlass jdk/internal/access/foreign/UnmapperProxy
instanceKlass org/apache/spark/network/client/StreamInterceptor
instanceKlass jdk/internal/misc/ExtendedMapMode
instanceKlass java/nio/channels/FileChannel$MapMode
instanceKlass io/netty/util/AbstractReferenceCounted
instanceKlass org/apache/spark/network/protocol/ResponseMessage
instanceKlass scala/LowPriorityImplicits$$anon$4
instanceKlass io/netty/buffer/PoolThreadCache$MemoryRegionCache$Entry
instanceKlass org/apache/spark/network/protocol/MessageDecoder$1
instanceKlass io/netty/buffer/PoolThreadCache$MemoryRegionCache$1
instanceKlass io/netty/util/internal/PromiseNotificationUtil
instanceKlass io/netty/buffer/PoolThreadCache$MemoryRegionCache
instanceKlass io/netty/buffer/PoolArena$1
instanceKlass io/netty/buffer/PoolThreadCache$1
instanceKlass io/netty/channel/ChannelOutboundBuffer$Entry$1
instanceKlass io/netty/buffer/UnsafeByteBufUtil
instanceKlass io/netty/buffer/AbstractByteBufAllocator$1
instanceKlass io/netty/buffer/LongLongHashMap
instanceKlass io/netty/buffer/IntPriorityQueue
instanceKlass io/netty/buffer/PoolChunk
instanceKlass io/netty/buffer/PoolChunkMetric
instanceKlass io/netty/buffer/PooledUnsafeDirectByteBuf$1
instanceKlass io/netty/buffer/PoolThreadCache$FreeOnFinalize
instanceKlass org/apache/spark/network/protocol/Encoders$Strings
instanceKlass io/netty/util/internal/MathUtil
instanceKlass io/netty/handler/codec/CodecOutputList$CodecOutputLists
instanceKlass io/netty/handler/codec/CodecOutputList$1
instanceKlass io/netty/handler/codec/CodecOutputList$CodecOutputListRecycler
instanceKlass java/io/File$TempDirectory
instanceKlass java/nio/channels/Channels
instanceKlass io/netty/buffer/ByteBufHolder
instanceKlass io/netty/util/internal/shaded/org/jctools/queues/MessagePassingQueueUtil
instanceKlass io/netty/util/Recycler$LocalPool
instanceKlass io/netty/util/internal/shaded/org/jctools/queues/MessagePassingQueue$Consumer
instanceKlass io/netty/util/Recycler$EnhancedHandle
instanceKlass io/netty/util/Recycler$Handle
instanceKlass io/netty/util/internal/ObjectPool$Handle
instanceKlass io/netty/util/Recycler
instanceKlass org/apache/spark/rpc/netty/OnStop$
instanceKlass io/netty/util/internal/ObjectPool
instanceKlass io/netty/channel/AbstractChannelHandlerContext$WriteTask$1
instanceKlass io/netty/util/internal/ObjectPool$ObjectCreator
instanceKlass org/apache/spark/rpc/netty/RemoteProcessConnected
instanceKlass io/netty/channel/AbstractChannelHandlerContext$WriteTask
instanceKlass org/apache/spark/rpc/netty/NettyRpcEnv$FileDownloadCallback
instanceKlass io/netty/bootstrap/ServerBootstrap$ServerBootstrapAcceptor$2
instanceKlass org/apache/logging/log4j/message/ParameterFormatter
instanceKlass io/netty/handler/timeout/IdleStateHandler$AbstractIdleTask
instanceKlass io/netty/util/ReferenceCountUtil
instanceKlass org/apache/logging/log4j/message/ParameterizedMessage
instanceKlass io/netty/util/internal/SocketUtils$5
instanceKlass io/netty/channel/DefaultMaxMessagesRecvByteBufAllocator$MaxMessageHandle$1
instanceKlass io/netty/util/UncheckedBooleanSupplier
instanceKlass io/netty/channel/nio/AbstractNioChannel$AbstractNioUnsafe$2
instanceKlass io/netty/util/BooleanSupplier
instanceKlass io/netty/channel/DefaultMaxMessagesRecvByteBufAllocator$MaxMessageHandle
instanceKlass io/netty/channel/RecvByteBufAllocator$ExtendedHandle
instanceKlass io/netty/channel/nio/AbstractNioChannel$AbstractNioUnsafe$1
instanceKlass io/netty/util/internal/SocketUtils$3
instanceKlass io/netty/bootstrap/Bootstrap$3
instanceKlass io/netty/util/concurrent/GenericProgressiveFutureListener
instanceKlass io/netty/resolver/AddressResolverGroup$1
instanceKlass io/netty/resolver/AbstractAddressResolver
instanceKlass io/netty/resolver/AddressResolver
instanceKlass io/netty/resolver/SimpleNameResolver
instanceKlass io/netty/resolver/NameResolver
instanceKlass io/netty/resolver/AddressResolverGroup
instanceKlass io/netty/bootstrap/Bootstrap$ExternalAddressResolver
instanceKlass io/netty/handler/timeout/IdleStateHandler$1
instanceKlass io/netty/util/ResourceLeakDetectorFactory
instanceKlass io/netty/util/internal/ReferenceCountUpdater
instanceKlass io/netty/buffer/UnpooledByteBufAllocator$UnpooledByteBufAllocatorMetric
instanceKlass io/netty/buffer/Unpooled
instanceKlass org/apache/spark/network/client/MergedBlockMetaResponseCallback
instanceKlass org/apache/spark/network/protocol/AbstractMessage
instanceKlass org/apache/spark/network/protocol/RequestMessage
instanceKlass org/apache/spark/network/client/TransportClient$StdChannelListener
instanceKlass org/apache/spark/network/util/TransportFrameDecoder$Interceptor
instanceKlass org/apache/spark/network/server/MessageHandler
instanceKlass io/netty/bootstrap/Bootstrap$1
instanceKlass sun/nio/ch/OptionKey
instanceKlass sun/nio/ch/SocketOptionRegistry$LazyInitialization
instanceKlass sun/nio/ch/SocketOptionRegistry$RegistryKey
instanceKlass sun/nio/ch/SocketOptionRegistry
instanceKlass sun/nio/ch/ExtendedSocketOption$1
instanceKlass sun/nio/ch/ExtendedSocketOption
instanceKlass sun/nio/ch/SocketChannelImpl$DefaultOptionsHolder
instanceKlass io/netty/channel/nio/AbstractNioByteChannel$1
instanceKlass io/netty/channel/FileRegion
instanceKlass io/netty/channel/socket/SocketChannelConfig
instanceKlass io/netty/channel/socket/DuplexChannelConfig
instanceKlass org/apache/spark/network/client/TransportClient
instanceKlass org/apache/spark/network/client/TransportClientFactory$ClientPool
instanceKlass org/apache/commons/lang3/tuple/Pair
instanceKlass org/apache/spark/rpc/netty/NettyRpcEnv$FileDownloadChannel
instanceKlass org/sparkproject/guava/io/ByteArrayDataOutput
instanceKlass org/sparkproject/guava/io/ByteArrayDataInput
instanceKlass org/sparkproject/guava/io/ByteProcessor
instanceKlass org/sparkproject/guava/io/OutputSupplier
instanceKlass org/sparkproject/guava/io/InputSupplier
instanceKlass org/sparkproject/guava/io/ByteStreams
instanceKlass org/sparkproject/guava/io/Closer$SuppressingSuppressor
instanceKlass org/sparkproject/guava/io/Closer$Suppressor
instanceKlass org/sparkproject/guava/io/Closer
instanceKlass org/sparkproject/guava/io/CharSource
instanceKlass org/sparkproject/guava/hash/PrimitiveSink
instanceKlass org/sparkproject/guava/io/ByteSink
instanceKlass org/sparkproject/guava/io/ByteSource
instanceKlass org/sparkproject/guava/io/Files
instanceKlass scala/Tuple3
instanceKlass scala/Product3
instanceKlass org/apache/spark/util/SparkThreadUtils$
instanceKlass org/apache/spark/rpc/netty/RpcEndpointVerifier$CheckExistence
instanceKlass org/apache/spark/rpc/RpcEndpointAddress$
instanceKlass org/apache/spark/executor/ExecutorMetricsPoller
instanceKlass org/apache/spark/executor/Executor$$anon$2
instanceKlass com/esotericsoftware/kryo/pool/KryoPoolQueueImpl
instanceKlass com/esotericsoftware/kryo/pool/SoftReferenceQueue
instanceKlass org/apache/spark/serializer/KryoSerializer$$anon$1
instanceKlass com/esotericsoftware/kryo/pool/KryoPool$Builder
instanceKlass org/apache/spark/serializer/KryoSerializer$PoolWrapper
instanceKlass org/apache/spark/executor/Executor$$anon$1
instanceKlass org/apache/spark/executor/IsolatedSessionState
instanceKlass org/apache/spark/executor/ExecutorSource$$anon$1
instanceKlass org/apache/spark/executor/ExecutorSource$$anon$6
instanceKlass org/apache/spark/executor/ExecutorSource$$anon$5
instanceKlass org/apache/spark/executor/ExecutorSource$$anon$4
instanceKlass org/apache/spark/executor/ExecutorSource$$anon$3
instanceKlass org/apache/spark/executor/ExecutorSource$$anon$2
instanceKlass org/apache/spark/executor/ExecutorSource
instanceKlass org/apache/spark/executor/Executor
instanceKlass org/apache/spark/executor/Executor$
instanceKlass org/apache/spark/scheduler/local/LocalEndpoint
instanceKlass org/apache/spark/Heartbeater$$anon$1
instanceKlass java/lang/Math$RandomNumberGeneratorHolder
instanceKlass org/apache/spark/Heartbeater
instanceKlass scala/collection/mutable/LinkedEntry
instanceKlass org/apache/spark/metrics/ProcessTreeMetrics$
instanceKlass javax/management/MBeanServerInvocationHandler
instanceKlass org/apache/spark/metrics/MBeanExecutorMetricType
instanceKlass org/apache/spark/metrics/MemoryManagerExecutorMetricType
instanceKlass org/apache/spark/metrics/JVMOffHeapMemory$
instanceKlass org/apache/spark/metrics/JVMHeapMemory$
instanceKlass org/apache/spark/metrics/SingleValueExecutorMetricType
instanceKlass org/apache/spark/metrics/ExecutorMetricType$
instanceKlass org/apache/spark/executor/ExecutorMetricsSource
instanceKlass java/util/concurrent/BlockingDeque
instanceKlass org/apache/spark/util/EventLoop
instanceKlass org/apache/spark/scheduler/DAGSchedulerSource$$anon$5
instanceKlass org/apache/spark/scheduler/DAGSchedulerSource$$anon$4
instanceKlass org/apache/spark/scheduler/DAGSchedulerSource$$anon$3
instanceKlass org/apache/spark/scheduler/DAGSchedulerSource$$anon$2
instanceKlass org/apache/spark/scheduler/DAGSchedulerSource$$anon$1
instanceKlass org/apache/spark/scheduler/DAGSchedulerSource
instanceKlass org/apache/spark/scheduler/DAGScheduler$
instanceKlass org/apache/spark/scheduler/JobListener
instanceKlass org/apache/spark/scheduler/JobResult
instanceKlass scala/concurrent/BlockContext$DefaultBlockContext$
instanceKlass scala/concurrent/BlockContext$
instanceKlass scala/concurrent/BatchingExecutor$Batch
instanceKlass scala/concurrent/BlockContext
instanceKlass org/apache/spark/scheduler/Stage
instanceKlass org/apache/spark/scheduler/DAGScheduler
instanceKlass scala/concurrent/impl/Promise$KeptPromise$Successful
instanceKlass scala/concurrent/impl/Promise$KeptPromise$Kept
instanceKlass org/apache/spark/rpc/netty/RpcFailure
instanceKlass scala/concurrent/impl/Promise$KeptPromise$
instanceKlass scala/concurrent/impl/Promise$
instanceKlass org/apache/spark/TaskSchedulerIsSet$
instanceKlass scala/concurrent/Future$
instanceKlass org/apache/spark/ExecutorRemoved
instanceKlass org/apache/spark/ExecutorRegistered
instanceKlass scala/concurrent/Future$InternalCallbackExecutor$
instanceKlass scala/concurrent/BatchingExecutor
instanceKlass org/apache/spark/rpc/AbortableRpcFuture
instanceKlass org/apache/spark/scheduler/FIFOSchedulableBuilder
instanceKlass org/apache/spark/rpc/netty/NettyRpcEnv$$anon$1
instanceKlass scala/concurrent/impl/CallbackRunnable
instanceKlass scala/concurrent/OnCompleteRunnable
instanceKlass scala/concurrent/impl/Promise
instanceKlass scala/concurrent/Promise
instanceKlass scala/concurrent/Promise$
instanceKlass org/apache/spark/rpc/netty/RequestMessage
instanceKlass org/apache/spark/launcher/LauncherProtocol$Message
instanceKlass org/apache/spark/ExpireDeadHosts$
instanceKlass scala/concurrent/Future
instanceKlass org/apache/spark/launcher/LauncherBackend
instanceKlass org/apache/spark/scheduler/local/LocalSchedulerBackend
instanceKlass org/apache/spark/executor/ExecutorBackend
instanceKlass org/apache/spark/scheduler/TaskResultGetter
instanceKlass org/apache/spark/scheduler/FIFOSchedulingAlgorithm
instanceKlass org/apache/spark/scheduler/SchedulingAlgorithm
instanceKlass org/apache/spark/scheduler/Pool
instanceKlass org/apache/spark/scheduler/TaskSchedulerImpl$
instanceKlass org/apache/spark/scheduler/Schedulable
instanceKlass org/apache/spark/scheduler/SchedulableBuilder
instanceKlass org/apache/spark/scheduler/TaskSchedulerImpl
instanceKlass org/apache/spark/scheduler/TaskScheduler
instanceKlass org/apache/spark/api/plugin/SparkPlugin
instanceKlass java/util/concurrent/FutureTask$WaitNode
instanceKlass java/util/concurrent/FutureTask
instanceKlass org/apache/spark/internal/plugin/PluginContainer$
instanceKlass org/apache/spark/util/SystemClock
instanceKlass org/apache/spark/util/Clock
instanceKlass org/apache/spark/HeartbeatReceiver$
instanceKlass java/lang/ProcessImpl$2
instanceKlass java/lang/Process
instanceKlass java/lang/ProcessBuilder
instanceKlass org/apache/hadoop/util/Shell$CommandExecutor
instanceKlass org/apache/hadoop/fs/FileUtil
instanceKlass sun/nio/fs/WindowsFileCopy
instanceKlass org/apache/spark/SparkFiles$
instanceKlass scala/runtime/LazyRef
instanceKlass scala/math/Ordering$$anon$1
instanceKlass org/apache/spark/JobArtifactState
instanceKlass org/apache/spark/JobArtifactSet
instanceKlass org/apache/spark/status/api/v1/StageData
instanceKlass org/apache/spark/JobArtifactSet$
instanceKlass org/sparkproject/jetty/server/handler/gzip/GzipHttpOutputInterceptor
instanceKlass org/sparkproject/jetty/servlet/ServletHolder$WrapFunction
instanceKlass org/sparkproject/jetty/servlet/Holder$HolderRegistration
instanceKlass javax/servlet/annotation/ServletSecurity
instanceKlass java/util/stream/StreamSpliterators
instanceKlass org/sparkproject/jetty/servlet/Holder$HolderConfig
instanceKlass org/sparkproject/jetty/servlet/FilterHolder$WrapFunction
instanceKlass java/util/stream/Streams$2
instanceKlass java/util/stream/StreamSpliterators$AbstractWrappingSpliterator
instanceKlass java/util/stream/Streams$ConcatSpliterator
instanceKlass java/util/stream/SortedOps
instanceKlass org/sparkproject/jetty/server/handler/ContextHandler$1
instanceKlass org/sparkproject/jetty/servlet/ServletContextHandler$ServletContainerInitializerCaller
instanceKlass org/sparkproject/jetty/server/handler/ContextHandlerCollection$Branch
instanceKlass org/sparkproject/jetty/http/pathmap/PathMappings$1
instanceKlass org/sparkproject/jetty/http/pathmap/AbstractPathSpec
instanceKlass org/sparkproject/jetty/http/MimeTypes
instanceKlass org/sparkproject/jetty/http/pathmap/MappedResource
instanceKlass org/sparkproject/jetty/http/pathmap/PathMappings
instanceKlass org/sparkproject/jetty/util/IncludeExcludeSet$SetContainsPredicate
instanceKlass org/sparkproject/jetty/util/IncludeExcludeSet
instanceKlass org/sparkproject/jetty/server/HttpInput$Interceptor
instanceKlass org/sparkproject/jetty/servlet/FilterMapping
instanceKlass javax/servlet/FilterRegistration$Dynamic
instanceKlass javax/servlet/FilterConfig
instanceKlass org/apache/spark/ui/HttpSecurityFilter
instanceKlass org/apache/spark/ui/ServerInfo
instanceKlass org/sparkproject/jetty/server/AbstractConnector$Acceptor
instanceKlass org/sparkproject/jetty/util/thread/strategy/EatWhatYouKill$1
instanceKlass org/sparkproject/jetty/io/ManagedSelector$Start
instanceKlass org/sparkproject/jetty/io/ManagedSelector$SelectorProducer
instanceKlass java/util/function/LongBinaryOperator
instanceKlass org/sparkproject/jetty/util/statistic/SampleStatistic
instanceKlass org/sparkproject/jetty/util/thread/ExecutionStrategy
instanceKlass org/sparkproject/jetty/util/thread/ExecutionStrategy$Producer
instanceKlass org/sparkproject/jetty/server/ConnectionFactory$Detecting
instanceKlass org/sparkproject/jetty/util/component/Container$InheritedListener
instanceKlass java/util/function/IntUnaryOperator
instanceKlass org/sparkproject/jetty/io/ManagedSelector$SelectorUpdate
instanceKlass org/sparkproject/jetty/server/AbstractConnector$1
instanceKlass org/sparkproject/jetty/io/ByteBufferPool$Bucket
instanceKlass org/sparkproject/jetty/io/AbstractByteBufferPool
instanceKlass org/sparkproject/jetty/server/HttpChannel$1
instanceKlass org/sparkproject/jetty/server/RequestLog
instanceKlass org/sparkproject/jetty/server/HttpChannel$Listener
instanceKlass org/sparkproject/jetty/server/HttpChannel
instanceKlass org/sparkproject/jetty/server/HttpOutput$Interceptor
instanceKlass org/sparkproject/jetty/util/component/Graceful$Shutdown
instanceKlass org/sparkproject/jetty/io/IdleTimeout
instanceKlass org/sparkproject/jetty/io/EndPoint
instanceKlass org/sparkproject/jetty/io/ManagedSelector$Selectable
instanceKlass org/sparkproject/jetty/io/ByteBufferPool
instanceKlass org/sparkproject/jetty/server/NetworkConnector
instanceKlass org/sparkproject/jetty/http/HttpCompliance$1
instanceKlass org/sparkproject/jetty/io/Connection$UpgradeTo
instanceKlass org/sparkproject/jetty/io/Connection$UpgradeFrom
instanceKlass org/sparkproject/jetty/io/WriteFlusher$Listener
instanceKlass org/sparkproject/jetty/server/HttpTransport
instanceKlass org/sparkproject/jetty/io/AbstractConnection
instanceKlass org/sparkproject/jetty/io/Connection
instanceKlass org/sparkproject/jetty/server/HttpConfiguration$Customizer
instanceKlass org/sparkproject/jetty/server/HttpConfiguration$ConnectionFactory
instanceKlass org/sparkproject/jetty/server/ConnectionFactory
instanceKlass org/sparkproject/jetty/util/thread/PrivilegedThreadFactory$1
instanceKlass org/sparkproject/jetty/util/thread/PrivilegedThreadFactory
instanceKlass java/util/stream/ReduceOps$5ReducingSink
instanceKlass java/util/function/IntBinaryOperator
instanceKlass java/util/function/ToIntFunction
instanceKlass org/sparkproject/jetty/util/thread/ThreadPoolBudget$Leased
instanceKlass org/sparkproject/jetty/util/ProcessorUtils
instanceKlass org/sparkproject/jetty/util/thread/ReservedThreadExecutor$1
instanceKlass org/sparkproject/jetty/http/HttpStatus
instanceKlass org/sparkproject/jetty/http/HttpGenerator$PreparedResponse
instanceKlass org/sparkproject/jetty/util/BufferUtil
instanceKlass org/sparkproject/jetty/http/MetaData
instanceKlass org/sparkproject/jetty/http/HttpFields
instanceKlass org/sparkproject/jetty/http/HttpGenerator
instanceKlass org/sparkproject/jetty/server/HttpConfiguration
instanceKlass org/sparkproject/jetty/server/ShutdownMonitor$Holder
instanceKlass org/sparkproject/jetty/server/ShutdownMonitor
instanceKlass org/sparkproject/jetty/server/handler/ErrorHandler$ErrorPageMapper
instanceKlass org/sparkproject/jetty/util/thread/Scheduler$Task
instanceKlass org/sparkproject/jetty/util/thread/SerializedExecutor
instanceKlass org/sparkproject/jetty/server/handler/HandlerCollection$Handlers
instanceKlass org/sparkproject/jetty/util/thread/Locker$Lock
instanceKlass org/sparkproject/jetty/util/thread/Locker
instanceKlass org/sparkproject/jetty/util/thread/ThreadPoolBudget$1
instanceKlass org/sparkproject/jetty/util/thread/ThreadPoolBudget$Lease
instanceKlass org/sparkproject/jetty/util/thread/ThreadPoolBudget
instanceKlass org/sparkproject/jetty/util/MemoryUtils$1
instanceKlass org/sparkproject/jetty/util/MemoryUtils
instanceKlass org/sparkproject/jetty/util/thread/QueuedThreadPool$Runner
instanceKlass org/sparkproject/jetty/util/thread/TryExecutor$1
instanceKlass org/sparkproject/jetty/util/thread/TryExecutor
instanceKlass org/sparkproject/jetty/util/thread/ThreadPool$SizedThreadPool
instanceKlass org/apache/spark/status/api/v1/UIRootFromServletContext$
instanceKlass org/glassfish/jersey/server/spi/Container
instanceKlass javax/servlet/Filter
instanceKlass org/apache/spark/status/api/v1/ApiRootResource$
instanceKlass org/sparkproject/jetty/http/CompressedContentFormat
instanceKlass org/sparkproject/jetty/util/MathUtils
instanceKlass org/sparkproject/jetty/util/AbstractTrie
instanceKlass org/sparkproject/jetty/util/StringUtil
instanceKlass org/sparkproject/jetty/util/Trie
instanceKlass org/sparkproject/jetty/http/Http1FieldPreEncoder
instanceKlass java/net/URLClassLoader$3$1
instanceKlass java/net/URLClassLoader$3
instanceKlass org/sparkproject/jetty/http/HttpFieldPreEncoder
instanceKlass org/sparkproject/jetty/util/Callback
instanceKlass org/sparkproject/jetty/util/thread/Invocable
instanceKlass org/sparkproject/jetty/server/ResourceService
instanceKlass org/sparkproject/jetty/http/HttpContent$ContentFactory
instanceKlass org/sparkproject/jetty/server/ResourceService$WelcomeFactory
instanceKlass org/sparkproject/jetty/util/resource/ResourceFactory
instanceKlass org/apache/spark/ui/storage/ToolTips$
instanceKlass org/apache/spark/ui/JettyUtils$ServletParams
instanceKlass scala/xml/Utility$Escapes$
instanceKlass scala/xml/Utility$
instanceKlass scala/xml/parsing/TokenTests
instanceKlass scala/xml/MetaData$
instanceKlass scala/xml/Text$
instanceKlass scala/xml/ScalaVersionSpecificNodeBuffer
instanceKlass scala/xml/ScalaVersionSpecificNodeSeq
instanceKlass scala/xml/NamespaceBinding
instanceKlass scala/xml/Attribute
instanceKlass scala/xml/Equality
instanceKlass org/json4s/JsonAST$JValue
instanceKlass org/json4s/Diff$Diffable
instanceKlass scala/runtime/RichChar$
instanceKlass org/apache/spark/ui/WebUIPage
instanceKlass org/sparkproject/jetty/servlet/ServletMapping
instanceKlass org/sparkproject/jetty/util/ArrayUtil
instanceKlass org/sparkproject/jetty/util/URIUtil
instanceKlass javax/servlet/SingleThreadModel
instanceKlass org/sparkproject/jetty/servlet/Holder$1
instanceKlass org/sparkproject/jetty/servlet/Source
instanceKlass javax/servlet/ServletRegistration$Dynamic
instanceKlass javax/servlet/Registration$Dynamic
instanceKlass org/sparkproject/jetty/util/component/ContainerLifeCycle$1
instanceKlass org/sparkproject/jetty/util/component/Container$Listener
instanceKlass org/sparkproject/jetty/util/component/ContainerLifeCycle$Bean
instanceKlass org/sparkproject/jetty/http/pathmap/PathSpec
instanceKlass org/sparkproject/jetty/server/UserIdentity$Scope
instanceKlass javax/servlet/FilterChain
instanceKlass org/sparkproject/jetty/util/DeprecationWarning
instanceKlass org/sparkproject/jetty/util/DecoratedObjectFactory
instanceKlass javax/servlet/ServletRegistration
instanceKlass javax/servlet/FilterRegistration
instanceKlass javax/servlet/Registration
instanceKlass org/sparkproject/jetty/security/ConstraintAware
instanceKlass javax/servlet/RequestDispatcher
instanceKlass java/time/Instant$1
instanceKlass java/time/format/DateTimePrintContext
instanceKlass java/time/Period
instanceKlass java/time/chrono/ChronoPeriod
instanceKlass java/time/format/DateTimeFormatterBuilder$TextPrinterParser
instanceKlass java/time/format/DateTimeTextProvider$1
instanceKlass java/time/format/DateTimeTextProvider
instanceKlass java/time/format/DateTimeTextProvider$LocaleStore
instanceKlass java/time/format/DateTimeFormatterBuilder$InstantPrinterParser
instanceKlass java/time/format/DateTimeFormatterBuilder$StringLiteralPrinterParser
instanceKlass java/time/format/DateTimeFormatterBuilder$ZoneIdPrinterParser
instanceKlass java/time/format/DateTimeFormatterBuilder$OffsetIdPrinterParser
instanceKlass java/time/format/DecimalStyle
instanceKlass java/time/format/DateTimeFormatterBuilder$CompositePrinterParser
instanceKlass java/time/chrono/AbstractChronology
instanceKlass java/time/chrono/Chronology
instanceKlass java/time/format/DateTimeFormatterBuilder$CharLiteralPrinterParser
instanceKlass java/time/format/DateTimeFormatterBuilder$NumberPrinterParser
instanceKlass java/time/format/DateTimeFormatterBuilder$DateTimePrinterParser
instanceKlass java/time/temporal/JulianFields
instanceKlass java/time/temporal/IsoFields
instanceKlass java/time/temporal/TemporalQuery
instanceKlass java/time/format/DateTimeFormatterBuilder
instanceKlass java/time/format/DateTimeFormatter
instanceKlass org/sparkproject/jetty/util/Jetty
instanceKlass org/sparkproject/jetty/http/HttpField
instanceKlass javax/servlet/http/HttpServletRequest
instanceKlass javax/servlet/http/HttpSessionAttributeListener
instanceKlass javax/servlet/http/HttpSessionListener
instanceKlass javax/servlet/http/HttpSessionIdListener
instanceKlass javax/servlet/ServletRequestAttributeListener
instanceKlass javax/servlet/ServletRequestListener
instanceKlass javax/servlet/ServletContextAttributeListener
instanceKlass javax/servlet/ServletContextListener
instanceKlass org/sparkproject/jetty/util/Uptime$DefaultImpl
instanceKlass org/sparkproject/jetty/util/Uptime$Impl
instanceKlass org/sparkproject/jetty/util/Uptime
instanceKlass org/sparkproject/jetty/util/log/JettyAwareLogger
instanceKlass org/sparkproject/jetty/util/log/AbstractLogger
instanceKlass org/sparkproject/jetty/util/Loader
instanceKlass org/sparkproject/jetty/util/log/Log$1
instanceKlass org/sparkproject/jetty/util/log/Logger
instanceKlass org/sparkproject/jetty/util/log/Log
instanceKlass org/sparkproject/jetty/server/handler/gzip/GzipFactory
instanceKlass org/sparkproject/jetty/security/Authenticator$AuthConfiguration
instanceKlass org/sparkproject/jetty/util/Decorator
instanceKlass org/sparkproject/jetty/util/AttributesMap
instanceKlass javax/servlet/ServletRequest
instanceKlass javax/servlet/ServletContext
instanceKlass org/sparkproject/jetty/server/handler/ContextHandler$AliasCheck
instanceKlass org/sparkproject/jetty/util/component/AbstractLifeCycle
instanceKlass org/sparkproject/jetty/util/component/Dumpable$DumpableContainer
instanceKlass org/sparkproject/jetty/util/component/Dumpable
instanceKlass org/sparkproject/jetty/server/HandlerContainer
instanceKlass org/sparkproject/jetty/util/Attributes
instanceKlass org/sparkproject/jetty/server/Connector
instanceKlass org/sparkproject/jetty/util/component/Graceful
instanceKlass org/sparkproject/jetty/util/component/Container
instanceKlass org/sparkproject/jetty/server/Handler
instanceKlass org/sparkproject/jetty/util/component/Destroyable
instanceKlass org/sparkproject/jetty/util/thread/ThreadPool
instanceKlass org/sparkproject/jetty/util/thread/Scheduler
instanceKlass org/sparkproject/jetty/util/component/LifeCycle
instanceKlass org/apache/spark/ui/JettyUtils$
instanceKlass java/util/ResourceBundle$Control$2
instanceKlass java/util/ImmutableCollections$Access$1
instanceKlass jdk/internal/access/JavaUtilCollectionAccess
instanceKlass java/util/ImmutableCollections$Access
instanceKlass java/util/spi/ResourceBundleControlProvider
instanceKlass java/util/ResourceBundle$ResourceBundleControlProviderHolder
instanceKlass javax/servlet/http/HttpServletResponse
instanceKlass javax/servlet/ServletResponse
instanceKlass org/apache/spark/ui/WebUI$
instanceKlass org/apache/spark/ui/WebUITab
instanceKlass javax/servlet/GenericServlet
instanceKlass javax/servlet/ServletConfig
instanceKlass org/apache/spark/ui/WebUI
instanceKlass org/apache/spark/status/api/v1/UIRoot
instanceKlass org/apache/spark/ui/SparkUI$
instanceKlass java/util/Timer$ThreadReaper
instanceKlass java/util/TaskQueue
instanceKlass java/util/Timer
instanceKlass org/apache/spark/ui/ConsoleProgressBar
instanceKlass org/apache/spark/SparkStatusTracker
instanceKlass scala/util/Random
instanceKlass scala/util/control/NonFatal$
instanceKlass org/apache/spark/SparkEnv
instanceKlass org/apache/spark/scheduler/OutputCommitCoordinator$OutputCommitCoordinatorEndpoint
instanceKlass org/apache/spark/scheduler/OutputCommitCoordinator
instanceKlass org/apache/spark/metrics/MetricsConfig
instanceKlass org/apache/spark/metrics/MetricsSystem
instanceKlass org/apache/spark/metrics/MetricsSystemInstances$
instanceKlass org/apache/spark/metrics/MetricsSystem$
instanceKlass org/apache/spark/network/shuffle/DownloadFile
instanceKlass org/apache/spark/storage/BlockManager$RemoteBlockDownloadFileManager
instanceKlass org/apache/spark/storage/BlockManagerStorageEndpoint
instanceKlass org/apache/spark/util/IdGenerator
instanceKlass org/apache/spark/storage/BlockManager$
instanceKlass org/apache/spark/storage/DiskStore
instanceKlass jdk/internal/math/FormattedFloatingDecimal$2
instanceKlass jdk/internal/math/FormattedFloatingDecimal
instanceKlass scala/math/Numeric$Ops
instanceKlass scala/math/Numeric$LongIsIntegral$
instanceKlass scala/math/Ordering$LongOrdering
instanceKlass scala/math/Numeric$LongIsIntegral
instanceKlass scala/math/Integral
instanceKlass org/apache/spark/storage/memory/ValuesHolder
instanceKlass org/apache/spark/storage/memory/MemoryStore
instanceKlass org/apache/spark/storage/BlockInfo$
instanceKlass org/sparkproject/guava/math/IntMath$1
instanceKlass org/sparkproject/guava/math/MathPreconditions
instanceKlass org/sparkproject/guava/math/IntMath
instanceKlass org/sparkproject/guava/util/concurrent/Striped$1
instanceKlass org/sparkproject/guava/util/concurrent/Striped$5
instanceKlass org/sparkproject/guava/util/concurrent/Striped
instanceKlass org/apache/spark/storage/BlockInfoManager
instanceKlass org/apache/spark/storage/DiskBlockManager$
instanceKlass scala/collection/mutable/ArrayBuilder$
instanceKlass com/fasterxml/jackson/module/scala/SymbolModule
instanceKlass com/fasterxml/jackson/module/scala/deser/SymbolDeserializerModule
instanceKlass com/fasterxml/jackson/module/scala/ser/SymbolSerializerModule
instanceKlass com/fasterxml/jackson/module/scala/EitherModule
instanceKlass com/fasterxml/jackson/module/scala/ser/EitherSerializerModule
instanceKlass com/fasterxml/jackson/module/scala/modifiers/EitherTypeModifierModule
instanceKlass com/fasterxml/jackson/module/scala/deser/EitherDeserializerModule
instanceKlass com/fasterxml/jackson/module/scala/deser/UntypedObjectDeserializerModule
instanceKlass com/fasterxml/jackson/module/scala/introspect/ScalaAnnotationIntrospectorModule
instanceKlass com/fasterxml/jackson/module/scala/deser/ScalaNumberDeserializersModule
instanceKlass com/fasterxml/jackson/module/scala/SetModule
instanceKlass com/fasterxml/jackson/module/scala/deser/SortedSetDeserializerModule
instanceKlass com/fasterxml/jackson/module/scala/deser/UnsortedSetDeserializerModule
instanceKlass com/fasterxml/jackson/module/scala/MapModule
instanceKlass com/fasterxml/jackson/module/scala/deser/SortedMapDeserializerModule
instanceKlass com/fasterxml/jackson/module/scala/deser/UnsortedMapDeserializerModule
instanceKlass com/fasterxml/jackson/module/scala/ser/MapSerializerModule
instanceKlass com/fasterxml/jackson/module/scala/modifiers/MapTypeModifierModule
instanceKlass com/fasterxml/jackson/module/scala/TupleModule
instanceKlass com/fasterxml/jackson/module/scala/deser/TupleDeserializerModule
instanceKlass com/fasterxml/jackson/module/scala/ser/TupleSerializerModule
instanceKlass com/fasterxml/jackson/module/scala/IterableModule
instanceKlass com/fasterxml/jackson/module/scala/SeqModule
instanceKlass com/fasterxml/jackson/module/scala/deser/SeqDeserializerModule
instanceKlass com/fasterxml/jackson/module/scala/ser/IterableSerializerModule
instanceKlass com/fasterxml/jackson/module/scala/modifiers/IterableTypeModifierModule
instanceKlass com/fasterxml/jackson/module/scala/OptionModule
instanceKlass com/fasterxml/jackson/module/scala/deser/OptionDeserializerModule
instanceKlass com/fasterxml/jackson/module/scala/ser/OptionSerializerModule
instanceKlass com/fasterxml/jackson/module/scala/modifiers/OptionTypeModifierModule
instanceKlass com/fasterxml/jackson/module/scala/EnumerationModule
instanceKlass com/fasterxml/jackson/module/scala/deser/EnumerationDeserializerModule
instanceKlass com/fasterxml/jackson/module/scala/ser/EnumerationSerializerModule
instanceKlass com/fasterxml/jackson/module/scala/IteratorModule
instanceKlass com/fasterxml/jackson/module/scala/ser/IteratorSerializerModule
instanceKlass com/fasterxml/jackson/module/scala/modifiers/IteratorTypeModifierModule
instanceKlass com/fasterxml/jackson/module/scala/modifiers/ScalaTypeModifierModule
instanceKlass com/fasterxml/jackson/module/scala/JacksonModule
instanceKlass com/fasterxml/jackson/databind/Module
instanceKlass org/apache/spark/storage/DiskBlockManager
instanceKlass org/apache/spark/network/shuffle/DownloadFileManager
instanceKlass org/apache/spark/storage/BlockData
instanceKlass org/apache/spark/storage/BlockManager
instanceKlass org/apache/spark/storage/memory/BlockEvictionHandler
instanceKlass org/apache/spark/network/BlockDataManager
instanceKlass org/apache/spark/network/shuffle/RetryingBlockTransferor$BlockTransferStarter
instanceKlass org/apache/spark/network/shuffle/BlockFetchingListener
instanceKlass org/apache/spark/network/shuffle/BlockTransferListener
instanceKlass org/apache/spark/storage/BlockManagerMasterHeartbeatEndpoint
instanceKlass sun/invoke/util/VerifyAccess$1
instanceKlass org/apache/spark/storage/StorageUtils$
instanceKlass org/sparkproject/guava/cache/LocalCache$AbstractReferenceEntry
instanceKlass org/sparkproject/guava/cache/RemovalListener
instanceKlass org/sparkproject/guava/cache/Weigher
instanceKlass org/sparkproject/guava/cache/LocalCache$StrongValueReference
instanceKlass org/sparkproject/guava/cache/LocalCache$1
instanceKlass org/sparkproject/guava/util/concurrent/ListenableFuture
instanceKlass org/sparkproject/guava/util/concurrent/AbstractListeningExecutorService
instanceKlass org/sparkproject/guava/util/concurrent/ListeningScheduledExecutorService
instanceKlass org/sparkproject/guava/util/concurrent/ListeningExecutorService
instanceKlass org/sparkproject/guava/util/concurrent/MoreExecutors
instanceKlass org/sparkproject/guava/cache/LocalCache$ReferenceEntry
instanceKlass org/sparkproject/guava/cache/LocalCache$ValueReference
instanceKlass org/sparkproject/guava/cache/LocalCache$LocalManualCache
instanceKlass org/sparkproject/guava/cache/CacheBuilder$2
instanceKlass org/sparkproject/guava/cache/CacheStats
instanceKlass org/sparkproject/guava/base/Suppliers$SupplierOfInstance
instanceKlass org/sparkproject/guava/base/Suppliers
instanceKlass org/sparkproject/guava/cache/CacheBuilder$1
instanceKlass org/sparkproject/guava/cache/AbstractCache$StatsCounter
instanceKlass org/sparkproject/guava/cache/LoadingCache
instanceKlass org/sparkproject/guava/cache/Cache
instanceKlass org/sparkproject/guava/base/Supplier
instanceKlass org/sparkproject/guava/cache/CacheBuilder
instanceKlass org/apache/spark/storage/BlockManagerMasterEndpoint
instanceKlass org/apache/spark/rpc/IsolatedThreadSafeRpcEndpoint
instanceKlass org/apache/spark/storage/BlockManagerMaster$
instanceKlass org/apache/spark/storage/BlockManagerMaster
instanceKlass scala/collection/concurrent/TrieMap$MangledHashing
instanceKlass scala/collection/concurrent/KVNode
instanceKlass scala/collection/concurrent/Gen
instanceKlass scala/collection/concurrent/BasicNode
instanceKlass scala/collection/concurrent/INode$
instanceKlass scala/math/Equiv$$anon$2
instanceKlass scala/util/hashing/Hashing$Default
instanceKlass scala/util/hashing/Hashing$
instanceKlass scala/collection/concurrent/TrieMap
instanceKlass org/apache/spark/unsafe/memory/HeapMemoryAllocator
instanceKlass org/apache/spark/unsafe/memory/UnsafeMemoryAllocator
instanceKlass org/apache/spark/unsafe/memory/MemoryAllocator
instanceKlass com/sun/management/internal/Flag$1
instanceKlass com/sun/management/internal/Flag
instanceKlass org/apache/spark/unsafe/Platform
instanceKlass org/apache/spark/unsafe/array/ByteArrayMethods
instanceKlass org/apache/spark/memory/MemoryPool
instanceKlass java/lang/StrictMath
instanceKlass scala/runtime/RichDouble$
instanceKlass scala/runtime/java8/JFunction0$mcJ$sp
instanceKlass org/apache/spark/memory/UnifiedMemoryManager$
instanceKlass org/apache/spark/shuffle/IndexShuffleBlockResolver$
instanceKlass org/apache/spark/network/client/StreamCallbackWithID
instanceKlass org/apache/spark/storage/BlockId
instanceKlass org/apache/spark/shuffle/IndexShuffleBlockResolver
instanceKlass org/apache/spark/shuffle/MigratableResolver
instanceKlass org/apache/spark/shuffle/ShuffleReader
instanceKlass org/apache/spark/shuffle/ShuffleHandle
instanceKlass org/apache/spark/util/collection/OpenHashSet
instanceKlass org/apache/spark/shuffle/ShuffleBlockResolver
instanceKlass org/apache/spark/shuffle/checksum/ShuffleChecksumSupport
instanceKlass org/apache/spark/shuffle/ShuffleWriter
instanceKlass org/apache/spark/shuffle/sort/SortShuffleManager
instanceKlass org/apache/spark/shuffle/ShuffleManager
instanceKlass org/apache/spark/MapOutputTrackerMasterEndpoint
instanceKlass org/apache/spark/scheduler/ShuffleOutputStatus
instanceKlass org/apache/spark/MapOutputTracker$
instanceKlass org/apache/spark/GetMapOutputMessage
instanceKlass org/apache/spark/MapOutputTrackerMasterMessage
instanceKlass org/apache/spark/MapOutputTrackerMaster$MessageLoop
instanceKlass org/apache/commons/collections4/map/AbstractHashedMap$HashEntry
instanceKlass org/apache/commons/collections4/KeyValue
instanceKlass org/apache/commons/collections4/MapIterator
instanceKlass org/apache/commons/collections4/IterableMap
instanceKlass org/apache/commons/collections4/IterableGet
instanceKlass org/apache/commons/collections4/Get
instanceKlass org/apache/commons/collections4/Put
instanceKlass org/apache/spark/broadcast/Broadcast
instanceKlass org/apache/spark/broadcast/TorrentBroadcastFactory
instanceKlass org/apache/spark/broadcast/BroadcastFactory
instanceKlass org/apache/spark/broadcast/BroadcastManager
instanceKlass com/esotericsoftware/kryo/pool/KryoFactory
instanceKlass com/esotericsoftware/kryo/Kryo
instanceKlass com/esotericsoftware/kryo/Serializer
instanceKlass com/esotericsoftware/kryo/pool/KryoPool
instanceKlass org/apache/spark/serializer/SerializerManager
instanceKlass org/apache/spark/rpc/ThreadSafeRpcEndpoint
instanceKlass org/apache/spark/rpc/netty/OneWayMessage
instanceKlass org/apache/spark/rpc/netty/RpcMessage
instanceKlass org/apache/spark/rpc/netty/MessageLoop$
instanceKlass org/apache/spark/rpc/netty/OnStart$
instanceKlass org/apache/spark/rpc/netty/Inbox
instanceKlass java/util/concurrent/ForkJoinPool$WorkQueue
instanceKlass java/util/concurrent/ForkJoinPool$DefaultCommonPoolForkJoinWorkerThreadFactory
instanceKlass java/util/concurrent/ForkJoinPool$1
instanceKlass java/util/concurrent/ForkJoinPool$DefaultForkJoinWorkerThreadFactory
instanceKlass java/util/concurrent/locks/AbstractQueuedSynchronizer$Node
instanceKlass org/apache/spark/rpc/netty/MessageLoop$$anon$1
instanceKlass org/apache/spark/rpc/IsolatedRpcEndpoint
instanceKlass org/apache/spark/rpc/RpcAddress
instanceKlass java/nio/channels/spi/AbstractSelector$1
instanceKlass org/apache/spark/rpc/RpcAddress$
instanceKlass org/apache/spark/rpc/RpcEndpointAddress
instanceKlass org/apache/spark/rpc/netty/RpcEndpointVerifier
instanceKlass io/netty/channel/ChannelFutureListener$3
instanceKlass org/apache/spark/rpc/netty/RpcEndpointVerifier$
instanceKlass io/netty/channel/ChannelFutureListener$2
instanceKlass io/netty/channel/ChannelFutureListener$1
instanceKlass io/netty/util/internal/SocketUtils$7
instanceKlass io/netty/channel/AbstractChannel$AbstractUnsafe$2
instanceKlass io/netty/bootstrap/ServerBootstrap$ServerBootstrapAcceptor$1
instanceKlass io/netty/bootstrap/AbstractBootstrap$2
instanceKlass io/netty/bootstrap/ServerBootstrap$1$1
instanceKlass java/lang/invoke/ConstantBootstraps
instanceKlass io/netty/bootstrap/AbstractBootstrap$1
instanceKlass io/netty/util/concurrent/FastThreadLocalRunnable
instanceKlass io/netty/util/internal/ThreadExecutorMap$2
instanceKlass io/netty/util/concurrent/SingleThreadEventExecutor$4
instanceKlass io/netty/util/internal/shaded/org/jctools/queues/LinkedArrayQueueUtil
instanceKlass io/netty/channel/AbstractChannel$AbstractUnsafe$1
instanceKlass io/netty/channel/ChannelHandler$Sharable
instanceKlass sun/nio/ch/ServerSocketChannelImpl$DefaultOptionsHolder
instanceKlass java/net/StandardSocketOptions$StdSocketOption
instanceKlass java/net/StandardSocketOptions
instanceKlass io/netty/buffer/ByteBufUtil$2
instanceKlass io/netty/util/CharsetUtil
instanceKlass io/netty/util/ByteProcessor
instanceKlass io/netty/buffer/ByteBufUtil
instanceKlass io/netty/channel/RecvByteBufAllocator$Handle
instanceKlass io/netty/channel/DefaultMaxMessagesRecvByteBufAllocator
instanceKlass io/netty/channel/MaxMessagesRecvByteBufAllocator
instanceKlass io/netty/channel/WriteBufferWaterMark
instanceKlass io/netty/channel/DefaultMessageSizeEstimator$HandleImpl
instanceKlass io/netty/channel/DefaultMessageSizeEstimator
instanceKlass io/netty/channel/MessageSizeEstimator
instanceKlass io/netty/channel/RecvByteBufAllocator
instanceKlass io/netty/channel/DefaultChannelConfig
instanceKlass io/netty/channel/nio/AbstractNioChannel$1
instanceKlass io/netty/channel/ChannelHandlerMask$Skip
instanceKlass io/netty/channel/ChannelHandlerMask$2
instanceKlass io/netty/channel/ChannelHandlerMask
instanceKlass io/netty/channel/AbstractChannelHandlerContext$Tasks
instanceKlass io/netty/channel/VoidChannelPromise$1
instanceKlass io/netty/channel/MessageSizeEstimator$Handle
instanceKlass io/netty/channel/ChannelProgressivePromise
instanceKlass io/netty/channel/ChannelProgressiveFuture
instanceKlass io/netty/channel/DefaultChannelPipeline$PendingHandlerCallback
instanceKlass io/netty/channel/AbstractChannelHandlerContext
instanceKlass io/netty/util/ResourceLeakHint
instanceKlass io/netty/channel/ChannelHandlerContext
instanceKlass io/netty/channel/DefaultChannelPipeline
instanceKlass io/netty/channel/ChannelOutboundBuffer$Entry
instanceKlass java/util/concurrent/atomic/AtomicLongFieldUpdater$CASUpdater$1
instanceKlass java/util/concurrent/atomic/AtomicLongFieldUpdater
instanceKlass io/netty/channel/ChannelOutboundBuffer
instanceKlass io/netty/util/internal/SocketUtils$13
instanceKlass io/netty/util/NetUtil$SoMaxConnAction
instanceKlass io/netty/util/NetUtilInitializations$NetworkIfaceAndInetAddress
instanceKlass io/netty/util/internal/SocketUtils$11
instanceKlass io/netty/util/internal/SocketUtils
instanceKlass io/netty/util/NetUtilInitializations
instanceKlass io/netty/util/NetUtil
instanceKlass io/netty/util/internal/MacAddressUtil
instanceKlass java/util/concurrent/SynchronousQueue$TransferStack$SNode
instanceKlass java/util/concurrent/ForkJoinPool$ManagedBlocker
instanceKlass java/util/concurrent/SynchronousQueue$Transferer
instanceKlass java/lang/ProcessHandleImpl
instanceKlass java/util/concurrent/CompletableFuture
instanceKlass java/util/concurrent/CompletionStage
instanceKlass java/lang/ProcessHandle$Info
instanceKlass java/lang/ProcessHandle
instanceKlass io/netty/channel/DefaultChannelId
instanceKlass io/netty/channel/ChannelFlushPromiseNotifier$FlushCheckpoint
instanceKlass io/netty/channel/ChannelFutureListener
instanceKlass java/nio/channels/MulticastChannel
instanceKlass io/netty/channel/socket/nio/SelectorProviderUtil
instanceKlass io/netty/channel/ChannelMetadata
instanceKlass io/netty/util/ConstantPool
instanceKlass io/netty/util/AbstractConstant
instanceKlass io/netty/util/Constant
instanceKlass io/netty/channel/socket/ServerSocketChannelConfig
instanceKlass io/netty/channel/ChannelConfig
instanceKlass io/netty/channel/AbstractChannel$AbstractUnsafe
instanceKlass io/netty/channel/nio/AbstractNioChannel$NioUnsafe
instanceKlass io/netty/channel/ChannelPipeline
instanceKlass io/netty/channel/ChannelInboundInvoker
instanceKlass io/netty/channel/ChannelId
instanceKlass io/netty/channel/Channel$Unsafe
instanceKlass io/netty/util/Attribute
instanceKlass io/netty/channel/ReflectiveChannelFactory
instanceKlass io/netty/channel/socket/ServerSocketChannel
instanceKlass io/netty/channel/ServerChannel
instanceKlass io/netty/bootstrap/AbstractBootstrapConfig
instanceKlass io/netty/channel/ChannelFactory
instanceKlass io/netty/bootstrap/ChannelFactory
instanceKlass io/netty/bootstrap/AbstractBootstrap
instanceKlass org/apache/spark/network/server/TransportServer
instanceKlass org/apache/spark/network/util/NettyMemoryMetrics
instanceKlass io/netty/buffer/PooledByteBufAllocatorMetric
instanceKlass io/netty/buffer/PoolChunkList
instanceKlass io/netty/buffer/PoolChunkListMetric
instanceKlass io/netty/buffer/PoolSubpage
instanceKlass io/netty/buffer/PoolSubpageMetric
instanceKlass io/netty/buffer/PoolThreadCache
instanceKlass io/netty/buffer/SizeClasses
instanceKlass io/netty/buffer/PoolArenaMetric
instanceKlass io/netty/buffer/SizeClassesMetric
instanceKlass io/netty/buffer/PooledByteBufAllocator$1
instanceKlass javax/security/cert/Certificate
instanceKlass java/security/cert/X509Extension
instanceKlass io/netty/util/AsciiString
instanceKlass io/netty/util/internal/EmptyArrays
instanceKlass io/netty/util/ResourceLeakTracker
instanceKlass io/netty/util/ResourceLeak
instanceKlass io/netty/util/ResourceLeakDetector
instanceKlass io/netty/buffer/ByteBufAllocatorMetric
instanceKlass io/netty/util/concurrent/MultithreadEventExecutorGroup$1
instanceKlass io/netty/util/concurrent/DefaultEventExecutorChooserFactory$PowerOfTwoEventExecutorChooser
instanceKlass io/netty/channel/nio/NioEventLoop$SelectorTuple
instanceKlass io/netty/channel/nio/NioEventLoop$4
instanceKlass java/nio/channels/SelectionKey
instanceKlass io/netty/channel/nio/NioEventLoop$3
instanceKlass java/nio/BufferMismatch
instanceKlass java/nio/channels/spi/AbstractInterruptibleChannel$1
instanceKlass sun/nio/ch/SelChImpl
instanceKlass java/nio/channels/NetworkChannel
instanceKlass com/sun/security/sasl/Provider$1
instanceKlass com/sun/security/sasl/gsskerb/JdkSASL$1
instanceKlass org/jcp/xml/dsig/internal/dom/XMLDSigRI$2
instanceKlass org/jcp/xml/dsig/internal/dom/XMLDSigRI$1
instanceKlass sun/security/smartcardio/SunPCSC$1
instanceKlass sun/security/jgss/SunProvider$1
instanceKlass sun/security/mscapi/SunMSCAPI$2
instanceKlass sun/security/mscapi/SunMSCAPI$1
instanceKlass java/security/spec/ECFieldF2m
instanceKlass sun/security/util/ByteArrayTagOrder
instanceKlass sun/security/util/ByteArrayLexOrder
instanceKlass sun/security/util/DerEncoder
instanceKlass java/security/spec/ECParameterSpec
instanceKlass java/security/spec/AlgorithmParameterSpec
instanceKlass java/security/spec/ECPoint
instanceKlass java/security/spec/EllipticCurve
instanceKlass java/security/spec/ECFieldFp
instanceKlass java/security/spec/ECField
instanceKlass sun/security/util/CurveDB
instanceKlass sun/security/ec/SunEC$1
instanceKlass sun/security/pkcs11/SunPKCS11$Descriptor
instanceKlass sun/security/jca/ProviderConfig$ProviderLoader
instanceKlass sun/security/jca/ProviderConfig$3
instanceKlass sun/security/rsa/SunRsaSignEntries
instanceKlass sun/nio/ch/UnixDomainSocketsUtil
instanceKlass sun/nio/ch/UnixDomainSockets
instanceKlass sun/nio/ch/PipeImpl$Initializer$LoopbackConnector
instanceKlass sun/nio/ch/PipeImpl$Initializer
instanceKlass java/nio/channels/Pipe
instanceKlass sun/nio/ch/WEPoll
instanceKlass sun/nio/ch/Util$2
instanceKlass io/netty/channel/nio/NioEventLoop$1
instanceKlass io/netty/util/internal/ThreadExecutorMap$1
instanceKlass io/netty/util/internal/shaded/org/jctools/util/UnsafeRefArrayAccess
instanceKlass io/netty/util/internal/shaded/org/jctools/util/Pow2
instanceKlass io/netty/util/internal/shaded/org/jctools/util/RangeUtil
instanceKlass io/netty/util/internal/shaded/org/jctools/util/UnsafeAccess
instanceKlass io/netty/util/internal/PlatformDependent$Mpsc$1
instanceKlass io/netty/util/internal/PlatformDependent$Mpsc
instanceKlass io/netty/channel/DefaultSelectStrategy
instanceKlass io/netty/channel/SelectStrategy
instanceKlass io/netty/util/internal/PlatformDependent$4
instanceKlass io/netty/util/internal/CleanerJava9$1
instanceKlass io/netty/util/internal/CleanerJava9
instanceKlass io/netty/util/internal/PlatformDependent$2
instanceKlass io/netty/util/internal/PlatformDependent$1
instanceKlass io/netty/util/internal/PlatformDependent0$9
instanceKlass io/netty/util/internal/PlatformDependent0$7
instanceKlass io/netty/util/internal/PlatformDependent0$6
instanceKlass io/netty/util/internal/PlatformDependent0$5
instanceKlass jdk/internal/access/foreign/MemorySegmentProxy
instanceKlass io/netty/util/internal/PlatformDependent0$4
instanceKlass io/netty/util/internal/PlatformDependent0$3
instanceKlass io/netty/util/internal/PlatformDependent0$2
instanceKlass io/netty/util/internal/ReflectionUtil
instanceKlass sun/misc/Unsafe
instanceKlass io/netty/util/internal/PlatformDependent0$1
instanceKlass io/netty/util/internal/PlatformDependent0
instanceKlass io/netty/util/internal/shaded/org/jctools/queues/SupportsIterator
instanceKlass io/netty/util/internal/shaded/org/jctools/queues/QueueProgressIndicators
instanceKlass io/netty/util/internal/shaded/org/jctools/queues/IndexedQueueSizeUtil$IndexedQueue
instanceKlass io/netty/util/internal/shaded/org/jctools/queues/MessagePassingQueue
instanceKlass io/netty/util/internal/LongCounter
instanceKlass io/netty/util/internal/PlatformDependent$ThreadLocalRandomProvider
instanceKlass io/netty/util/internal/Cleaner
instanceKlass io/netty/util/internal/PlatformDependent
instanceKlass java/util/concurrent/atomic/AtomicIntegerFieldUpdater$AtomicIntegerFieldUpdaterImpl$1
instanceKlass java/util/concurrent/atomic/AtomicIntegerFieldUpdater
instanceKlass io/netty/util/concurrent/SingleThreadEventExecutor$1
instanceKlass java/nio/channels/Selector
instanceKlass io/netty/util/IntSupplier
instanceKlass io/netty/channel/ChannelPromise
instanceKlass io/netty/channel/ChannelFuture
instanceKlass io/netty/util/concurrent/ThreadProperties
instanceKlass io/netty/util/internal/ThreadExecutorMap$3
instanceKlass io/netty/util/concurrent/FastThreadLocal
instanceKlass io/netty/util/internal/ThreadExecutorMap
instanceKlass io/netty/util/internal/StringUtil
instanceKlass io/netty/util/concurrent/GlobalEventExecutor$TaskRunner
instanceKlass java/util/concurrent/Executors$RunnableAdapter
instanceKlass io/netty/util/concurrent/GlobalEventExecutor$1
instanceKlass io/netty/util/concurrent/PromiseTask$SentinelRunnable
instanceKlass io/netty/util/internal/PriorityQueueNode
instanceKlass io/netty/util/concurrent/AbstractScheduledEventExecutor$2
instanceKlass io/netty/util/concurrent/AbstractScheduledEventExecutor$1
instanceKlass io/netty/util/internal/PriorityQueue
instanceKlass io/netty/util/concurrent/ScheduledFuture
instanceKlass io/netty/util/concurrent/ProgressivePromise
instanceKlass io/netty/util/concurrent/ProgressiveFuture
instanceKlass io/netty/util/internal/ThrowableUtil
instanceKlass io/netty/util/concurrent/DefaultFutureListeners
instanceKlass io/netty/util/concurrent/DefaultPromise$CauseHolder
instanceKlass io/netty/util/concurrent/AbstractFuture
instanceKlass io/netty/util/concurrent/EventExecutorChooserFactory$EventExecutorChooser
instanceKlass io/netty/util/concurrent/DefaultEventExecutorChooserFactory
instanceKlass io/netty/util/concurrent/ThreadPerTaskExecutor
instanceKlass io/netty/util/concurrent/RejectedExecutionHandlers$1
instanceKlass io/netty/util/concurrent/RejectedExecutionHandler
instanceKlass io/netty/util/concurrent/RejectedExecutionHandlers
instanceKlass io/netty/channel/DefaultSelectStrategyFactory
instanceKlass io/netty/channel/SelectStrategyFactory
instanceKlass sun/nio/ch/DefaultSelectorProvider
instanceKlass java/nio/channels/spi/SelectorProvider$Holder
instanceKlass java/nio/channels/spi/SelectorProvider
instanceKlass io/netty/util/NettyRuntime$AvailableProcessorsHolder
instanceKlass io/netty/util/NettyRuntime
instanceKlass io/netty/channel/EventLoop
instanceKlass io/netty/util/concurrent/OrderedEventExecutor
instanceKlass io/netty/util/concurrent/EventExecutorChooserFactory
instanceKlass io/netty/util/concurrent/FutureListener
instanceKlass io/netty/util/concurrent/GenericFutureListener
instanceKlass io/netty/util/concurrent/EventExecutor
instanceKlass io/netty/util/concurrent/AbstractEventExecutorGroup
instanceKlass io/netty/util/concurrent/DefaultThreadFactory
instanceKlass io/netty/util/DefaultAttributeMap
instanceKlass io/netty/channel/socket/SocketChannel
instanceKlass io/netty/channel/socket/DuplexChannel
instanceKlass org/apache/spark/network/util/NettyUtils$1
instanceKlass org/sparkproject/guava/base/Joiner
instanceKlass org/sparkproject/guava/collect/Multiset
instanceKlass org/sparkproject/guava/collect/Collections2
instanceKlass org/sparkproject/guava/collect/ImmutableCollection
instanceKlass org/sparkproject/guava/collect/Lists
instanceKlass org/apache/spark/network/client/TransportClientFactory
instanceKlass org/apache/spark/network/server/RpcHandler$NoopMergedBlockMetaReqHandler
instanceKlass org/apache/spark/network/server/RpcHandler$OneWayRpcCallback
instanceKlass org/apache/spark/network/server/RpcHandler$MergedBlockMetaReqHandler
instanceKlass org/apache/spark/network/client/RpcResponseCallback
instanceKlass org/apache/spark/network/client/BaseResponseCallback
instanceKlass io/netty/buffer/ByteBuf
instanceKlass io/netty/buffer/ByteBufConvertible
instanceKlass io/netty/util/ReferenceCounted
instanceKlass io/netty/util/internal/ObjectUtil
instanceKlass io/netty/util/internal/logging/Slf4JLoggerFactory$NopInstanceHolder
instanceKlass io/netty/util/internal/logging/AbstractInternalLogger
instanceKlass io/netty/util/internal/logging/InternalLogger
instanceKlass io/netty/util/internal/logging/InternalLoggerFactory
instanceKlass io/netty/util/internal/SystemPropertyUtil
instanceKlass io/netty/util/internal/UnpaddedInternalThreadLocalMap
instanceKlass io/netty/util/internal/TypeParameterMatcher
instanceKlass org/apache/spark/network/protocol/Message
instanceKlass org/apache/spark/network/protocol/Encodable
instanceKlass io/netty/util/concurrent/Promise
instanceKlass io/netty/util/concurrent/Future
instanceKlass io/netty/channel/ChannelHandlerAdapter
instanceKlass io/netty/channel/ChannelInboundHandler
instanceKlass io/netty/channel/ChannelOutboundHandler
instanceKlass org/apache/spark/network/util/NettyLogger
instanceKlass io/netty/channel/ChannelHandler
instanceKlass io/netty/channel/Channel
instanceKlass io/netty/channel/ChannelOutboundInvoker
instanceKlass io/netty/util/AttributeMap
instanceKlass org/apache/spark/network/TransportContext
instanceKlass org/apache/spark/network/buffer/ManagedBuffer
instanceKlass java/util/concurrent/CountDownLatch
instanceKlass org/apache/spark/rpc/netty/NettyRpcCallContext
instanceKlass org/apache/spark/rpc/RpcCallContext
instanceKlass org/apache/spark/rpc/netty/InboxMessage
instanceKlass org/apache/spark/rpc/netty/MessageLoop
instanceKlass org/apache/spark/rpc/netty/Dispatcher
instanceKlass org/apache/spark/network/util/TransportConf
instanceKlass io/netty/buffer/AbstractByteBufAllocator
instanceKlass io/netty/buffer/ByteBufAllocator
instanceKlass io/netty/buffer/ByteBufAllocatorMetricProvider
instanceKlass io/netty/channel/EventLoopGroup
instanceKlass io/netty/util/concurrent/EventExecutorGroup
instanceKlass org/apache/spark/network/util/NettyUtils
instanceKlass org/apache/spark/network/util/ConfigProvider
instanceKlass org/apache/spark/network/netty/SparkTransportConf$
instanceKlass org/apache/spark/rpc/RpcTimeout$
instanceKlass scala/concurrent/duration/Duration$
instanceKlass scala/concurrent/duration/package$DurationLong$
instanceKlass scala/concurrent/duration/package$
instanceKlass scala/concurrent/duration/package$DurationLong
instanceKlass scala/concurrent/duration/DurationConversions
instanceKlass org/apache/spark/rpc/RpcTimeout
instanceKlass org/apache/spark/util/RpcUtils$
instanceKlass org/apache/spark/network/client/StreamCallback
instanceKlass org/apache/spark/rpc/netty/OutboxMessage
instanceKlass org/apache/spark/rpc/RpcEndpointRef
instanceKlass org/apache/spark/network/server/RpcHandler
instanceKlass org/apache/spark/rpc/RpcEnvFileServer
instanceKlass org/apache/spark/network/server/StreamManager
instanceKlass org/apache/spark/serializer/SerializationStream
instanceKlass org/apache/spark/serializer/DeserializationStream
instanceKlass org/apache/spark/serializer/SerializerInstance
instanceKlass org/apache/spark/rpc/RpcEnv
instanceKlass org/apache/spark/rpc/netty/NettyRpcEnvFactory
instanceKlass org/apache/spark/rpc/RpcEnvFactory
instanceKlass org/apache/spark/rpc/RpcEnvConfig
instanceKlass org/apache/spark/rpc/RpcEnv$
instanceKlass org/apache/spark/SSLOptions
instanceKlass org/apache/spark/SSLOptions$
instanceKlass java/net/URLClassLoader$2
instanceKlass org/apache/spark/deploy/SparkHadoopUtil
instanceKlass org/apache/spark/SecurityManager
instanceKlass scala/util/matching/Regex$
instanceKlass org/apache/spark/SparkMasterRegex$
instanceKlass org/apache/spark/serializer/Serializer
instanceKlass org/apache/spark/memory/MemoryManager
instanceKlass org/apache/spark/network/shuffle/BlockStoreClient
instanceKlass org/apache/spark/network/sasl/SecretKeyHolder
instanceKlass org/apache/spark/MapOutputTracker
instanceKlass org/apache/spark/SparkEnv$
instanceKlass org/apache/spark/scheduler/AsyncEventQueue$$anon$1
instanceKlass com/codahale/metrics/Histogram
instanceKlass com/codahale/metrics/EWMA
instanceKlass com/codahale/metrics/ExponentialMovingAverages
instanceKlass com/codahale/metrics/MovingAverages
instanceKlass com/codahale/metrics/Meter
instanceKlass com/codahale/metrics/Clock$UserTimeClockHolder
instanceKlass com/codahale/metrics/Clock
instanceKlass com/codahale/metrics/Snapshot
instanceKlass com/codahale/metrics/ExponentiallyDecayingReservoir
instanceKlass com/codahale/metrics/Timer
instanceKlass com/codahale/metrics/Sampling
instanceKlass com/codahale/metrics/Metered
instanceKlass org/apache/spark/scheduler/AsyncEventQueue
instanceKlass org/apache/spark/scheduler/SparkListenerBus
instanceKlass org/apache/spark/util/ListenerBus
instanceKlass scala/util/DynamicVariable
instanceKlass org/apache/spark/scheduler/LiveListenerBus$
instanceKlass org/apache/spark/status/AppStatusStore
instanceKlass org/apache/spark/status/StageDataWrapper
instanceKlass org/apache/spark/status/JobDataWrapper
instanceKlass org/apache/spark/status/ElementTrackingStore$LatchedTriggers
instanceKlass org/apache/spark/status/ElementTrackingStore$Trigger
instanceKlass scala/runtime/java8/JFunction1$mcVJ$sp
instanceKlass org/apache/spark/status/ExecutorSummaryWrapper
instanceKlass org/apache/spark/status/AppSummary
instanceKlass org/apache/spark/status/AppStatusListener$
instanceKlass org/apache/spark/status/LiveEntity
instanceKlass org/apache/spark/scheduler/SparkListener
instanceKlass org/sparkproject/guava/util/concurrent/ThreadFactoryBuilder$1
instanceKlass org/sparkproject/guava/util/concurrent/ThreadFactoryBuilder
instanceKlass scala/runtime/AbstractFunction0
instanceKlass scala/concurrent/impl/ExecutionContextImpl
instanceKlass scala/concurrent/impl/ExecutionContextImpl$
instanceKlass scala/concurrent/ExecutionContextExecutorService
instanceKlass scala/concurrent/ExecutionContext$
instanceKlass scala/concurrent/Awaitable
instanceKlass scala/concurrent/duration/Duration
instanceKlass java/util/concurrent/ForkJoinPool$ForkJoinWorkerThreadFactory
instanceKlass scala/concurrent/ExecutionContextExecutor
instanceKlass scala/concurrent/ExecutionContext
instanceKlass org/apache/spark/util/ThreadUtils$
instanceKlass org/apache/spark/status/ElementTrackingStore$WriteQueueResult
instanceKlass org/apache/spark/status/ElementTrackingStore
instanceKlass org/apache/spark/util/kvstore/InMemoryStore$InMemoryLists
instanceKlass org/apache/spark/util/kvstore/KVStoreView
instanceKlass org/apache/spark/util/kvstore/InMemoryStore
instanceKlass org/apache/spark/util/kvstore/KVStoreSerializer
instanceKlass org/apache/spark/status/KVUtils$
instanceKlass org/apache/spark/util/kvstore/KVStore
instanceKlass org/apache/spark/status/AppStatusStore$
instanceKlass org/apache/spark/status/AppStatusSource
instanceKlass org/apache/spark/internal/config/Status$
instanceKlass org/apache/spark/status/AppStatusSource$
instanceKlass org/apache/spark/scheduler/SparkListenerResourceProfileAdded
instanceKlass scala/collection/DefaultMap
instanceKlass scala/collection/immutable/DefaultMap
instanceKlass scala/Predef$any2stringadd$
instanceKlass org/apache/spark/resource/ResourceProfile
instanceKlass org/apache/spark/resource/ResourceProfile$DefaultProfileExecutorResources
instanceKlass org/apache/spark/internal/config/Python$
instanceKlass scala/runtime/AbstractPartialFunction
instanceKlass org/apache/spark/resource/ExecutorResourceRequest$
instanceKlass org/apache/spark/resource/ExecutorResourceRequest
instanceKlass org/apache/spark/resource/ExecutorResourceRequests
instanceKlass scala/collection/mutable/MapBuilder
instanceKlass org/apache/spark/resource/TaskResourceRequest
instanceKlass org/apache/spark/resource/TaskResourceRequests
instanceKlass org/apache/spark/resource/ResourceProfile$
instanceKlass org/apache/spark/resource/ResourceProfileManager
instanceKlass com/codahale/metrics/Counter
instanceKlass com/codahale/metrics/Counting
instanceKlass com/codahale/metrics/Gauge
instanceKlass com/codahale/metrics/MetricRegistry$MetricBuilder$5
instanceKlass com/codahale/metrics/MetricRegistry$MetricBuilder$4
instanceKlass com/codahale/metrics/MetricRegistry$MetricBuilder$3
instanceKlass com/codahale/metrics/Reservoir
instanceKlass com/codahale/metrics/MetricRegistry$MetricBuilder$2
instanceKlass com/codahale/metrics/MetricRegistry$MetricBuilder$1
instanceKlass com/codahale/metrics/MetricRegistryListener
instanceKlass com/codahale/metrics/MetricRegistry$MetricBuilder
instanceKlass com/codahale/metrics/MetricRegistry
instanceKlass com/codahale/metrics/MetricSet
instanceKlass com/codahale/metrics/Metric
instanceKlass org/apache/spark/scheduler/LiveListenerBusMetrics
instanceKlass org/apache/spark/scheduler/LiveListenerBus
instanceKlass org/apache/spark/resource/ResourceAllocation
instanceKlass org/apache/spark/resource/ResourceRequest
instanceKlass org/apache/spark/resource/ResourceID
instanceKlass org/json4s/Formats
instanceKlass org/apache/spark/resource/ResourceUtils$
instanceKlass org/apache/spark/util/logging/DriverLogger$
instanceKlass org/apache/spark/launcher/JavaModuleOptions
instanceKlass org/apache/spark/internal/config/Network$
instanceKlass scala/runtime/java8/JFunction0$mcD$sp
instanceKlass org/apache/logging/log4j/core/impl/MutableLogEvent
instanceKlass org/apache/logging/log4j/message/ParameterVisitable
instanceKlass org/apache/logging/log4j/message/ReusableMessage
instanceKlass org/apache/logging/log4j/core/impl/ReusableLogEventFactory
instanceKlass java/time/Instant
instanceKlass java/time/Clock
instanceKlass java/time/InstantSource
instanceKlass org/apache/logging/log4j/message/TimestampMessage
instanceKlass org/apache/logging/log4j/message/LoggerNameAwareMessage
instanceKlass org/apache/logging/log4j/core/impl/ContextDataFactory
instanceKlass scala/collection/immutable/VectorBuilder
instanceKlass scala/runtime/java8/JFunction1$mcII$sp
instanceKlass org/apache/spark/util/VersionUtils$
instanceKlass scala/Tuple7
instanceKlass scala/Product7
instanceKlass org/apache/spark/SparkBuildInfo$
instanceKlass org/apache/spark/package$
instanceKlass org/apache/spark/TaskContext$
instanceKlass org/apache/spark/util/CallSite
instanceKlass scala/runtime/BooleanRef
instanceKlass scala/runtime/IntRef
instanceKlass scala/runtime/ObjectRef
instanceKlass org/apache/spark/util/AccumulatorV2
instanceKlass org/apache/spark/scheduler/SparkListenerEvent
instanceKlass org/apache/spark/metrics/source/Source
instanceKlass org/apache/spark/scheduler/SparkListenerInterface
instanceKlass org/apache/spark/rpc/RpcEndpoint
instanceKlass org/apache/spark/rdd/RDD
instanceKlass org/apache/spark/api/java/AbstractJavaRDDLike
instanceKlass org/apache/spark/api/java/JavaRDDLike
instanceKlass org/apache/spark/api/java/JavaSparkContext
instanceKlass py4j/reflection/MethodInvoker$1
instanceKlass org/apache/avro/JsonProperties
instanceKlass java/lang/invoke/SerializedLambda
instanceKlass py4j/ReturnObject
instanceKlass py4j/reflection/TypeConverter
instanceKlass py4j/reflection/MethodInvoker
instanceKlass py4j/reflection/ReflectionShim
instanceKlass py4j/reflection/MethodDescriptor
instanceKlass java/net/URLClassLoader$1
instanceKlass py4j/reflection/CurrentThreadClassLoadingStrategy
instanceKlass py4j/reflection/ClassLoadingStrategy
instanceKlass py4j/reflection/ReflectionUtil
instanceKlass py4j/reflection/TypeUtil
instanceKlass py4j/NetworkUtil
instanceKlass py4j/Protocol
instanceKlass sun/nio/ch/Util$BufferCache
instanceKlass sun/nio/ch/Util
instanceKlass java/nio/DirectByteBuffer$Deallocator
instanceKlass py4j/commands/AbstractCommand
instanceKlass py4j/GatewayConnection
instanceKlass py4j/commands/Command
instanceKlass py4j/ClientServerConnection
instanceKlass sun/nio/ch/IOStatus
instanceKlass sun/nio/ch/FileChannelImpl$Closer
instanceKlass sun/nio/ch/NativeThreadSet
instanceKlass sun/nio/fs/WindowsChannelFactory$2
instanceKlass sun/nio/fs/WindowsChannelFactory$Flags
instanceKlass sun/nio/fs/WindowsChannelFactory$1
instanceKlass sun/nio/ch/NativeThread
instanceKlass sun/nio/fs/WindowsChannelFactory
instanceKlass java/net/Socket
instanceKlass sun/nio/fs/WindowsPath$1
instanceKlass java/nio/file/TempFileHelper
instanceKlass sun/net/NetHooks
instanceKlass java/net/InetSocketAddress$InetSocketAddressHolder
instanceKlass jdk/net/ExtendedSocketOptions$PlatformSocketOptions$1
instanceKlass jdk/net/ExtendedSocketOptions$PlatformSocketOptions
instanceKlass jdk/net/ExtendedSocketOptions$ExtSocketOption
instanceKlass java/net/SocketOption
instanceKlass jdk/net/ExtendedSocketOptions
instanceKlass sun/net/ext/ExtendedSocketOptions
instanceKlass sun/nio/ch/Net$1
instanceKlass java/net/ProtocolFamily
instanceKlass sun/nio/ch/Net
instanceKlass sun/nio/ch/NativeDispatcher
instanceKlass sun/net/PlatformSocketImpl
instanceKlass sun/net/NetProperties$1
instanceKlass sun/net/NetProperties
instanceKlass java/net/SocketImpl
instanceKlass java/net/SocketOptions
instanceKlass java/net/ServerSocket
instanceKlass py4j/JVMView
instanceKlass py4j/reflection/ReflectionEngine
instanceKlass py4j/Gateway
instanceKlass java/util/concurrent/RunnableScheduledFuture
instanceKlass java/util/concurrent/ScheduledFuture
instanceKlass java/util/concurrent/Delayed
instanceKlass java/util/concurrent/RunnableFuture
instanceKlass py4j/Py4JClientConnection
instanceKlass py4j/CallbackClient
instanceKlass py4j/Py4JPythonClientPerThread
instanceKlass py4j/ClientServer
instanceKlass py4j/StringUtil
instanceKlass javax/net/SocketFactory
instanceKlass javax/net/ServerSocketFactory
instanceKlass py4j/Py4JServerConnection
instanceKlass py4j/Py4JPythonClient
instanceKlass java/net/SocketAddress
instanceKlass py4j/DefaultGatewayServerListener
instanceKlass py4j/GatewayServerListener
instanceKlass py4j/Py4JJavaServer
instanceKlass py4j/ClientServer$ClientServerBuilder
instanceKlass org/apache/commons/codec/binary/Hex
instanceKlass org/apache/commons/codec/BinaryDecoder
instanceKlass org/apache/commons/codec/Decoder
instanceKlass org/apache/commons/codec/BinaryEncoder
instanceKlass org/apache/commons/codec/Encoder
instanceKlass org/apache/spark/api/python/Py4JServer
instanceKlass org/apache/spark/api/python/PythonGatewayServer$
instanceKlass org/apache/spark/deploy/JavaMainApplication
instanceKlass org/apache/spark/api/python/PythonGatewayServer
instanceKlass scala/util/Try$
instanceKlass org/apache/spark/deploy/PythonRunner$
instanceKlass scala/util/matching/Regex$Replacement
instanceKlass scala/util/matching/Regex$Match
instanceKlass scala/util/matching/Regex$MatchData
instanceKlass org/apache/spark/internal/config/ConfigReader$
instanceKlass org/apache/spark/internal/config/UI$
instanceKlass scala/runtime/AbstractFunction6
instanceKlass scala/Function6
instanceKlass org/apache/hadoop/shaded/com/google/re2j/CharGroup
instanceKlass org/apache/hadoop/shaded/com/google/re2j/Utils
instanceKlass org/apache/hadoop/shaded/com/google/re2j/CharClass
instanceKlass org/apache/hadoop/shaded/com/google/re2j/Inst$1
instanceKlass org/apache/hadoop/shaded/com/google/re2j/Prog$1
instanceKlass org/apache/hadoop/shaded/com/google/re2j/UnicodeTables
instanceKlass org/apache/hadoop/shaded/com/google/re2j/Unicode
instanceKlass org/apache/hadoop/shaded/com/google/re2j/Compiler$1
instanceKlass org/apache/hadoop/shaded/com/google/re2j/Compiler$Frag
instanceKlass org/apache/hadoop/shaded/com/google/re2j/Inst
instanceKlass org/apache/hadoop/shaded/com/google/re2j/Prog
instanceKlass org/apache/hadoop/shaded/com/google/re2j/Compiler
instanceKlass org/apache/hadoop/shaded/com/google/re2j/Simplify$1
instanceKlass org/apache/hadoop/shaded/com/google/re2j/Simplify
instanceKlass org/apache/hadoop/shaded/com/google/re2j/Parser$1
instanceKlass org/apache/hadoop/shaded/com/google/re2j/Regexp
instanceKlass org/apache/hadoop/shaded/com/google/re2j/Parser$StringIterator
instanceKlass org/apache/hadoop/shaded/com/google/re2j/Parser
instanceKlass org/apache/hadoop/shaded/com/google/re2j/RE2$ReplaceFunc
instanceKlass org/apache/hadoop/shaded/com/google/re2j/RE2$DeliverFunc
instanceKlass org/apache/hadoop/shaded/com/google/re2j/RE2
instanceKlass org/apache/hadoop/shaded/com/google/re2j/Pattern
instanceKlass org/apache/hadoop/fs/GlobPattern
instanceKlass org/apache/hadoop/fs/GlobFilter$1
instanceKlass org/apache/hadoop/fs/GlobFilter
instanceKlass org/apache/hadoop/io/WritableFactories
instanceKlass org/apache/hadoop/fs/permission/FsPermission$1
instanceKlass org/apache/hadoop/io/WritableFactory
instanceKlass org/apache/hadoop/fs/permission/FsPermission
instanceKlass org/apache/hadoop/fs/GlobExpander$StringWithOffset
instanceKlass org/apache/hadoop/fs/GlobExpander
instanceKlass org/apache/hadoop/fs/Globber$GlobBuilder
instanceKlass org/apache/hadoop/fs/Globber
instanceKlass org/apache/hadoop/fs/FileSystem$Statistics$7
instanceKlass org/apache/hadoop/fs/FileSystem$6
instanceKlass org/apache/hadoop/fs/FileSystem$Statistics$StatisticsData
instanceKlass org/apache/hadoop/fs/FileSystem$Statistics$StatisticsDataReferenceCleaner
instanceKlass org/apache/hadoop/fs/FileSystem$Statistics$StatisticsAggregator
instanceKlass org/apache/hadoop/fs/FileSystem$Statistics
instanceKlass org/apache/hadoop/security/token/Token
instanceKlass java/text/CharacterIterator
instanceKlass org/apache/hadoop/io/BinaryComparable
instanceKlass org/apache/hadoop/io/WritableComparable
instanceKlass org/apache/hadoop/hdfs/web/WebHdfsConstants
instanceKlass org/apache/hadoop/security/token/delegation/AbstractDelegationTokenSelector
instanceKlass org/apache/hadoop/fs/BlockStoragePolicySpi
instanceKlass org/apache/hadoop/fs/FileChecksum
instanceKlass org/apache/hadoop/security/token/TokenSelector
instanceKlass org/apache/hadoop/hdfs/web/resources/HttpOpParam$Op
instanceKlass org/apache/hadoop/hdfs/web/TokenAspect$TokenManagementDelegator
instanceKlass org/apache/hadoop/fs/DelegationTokenRenewer$Renewable
instanceKlass org/apache/hadoop/hdfs/DistributedFileSystem$PartialListingIterator
instanceKlass org/apache/hadoop/fs/MultipartUploaderBuilder
instanceKlass org/apache/hadoop/fs/BatchListingOperations
instanceKlass org/apache/hadoop/crypto/key/KeyProviderTokenIssuer
instanceKlass org/apache/hadoop/fs/viewfs/InodeTree
instanceKlass org/apache/hadoop/shaded/org/apache/commons/lang3/CharSequenceUtils
instanceKlass org/apache/hadoop/fs/Path
instanceKlass org/apache/hadoop/fs/PathHandle
instanceKlass org/apache/hadoop/fs/FileStatus
instanceKlass org/apache/hadoop/fs/ChecksumFileSystem$9
instanceKlass org/apache/hadoop/fs/FutureDataInputStreamBuilder
instanceKlass org/apache/hadoop/tracing/TraceScope
instanceKlass org/apache/hadoop/tracing/Tracer
instanceKlass org/apache/hadoop/tracing/TraceUtils
instanceKlass org/apache/hadoop/tracing/Tracer$Builder
instanceKlass org/apache/hadoop/fs/FsTracer
instanceKlass org/apache/hadoop/util/OperationDuration
instanceKlass javax/security/auth/kerberos/KerberosPrincipal
instanceKlass org/apache/hadoop/security/User
instanceKlass javax/security/auth/Subject$SecureSet$1
instanceKlass com/sun/security/auth/NTNumericCredential
instanceKlass com/sun/security/auth/NTDomainPrincipal
instanceKlass com/sun/security/auth/NTSid
instanceKlass com/sun/security/auth/module/NTSystem
instanceKlass com/sun/jmx/remote/security/FileLoginModule
instanceKlass com/sun/security/auth/module/NTLoginModule
instanceKlass javax/naming/ldap/LdapContext
instanceKlass javax/naming/directory/DirContext
instanceKlass com/sun/security/auth/module/LdapLoginModule
instanceKlass com/sun/security/auth/module/KeyStoreLoginModule
instanceKlass javax/naming/directory/Attributes
instanceKlass com/sun/security/auth/module/JndiLoginModule
instanceKlass com/sun/security/auth/module/UnixLoginModule
instanceKlass javax/security/auth/callback/CallbackHandler
instanceKlass com/sun/security/auth/module/Krb5LoginModule
instanceKlass java/util/ServiceLoader$ProviderSpliterator
instanceKlass javax/security/auth/login/LoginContext$4
instanceKlass javax/security/auth/Subject$SecureSet
instanceKlass org/apache/hadoop/util/Time
instanceKlass javax/security/auth/login/LoginContext$3
instanceKlass javax/security/auth/login/LoginContext$2
instanceKlass javax/security/auth/login/LoginContext$ModuleInfo
instanceKlass org/apache/hadoop/security/UserGroupInformation$HadoopLoginModule
instanceKlass javax/security/auth/spi/LoginModule
instanceKlass javax/security/auth/login/AppConfigurationEntry$LoginModuleControlFlag
instanceKlass javax/security/auth/login/AppConfigurationEntry
instanceKlass sun/security/util/ObjectIdentifier
instanceKlass org/ietf/jgss/Oid
instanceKlass org/apache/hadoop/security/authentication/util/KerberosUtil
instanceKlass javax/security/auth/login/Configuration
instanceKlass javax/security/auth/Subject$1
instanceKlass sun/security/util/ResourcesMgr
instanceKlass javax/security/auth/Subject
instanceKlass org/apache/hadoop/thirdparty/com/google/common/cache/LocalCache$AbstractReferenceEntry
instanceKlass org/apache/hadoop/thirdparty/com/google/common/cache/LocalCache$LoadingValueReference
instanceKlass org/apache/hadoop/thirdparty/com/google/common/cache/RemovalListener
instanceKlass org/apache/hadoop/thirdparty/com/google/common/cache/Weigher
instanceKlass org/apache/hadoop/thirdparty/com/google/common/cache/LocalCache$1
instanceKlass org/apache/hadoop/thirdparty/com/google/common/cache/ReferenceEntry
instanceKlass org/apache/hadoop/thirdparty/com/google/common/cache/LocalCache$ValueReference
instanceKlass org/apache/hadoop/thirdparty/com/google/common/cache/LocalCache$LocalManualCache
instanceKlass org/apache/hadoop/thirdparty/com/google/common/util/concurrent/FutureCallback
instanceKlass org/apache/hadoop/thirdparty/com/google/common/cache/CacheBuilder$2
instanceKlass org/apache/hadoop/thirdparty/com/google/common/cache/CacheStats
instanceKlass org/apache/hadoop/thirdparty/com/google/common/base/Suppliers$SupplierOfInstance
instanceKlass org/apache/hadoop/thirdparty/com/google/common/base/Suppliers
instanceKlass org/apache/hadoop/thirdparty/com/google/common/cache/CacheBuilder$1
instanceKlass org/apache/hadoop/thirdparty/com/google/common/cache/AbstractCache$StatsCounter
instanceKlass org/apache/hadoop/thirdparty/com/google/common/cache/LoadingCache
instanceKlass org/apache/hadoop/thirdparty/com/google/common/cache/Cache
instanceKlass org/apache/hadoop/thirdparty/com/google/common/base/Supplier
instanceKlass org/apache/hadoop/thirdparty/com/google/common/cache/CacheBuilder
instanceKlass org/apache/hadoop/mapred/JobConfigurable
instanceKlass org/apache/hadoop/shaded/org/apache/commons/collections/keyvalue/AbstractMapEntryDecorator
instanceKlass org/apache/hadoop/shaded/org/apache/commons/collections/KeyValue
instanceKlass org/apache/hadoop/shaded/org/apache/commons/collections/iterators/AbstractIteratorDecorator
instanceKlass org/apache/hadoop/shaded/org/apache/commons/collections/collection/AbstractCollectionDecorator
instanceKlass org/apache/hadoop/fs/Abortable
instanceKlass org/apache/hadoop/fs/Syncable
instanceKlass org/apache/hadoop/mapreduce/Mapper
instanceKlass org/apache/hadoop/mapreduce/Partitioner
instanceKlass org/apache/hadoop/io/WritableComparator
instanceKlass org/apache/hadoop/mapreduce/RecordWriter
instanceKlass org/apache/hadoop/mapreduce/TaskAttemptContext
instanceKlass org/apache/hadoop/util/Progressable
instanceKlass org/apache/hadoop/mapreduce/OutputCommitter
instanceKlass org/apache/hadoop/mapreduce/JobContext
instanceKlass org/apache/hadoop/mapreduce/MRJobConfig
instanceKlass org/apache/hadoop/mapreduce/OutputFormat
instanceKlass org/apache/hadoop/mapreduce/util/ConfigUtil
instanceKlass org/apache/hadoop/io/RawComparator
instanceKlass org/apache/hadoop/security/JniBasedUnixGroupsMapping
instanceKlass org/apache/hadoop/util/NativeCodeLoader
instanceKlass org/apache/hadoop/security/JniBasedUnixGroupsMappingWithFallback
instanceKlass org/apache/hadoop/security/GroupMappingServiceProvider
instanceKlass org/apache/hadoop/util/Timer
instanceKlass org/apache/hadoop/thirdparty/com/google/common/cache/CacheLoader
instanceKlass org/apache/hadoop/thirdparty/com/google/common/base/Ticker
instanceKlass org/apache/hadoop/security/authentication/util/KerberosName$Rule
instanceKlass org/apache/hadoop/security/HadoopKerberosName$1
instanceKlass org/apache/hadoop/security/authentication/util/KerberosName
instanceKlass org/apache/hadoop/security/SecurityInfo
instanceKlass org/apache/hadoop/security/SecurityUtil$StandardHostResolver
instanceKlass org/apache/hadoop/security/SecurityUtil$HostResolver
instanceKlass org/apache/hadoop/security/SecurityUtil
instanceKlass com/sun/security/auth/NTUserPrincipal
instanceKlass org/apache/hadoop/util/PlatformName
instanceKlass org/apache/hadoop/metrics2/impl/MetricsSystemImpl$3
instanceKlass org/apache/hadoop/metrics2/MetricsSystem$AbstractCallback
instanceKlass org/apache/hadoop/metrics2/lib/UniqueNames$Count
instanceKlass org/apache/hadoop/metrics2/lib/MetricsSourceBuilder$1
instanceKlass jdk/internal/vm/annotation/IntrinsicCandidate
instanceKlass org/apache/hadoop/metrics2/util/SampleStat$MinMax
instanceKlass org/apache/hadoop/metrics2/util/SampleStat
instanceKlass org/apache/hadoop/shaded/org/apache/commons/lang3/StringUtils
instanceKlass org/apache/hadoop/metrics2/annotation/Metric
instanceKlass org/apache/hadoop/metrics2/MetricsTag
instanceKlass org/apache/hadoop/classification/InterfaceStability$Evolving
instanceKlass org/apache/hadoop/classification/InterfaceAudience$Public
instanceKlass org/apache/hadoop/metrics2/annotation/Metrics
instanceKlass org/apache/hadoop/util/ReflectionUtils$2
instanceKlass org/apache/hadoop/util/ReflectionUtils
instanceKlass org/apache/hadoop/metrics2/lib/MutableMetric
instanceKlass org/apache/hadoop/metrics2/lib/MutableMetricsFactory
instanceKlass org/apache/hadoop/metrics2/lib/MetricsSourceBuilder
instanceKlass org/apache/hadoop/metrics2/lib/MetricsAnnotations
instanceKlass org/apache/hadoop/thirdparty/com/google/common/base/Joiner
instanceKlass org/apache/hadoop/metrics2/lib/UniqueNames
instanceKlass org/apache/hadoop/metrics2/MetricsRecordBuilder
instanceKlass org/apache/hadoop/metrics2/impl/MetricsCollectorImpl
instanceKlass org/apache/hadoop/metrics2/MetricsCollector
instanceKlass org/apache/hadoop/thirdparty/com/google/common/collect/Lists
instanceKlass org/apache/hadoop/metrics2/lib/MetricsInfoImpl
instanceKlass org/apache/hadoop/metrics2/lib/Interns$CacheWith2Keys
instanceKlass org/apache/hadoop/metrics2/lib/Interns
instanceKlass org/apache/hadoop/thirdparty/com/google/common/collect/ImmutableMap
instanceKlass org/apache/hadoop/thirdparty/com/google/common/collect/Maps$EntryTransformer
instanceKlass org/apache/hadoop/thirdparty/com/google/common/base/Converter
instanceKlass org/apache/hadoop/thirdparty/com/google/common/collect/UnmodifiableIterator
instanceKlass org/apache/hadoop/thirdparty/com/google/common/collect/BiMap
instanceKlass org/apache/hadoop/thirdparty/com/google/common/collect/SortedMapDifference
instanceKlass org/apache/hadoop/thirdparty/com/google/common/collect/MapDifference
instanceKlass org/apache/hadoop/thirdparty/com/google/common/collect/Maps
instanceKlass org/apache/hadoop/metrics2/lib/MetricsRegistry
instanceKlass org/apache/hadoop/metrics2/MetricsInfo
instanceKlass org/apache/hadoop/shaded/org/apache/commons/configuration2/Configuration
instanceKlass org/apache/hadoop/shaded/org/apache/commons/configuration2/sync/SynchronizerSupport
instanceKlass org/apache/hadoop/shaded/org/apache/commons/configuration2/ImmutableConfiguration
instanceKlass org/apache/hadoop/metrics2/MetricsSystem$Callback
instanceKlass org/apache/hadoop/metrics2/MetricsSystem
instanceKlass org/apache/hadoop/metrics2/MetricsSystemMXBean
instanceKlass org/apache/hadoop/metrics2/MetricsSource
instanceKlass org/apache/hadoop/security/UserGroupInformation$UgiMetrics
instanceKlass javax/security/auth/login/LoginContext
instanceKlass org/apache/hadoop/security/Groups
instanceKlass org/apache/hadoop/security/UserGroupInformation$AutoRenewalForUserCredsRunnable
instanceKlass org/apache/hadoop/security/UserGroupInformation
instanceKlass org/apache/hadoop/fs/FileSystem$Cache$Key
instanceKlass org/apache/hadoop/fs/FileSystem$3
instanceKlass java/util/concurrent/Semaphore
instanceKlass org/apache/hadoop/fs/FileSystem$Cache$ClientFinalizer
instanceKlass org/apache/hadoop/fs/FileSystem$Cache
instanceKlass org/apache/commons/logging/impl/SLF4JLocationAwareLog
instanceKlass org/apache/commons/logging/Log
instanceKlass org/apache/commons/logging/LogFactory$2
instanceKlass org/apache/commons/logging/LogFactory$3
instanceKlass org/apache/commons/logging/LogFactory$4
instanceKlass org/apache/commons/logging/impl/WeakHashtable$Referenced
instanceKlass sun/nio/ch/Interruptible
instanceKlass org/apache/commons/logging/LogFactory$1
instanceKlass org/apache/commons/logging/LogFactory$6
instanceKlass org/apache/commons/logging/LogFactory
instanceKlass org/apache/hadoop/fs/StorageStatistics
instanceKlass org/apache/hadoop/fs/impl/AbstractFSBuilderImpl
instanceKlass org/apache/hadoop/fs/FSBuilder
instanceKlass org/apache/hadoop/fs/QuotaUsage
instanceKlass org/apache/hadoop/fs/GlobalStorageStatistics$StorageStatisticsProvider
instanceKlass org/apache/hadoop/fs/RemoteIterator
instanceKlass org/apache/hadoop/fs/PathFilter
instanceKlass org/apache/spark/util/SparkShutdownHook
instanceKlass java/util/TimerTask
instanceKlass org/apache/hadoop/util/Shell
instanceKlass org/apache/hadoop/util/StringUtils
instanceKlass org/apache/hadoop/util/ShutdownHookManager$HookEntry
instanceKlass java/util/concurrent/ThreadPoolExecutor$AbortPolicy
instanceKlass java/util/concurrent/RejectedExecutionHandler
instanceKlass java/util/concurrent/AbstractExecutorService
instanceKlass java/util/concurrent/Executors$DelegatedExecutorService
instanceKlass org/apache/hadoop/util/concurrent/HadoopExecutors
instanceKlass org/apache/hadoop/thirdparty/com/google/common/util/concurrent/ThreadFactoryBuilder$1
instanceKlass org/apache/hadoop/thirdparty/com/google/common/util/concurrent/ThreadFactoryBuilder
instanceKlass org/apache/hadoop/util/ShutdownHookManager
instanceKlass org/apache/spark/util/SparkShutdownHookManager$$anon$2
instanceKlass org/apache/spark/util/SparkShutdownHookManager
instanceKlass scala/runtime/java8/JFunction0$mcV$sp
instanceKlass org/apache/spark/util/ShutdownHookManager$
instanceKlass sun/nio/fs/WindowsSecurityDescriptor
instanceKlass org/apache/hadoop/shaded/com/ctc/wstx/io/BufferRecycler
instanceKlass org/apache/hadoop/conf/Configuration$ParsedItem
instanceKlass org/apache/hadoop/thirdparty/com/google/common/collect/MapMakerInternalMap$StrongKeyDummyValueEntry$Helper
instanceKlass org/apache/hadoop/thirdparty/com/google/common/base/MoreObjects
instanceKlass org/apache/hadoop/thirdparty/com/google/common/collect/MapMakerInternalMap$InternalEntry
instanceKlass org/apache/hadoop/thirdparty/com/google/common/collect/MapMakerInternalMap$1
instanceKlass org/apache/hadoop/thirdparty/com/google/common/collect/MapMakerInternalMap$InternalEntryHelper
instanceKlass org/apache/hadoop/thirdparty/com/google/common/collect/MapMakerInternalMap$WeakValueReference
instanceKlass org/apache/hadoop/thirdparty/com/google/common/base/Predicate
instanceKlass org/apache/hadoop/thirdparty/com/google/common/base/Equivalence
instanceKlass java/util/function/BiPredicate
instanceKlass org/apache/hadoop/thirdparty/com/google/common/collect/Interners$InternerImpl
instanceKlass org/apache/hadoop/thirdparty/com/google/common/collect/MapMaker
instanceKlass org/apache/hadoop/thirdparty/com/google/common/collect/Interner
instanceKlass org/apache/hadoop/thirdparty/com/google/common/collect/Interners$InternerBuilder
instanceKlass org/apache/hadoop/thirdparty/com/google/common/base/Function
instanceKlass org/apache/hadoop/thirdparty/com/google/common/collect/Interners
instanceKlass org/apache/hadoop/util/StringInterner
instanceKlass org/apache/hadoop/shaded/com/ctc/wstx/sr/Element
instanceKlass org/apache/hadoop/conf/Configuration$Parser
instanceKlass org/apache/hadoop/shaded/com/ctc/wstx/util/TextBuffer
instanceKlass org/apache/hadoop/shaded/com/ctc/wstx/util/TextBuilder
instanceKlass org/apache/hadoop/shaded/com/ctc/wstx/sr/AttributeCollector
instanceKlass org/apache/hadoop/shaded/com/ctc/wstx/util/StringVector
instanceKlass org/apache/hadoop/shaded/com/ctc/wstx/util/BaseNsContext
instanceKlass org/apache/hadoop/shaded/org/codehaus/stax2/validation/XMLValidator
instanceKlass org/apache/hadoop/shaded/com/ctc/wstx/sr/InputElementStack
instanceKlass org/apache/hadoop/shaded/com/ctc/wstx/sr/NsDefaultProvider
instanceKlass org/apache/hadoop/shaded/org/codehaus/stax2/validation/ValidationContext
instanceKlass org/apache/hadoop/shaded/org/codehaus/stax2/validation/DTDValidationSchema
instanceKlass org/apache/hadoop/shaded/org/codehaus/stax2/validation/XMLValidationSchema
instanceKlass org/apache/hadoop/shaded/org/codehaus/stax2/typed/TypedValueDecoder
instanceKlass org/apache/hadoop/shaded/org/codehaus/stax2/typed/TypedArrayDecoder
instanceKlass org/apache/hadoop/shaded/org/codehaus/stax2/AttributeInfo
instanceKlass javax/xml/namespace/NamespaceContext
instanceKlass org/apache/hadoop/shaded/org/codehaus/stax2/ri/evt/BaseEventImpl
instanceKlass org/apache/hadoop/shaded/org/codehaus/stax2/evt/XMLEvent2
instanceKlass javax/xml/stream/events/EntityDeclaration
instanceKlass javax/xml/stream/events/XMLEvent
instanceKlass org/apache/hadoop/shaded/org/codehaus/stax2/XMLStreamLocation2
instanceKlass org/apache/hadoop/shaded/com/ctc/wstx/io/WstxInputData
instanceKlass org/apache/hadoop/shaded/com/ctc/wstx/cfg/ParsingErrorMsgs
instanceKlass org/apache/hadoop/shaded/com/ctc/wstx/sr/InputProblemReporter
instanceKlass org/apache/hadoop/shaded/org/codehaus/stax2/LocationInfo
instanceKlass org/apache/hadoop/shaded/org/codehaus/stax2/DTDInfo
instanceKlass org/apache/hadoop/shaded/com/ctc/wstx/sr/StreamReaderImpl
instanceKlass org/apache/hadoop/shaded/com/ctc/wstx/io/WstxInputSource
instanceKlass org/apache/hadoop/shaded/com/ctc/wstx/io/InputSourceFactory
instanceKlass javax/xml/stream/Location
instanceKlass org/apache/hadoop/shaded/com/ctc/wstx/io/SystemId
instanceKlass org/apache/hadoop/conf/Configuration$Resource
instanceKlass java/util/WeakHashMap$HashIterator
instanceKlass org/apache/hadoop/shaded/org/apache/commons/collections/MapIterator
instanceKlass org/apache/hadoop/shaded/org/apache/commons/collections/map/AbstractMapDecorator
instanceKlass org/apache/hadoop/shaded/org/apache/commons/collections/Unmodifiable
instanceKlass org/apache/hadoop/shaded/org/apache/commons/collections/IterableMap
instanceKlass org/apache/hadoop/conf/Configuration$DeprecatedKeyInfo
instanceKlass org/apache/hadoop/conf/Configuration$DeprecationContext
instanceKlass org/apache/hadoop/thirdparty/com/google/common/base/Java8Usage
instanceKlass org/apache/hadoop/thirdparty/com/google/common/base/Preconditions
instanceKlass org/apache/hadoop/conf/Configuration$DeprecationDelta
instanceKlass org/apache/hadoop/shaded/com/ctc/wstx/api/WstxInputProperties$ParsingMode
instanceKlass org/apache/hadoop/shaded/com/ctc/wstx/api/WstxInputProperties
instanceKlass org/apache/hadoop/shaded/com/ctc/wstx/api/CommonConfig
instanceKlass org/apache/hadoop/shaded/com/ctc/wstx/util/SymbolTable$Bucket
instanceKlass org/apache/hadoop/shaded/com/ctc/wstx/util/SymbolTable
instanceKlass org/apache/hadoop/shaded/com/ctc/wstx/util/DefaultXmlSymbolTable
instanceKlass org/apache/hadoop/shaded/org/codehaus/stax2/XMLEventReader2
instanceKlass javax/xml/stream/XMLEventReader
instanceKlass javax/xml/stream/util/XMLEventAllocator
instanceKlass org/apache/hadoop/shaded/org/codehaus/stax2/XMLStreamReader2
instanceKlass org/apache/hadoop/shaded/org/codehaus/stax2/validation/Validatable
instanceKlass org/apache/hadoop/shaded/org/codehaus/stax2/typed/TypedXMLStreamReader
instanceKlass javax/xml/stream/XMLInputFactory
instanceKlass org/apache/hadoop/shaded/org/codehaus/stax2/XMLStreamProperties
instanceKlass org/apache/hadoop/shaded/com/ctc/wstx/cfg/InputConfigFlags
instanceKlass org/apache/hadoop/shaded/com/ctc/wstx/sr/ReaderCreator
instanceKlass org/apache/hadoop/conf/Configuration$NegativeCacheSentinel
instanceKlass javax/xml/stream/XMLStreamReader
instanceKlass javax/xml/stream/XMLStreamConstants
instanceKlass org/apache/hadoop/shaded/com/ctc/wstx/io/InputBootstrapper
instanceKlass org/apache/spark/deploy/SparkHadoopUtil$
instanceKlass scala/collection/mutable/WrappedArrayBuilder
instanceKlass org/apache/ivy/plugins/report/XmlReportParser$SaxXmlReportParser
instanceKlass org/apache/ivy/plugins/report/XmlReportParser
instanceKlass org/apache/ivy/core/retrieve/RetrieveReport
instanceKlass java/util/Vector$Itr
instanceKlass org/apache/ivy/util/MessageLoggerHelper
instanceKlass org/apache/ivy/plugins/parser/xml/XmlModuleDescriptorWriter
instanceKlass java/io/FilenameFilter
instanceKlass org/apache/ivy/core/cache/DefaultResolutionCacheManager
instanceKlass org/apache/ivy/core/module/descriptor/WorkspaceModuleDescriptor
instanceKlass org/apache/ivy/core/sort/ModuleInSort
instanceKlass org/apache/ivy/core/sort/CollectionOfModulesToSort
instanceKlass org/apache/ivy/core/sort/ModuleDescriptorSorter
instanceKlass org/apache/ivy/core/sort/MessageBasedNonMatchingVersionReporter
instanceKlass org/apache/ivy/core/sort/NonMatchingVersionReporter
instanceKlass org/apache/ivy/core/sort/SortOptions
instanceKlass org/apache/ivy/core/resolve/IvyNodeUsage$Depender
instanceKlass java/io/FileOutputStream$1
instanceKlass sun/util/cldr/CLDRBaseLocaleDataMetaInfo$TZCanonicalIDMapHolder
instanceKlass java/time/LocalTime
instanceKlass java/time/temporal/ValueRange
instanceKlass java/time/temporal/TemporalField
instanceKlass java/time/LocalDate
instanceKlass java/time/chrono/ChronoLocalDate
instanceKlass java/time/zone/ZoneOffsetTransition
instanceKlass java/time/LocalDateTime
instanceKlass java/time/chrono/ChronoLocalDateTime
instanceKlass java/time/temporal/TemporalAdjuster
instanceKlass java/time/temporal/Temporal
instanceKlass java/time/zone/ZoneOffsetTransitionRule
instanceKlass java/time/zone/ZoneRules
instanceKlass java/time/zone/Ser
instanceKlass java/io/Externalizable
instanceKlass java/time/zone/ZoneRulesProvider$1
instanceKlass java/time/zone/ZoneRulesProvider
instanceKlass java/time/ZoneId
instanceKlass sun/util/resources/provider/NonBaseLocaleDataMetaInfo
instanceKlass sun/util/locale/provider/BaseLocaleDataMetaInfo
instanceKlass sun/util/locale/provider/TimeZoneNameUtility$TimeZoneNameGetter
instanceKlass sun/util/locale/provider/TimeZoneNameUtility
instanceKlass sun/nio/cs/Surrogate
instanceKlass sun/nio/cs/Surrogate$Parser
instanceKlass java/net/spi/URLStreamHandlerProvider
instanceKlass java/net/URL$1
instanceKlass java/net/URL$2
instanceKlass org/apache/ivy/core/report/DownloadStatus
instanceKlass org/apache/ivy/core/cache/ModuleDescriptorMemoryCache$CacheEntry
instanceKlass org/apache/ivy/plugins/matcher/ExactPatternMatcher$ExactMatcher
instanceKlass org/apache/ivy/plugins/matcher/MapMatcher
instanceKlass org/apache/ivy/core/module/descriptor/OverrideDependencyDescriptorMediator
instanceKlass org/apache/ivy/core/module/descriptor/DependencyArtifactDescriptor
instanceKlass org/apache/ivy/core/module/descriptor/ExtraInfoHolder
instanceKlass org/apache/ivy/core/module/descriptor/License
instanceKlass java/text/CalendarBuilder
instanceKlass java/text/ParsePosition
instanceKlass org/apache/ivy/util/DateUtil
instanceKlass org/apache/ivy/core/settings/IvySettings$2
instanceKlass org/apache/ivy/util/extendable/ExtendableItemHelper
instanceKlass com/sun/org/apache/xerces/internal/impl/xs/AttributePSVImpl
instanceKlass com/sun/org/apache/xerces/internal/xs/AttributePSVI
instanceKlass com/sun/org/apache/xerces/internal/impl/dtd/models/CMStateSet
instanceKlass com/sun/org/apache/xerces/internal/impl/xs/models/XSDFACM
instanceKlass com/sun/org/apache/xerces/internal/impl/dtd/models/CMNode
instanceKlass com/sun/org/apache/xerces/internal/impl/dv/xs/XSSimpleTypeDecl$ValidationContextImpl
instanceKlass com/sun/org/apache/xerces/internal/impl/xs/traversers/XSDAbstractTraverser$FacetInfo
instanceKlass com/sun/org/apache/xerces/internal/impl/xs/util/XSObjectListImpl$EmptyIterator
instanceKlass com/sun/org/apache/xerces/internal/xs/XSObjectList
instanceKlass com/sun/org/apache/xerces/internal/xs/datatypes/XSQName
instanceKlass com/sun/org/apache/xerces/internal/impl/xs/opti/NamedNodeMapImpl
instanceKlass org/w3c/dom/NamedNodeMap
instanceKlass com/sun/org/apache/xerces/internal/impl/xs/identity/IdentityConstraint
instanceKlass com/sun/org/apache/xerces/internal/xs/XSIDCDefinition
instanceKlass com/sun/org/apache/xerces/internal/impl/xs/traversers/XSDAbstractParticleTraverser$ParticleArray
instanceKlass com/sun/org/apache/xerces/internal/impl/xs/traversers/XSDAbstractTraverser
instanceKlass com/sun/org/apache/xerces/internal/impl/xs/traversers/Container
instanceKlass com/sun/org/apache/xerces/internal/impl/xs/traversers/OneAttr
instanceKlass com/sun/org/apache/xerces/internal/impl/xs/util/XInt
instanceKlass com/sun/org/apache/xerces/internal/impl/xs/util/XIntPool
instanceKlass com/sun/org/apache/xerces/internal/impl/xs/traversers/XSAttributeChecker
instanceKlass com/sun/org/apache/xerces/internal/impl/xs/traversers/XSDHandler$XSDKey
instanceKlass com/sun/org/apache/xerces/internal/util/DOMUtil
instanceKlass org/w3c/dom/Attr
instanceKlass com/sun/org/apache/xerces/internal/impl/xs/opti/DefaultNode
instanceKlass org/w3c/dom/Document
instanceKlass javax/xml/catalog/CatalogMessages
instanceKlass javax/xml/catalog/Util
instanceKlass javax/xml/catalog/CatalogFeatures$Builder
instanceKlass javax/xml/catalog/CatalogFeatures
instanceKlass com/sun/org/apache/xerces/internal/impl/xs/XMLSchemaValidator$LocalIDKey
instanceKlass com/sun/org/apache/xerces/internal/impl/xs/XMLSchemaValidator$ValueStoreCache
instanceKlass com/sun/org/apache/xerces/internal/util/IntStack
instanceKlass com/sun/org/apache/xerces/internal/impl/xs/identity/XPathMatcher
instanceKlass com/sun/org/apache/xerces/internal/impl/xs/XMLSchemaValidator$XPathMatcherStack
instanceKlass com/sun/org/apache/xerces/internal/impl/xs/XSNotationDecl
instanceKlass com/sun/org/apache/xerces/internal/xs/XSNotationDeclaration
instanceKlass com/sun/org/apache/xerces/internal/impl/xs/opti/SchemaDOMParser$BooleanStack
instanceKlass com/sun/org/apache/xerces/internal/impl/xs/opti/DefaultXMLDocumentHandler
instanceKlass com/sun/org/apache/xerces/internal/impl/xs/traversers/XSDocumentInfo
instanceKlass org/w3c/dom/Element
instanceKlass org/w3c/dom/Node
instanceKlass com/sun/org/apache/xerces/internal/impl/xs/traversers/XSDHandler
instanceKlass com/sun/org/apache/xerces/internal/impl/xs/XSMessageFormatter
instanceKlass com/sun/org/apache/xerces/internal/util/DefaultErrorHandler
instanceKlass com/sun/org/apache/xerces/internal/impl/xs/XMLSchemaLoader
instanceKlass org/w3c/dom/DOMConfiguration
instanceKlass com/sun/org/apache/xerces/internal/xs/XSLoader
instanceKlass com/sun/org/apache/xerces/internal/xni/grammars/XMLGrammarLoader
instanceKlass com/sun/org/apache/xerces/internal/impl/xs/models/XSEmptyCM
instanceKlass com/sun/org/apache/xerces/internal/impl/xs/models/XSCMValidator
instanceKlass com/sun/org/apache/xerces/internal/impl/xs/models/CMBuilder
instanceKlass com/sun/org/apache/xerces/internal/impl/xs/models/CMNodeFactory
instanceKlass com/sun/org/apache/xerces/internal/impl/xs/SubstitutionGroupHandler$OneSubGroup
instanceKlass com/sun/org/apache/xerces/internal/impl/xs/SubstitutionGroupHandler
instanceKlass com/sun/org/apache/xerces/internal/impl/xs/XSGrammarBucket
instanceKlass com/sun/org/apache/xerces/internal/impl/xs/XMLSchemaValidator$XSIErrorReporter
instanceKlass com/sun/org/apache/xerces/internal/impl/xs/ElementPSVImpl
instanceKlass com/sun/org/apache/xerces/internal/xs/ElementPSVI
instanceKlass com/sun/org/apache/xerces/internal/xs/ItemPSVI
instanceKlass com/sun/org/apache/xerces/internal/impl/xs/XSAttributeDecl
instanceKlass com/sun/org/apache/xerces/internal/xs/XSAttributeDeclaration
instanceKlass com/sun/org/apache/xerces/internal/xni/grammars/XMLSchemaDescription
instanceKlass com/sun/org/apache/xerces/internal/impl/xpath/regex/Token
instanceKlass java/util/ResourceBundle$3
instanceKlass java/util/ResourceBundle$CacheKeyReference
instanceKlass java/util/ResourceBundle$CacheKey
instanceKlass java/lang/invoke/MethodHandle$1
instanceKlass com/sun/org/apache/xerces/internal/impl/xpath/regex/RegexParser
instanceKlass com/sun/org/apache/xerces/internal/impl/xpath/regex/REUtil
instanceKlass com/sun/org/apache/xerces/internal/impl/xpath/regex/RegularExpression
instanceKlass com/sun/org/apache/xerces/internal/impl/dv/xs/DecimalDV$XDecimal
instanceKlass com/sun/org/apache/xerces/internal/xs/datatypes/XSDecimal
instanceKlass com/sun/org/apache/xerces/internal/impl/dv/ValidatedInfo
instanceKlass com/sun/org/apache/xerces/internal/xs/XSValue
instanceKlass com/sun/org/apache/xerces/internal/impl/dv/XSFacets
instanceKlass com/sun/org/apache/xerces/internal/impl/dv/xs/XSSimpleTypeDecl$4
instanceKlass com/sun/org/apache/xerces/internal/impl/dv/xs/XSSimpleTypeDecl$1
instanceKlass com/sun/org/apache/xerces/internal/impl/dv/xs/AbstractDateTimeDV$DateTimeData
instanceKlass com/sun/org/apache/xerces/internal/xs/datatypes/XSDateTime
instanceKlass javax/xml/datatype/DatatypeFactory
instanceKlass com/sun/org/apache/xerces/internal/impl/dv/xs/TypeValidator
instanceKlass com/sun/org/apache/xerces/internal/impl/dv/xs/XSSimpleTypeDecl
instanceKlass com/sun/org/apache/xerces/internal/impl/dv/XSSimpleType
instanceKlass com/sun/org/apache/xerces/internal/xs/XSSimpleTypeDefinition
instanceKlass com/sun/org/apache/xerces/internal/util/SymbolHash$Entry
instanceKlass com/sun/org/apache/xerces/internal/util/SymbolHash
instanceKlass com/sun/org/apache/xerces/internal/utils/ObjectFactory
instanceKlass com/sun/org/apache/xerces/internal/impl/dv/SchemaDVFactory
instanceKlass com/sun/org/apache/xerces/internal/impl/xs/XSElementDecl
instanceKlass com/sun/org/apache/xerces/internal/xs/XSElementDeclaration
instanceKlass com/sun/org/apache/xerces/internal/impl/xs/XSGroupDecl
instanceKlass com/sun/org/apache/xerces/internal/xs/XSModelGroupDefinition
instanceKlass com/sun/org/apache/xerces/internal/impl/xs/util/SimpleLocator
instanceKlass com/sun/org/apache/xerces/internal/impl/xs/XSAttributeUseImpl
instanceKlass com/sun/org/apache/xerces/internal/xs/XSAttributeUse
instanceKlass com/sun/org/apache/xerces/internal/impl/xs/XSAttributeGroupDecl
instanceKlass com/sun/org/apache/xerces/internal/xs/XSAttributeGroupDefinition
instanceKlass com/sun/org/apache/xerces/internal/impl/xs/XSModelGroupImpl
instanceKlass com/sun/org/apache/xerces/internal/xs/XSModelGroup
instanceKlass com/sun/org/apache/xerces/internal/impl/xs/XSParticleDecl
instanceKlass com/sun/org/apache/xerces/internal/xs/XSParticle
instanceKlass com/sun/org/apache/xerces/internal/impl/xs/XSWildcardDecl
instanceKlass com/sun/org/apache/xerces/internal/xs/XSWildcard
instanceKlass com/sun/org/apache/xerces/internal/xs/XSTerm
instanceKlass com/sun/org/apache/xerces/internal/impl/xs/SchemaSymbols
instanceKlass com/sun/org/apache/xerces/internal/impl/xs/XSComplexTypeDecl
instanceKlass org/w3c/dom/TypeInfo
instanceKlass com/sun/org/apache/xerces/internal/xs/XSComplexTypeDefinition
instanceKlass com/sun/org/apache/xerces/internal/xs/XSTypeDefinition
instanceKlass com/sun/org/apache/xerces/internal/xs/XSObject
instanceKlass com/sun/org/apache/xerces/internal/impl/xs/SchemaGrammar
instanceKlass com/sun/org/apache/xerces/internal/xs/XSNamespaceItem
instanceKlass com/sun/org/apache/xerces/internal/xni/grammars/XSGrammar
instanceKlass com/sun/org/apache/xerces/internal/xni/grammars/Grammar
instanceKlass com/sun/org/apache/xerces/internal/impl/xs/XMLSchemaValidator
instanceKlass com/sun/org/apache/xerces/internal/impl/xs/XSElementDeclHelper
instanceKlass com/sun/org/apache/xerces/internal/impl/xs/identity/FieldActivator
instanceKlass org/apache/ivy/util/XMLHelper
instanceKlass org/apache/ivy/util/url/URLHandler$URLInfo
instanceKlass org/apache/ivy/plugins/repository/ResourceHelper
instanceKlass org/apache/ivy/core/module/descriptor/ExtendsDescriptor
instanceKlass org/apache/ivy/plugins/repository/url/URLResource
instanceKlass org/apache/ivy/plugins/repository/LocalizableResource
instanceKlass org/apache/ivy/core/cache/ParserSettingsMonitor$1
instanceKlass org/apache/ivy/core/cache/ParserSettingsMonitor
instanceKlass org/apache/ivy/core/cache/DefaultRepositoryCacheManager$MyModuleDescriptorProvider
instanceKlass org/apache/ivy/core/cache/ModuleDescriptorMemoryCache
instanceKlass org/apache/ivy/core/IvyPatternHelper$OriginalArtifactNameValue
instanceKlass org/apache/ivy/core/IvyPatternHelper$Validated
instanceKlass org/apache/ivy/plugins/matcher/NoMatcher
instanceKlass org/apache/ivy/plugins/resolver/AbstractResolver$1
instanceKlass org/apache/ivy/core/cache/CacheDownloadOptions
instanceKlass org/apache/ivy/core/settings/IvySettings$1
instanceKlass org/apache/ivy/core/settings/IvySettings$3
instanceKlass org/apache/ivy/core/resolve/IvyNodeEviction$ModuleIdConf
instanceKlass java/util/LinkedList$ListItr
instanceKlass org/apache/ivy/core/resolve/IvyNodeCallers$Caller
instanceKlass org/apache/ivy/core/resolve/IvyNodeUsage$NodeConf
instanceKlass org/apache/oro/text/regex/Perl5Repetition
instanceKlass org/apache/oro/text/regex/MatchResult
instanceKlass org/apache/oro/text/regex/Perl5Matcher
instanceKlass org/apache/oro/text/regex/PatternMatcher
instanceKlass org/apache/oro/text/regex/Perl5Pattern
instanceKlass org/apache/oro/text/regex/OpCode
instanceKlass org/apache/oro/text/regex/CharStringPointer
instanceKlass org/apache/oro/text/regex/Pattern
instanceKlass org/apache/oro/text/regex/Perl5Compiler
instanceKlass org/apache/oro/text/GlobCompiler
instanceKlass org/apache/oro/text/regex/PatternCompiler
instanceKlass org/apache/ivy/plugins/matcher/GlobPatternMatcher$GlobMatcher
instanceKlass org/apache/ivy/plugins/matcher/AnyMatcher
instanceKlass org/apache/ivy/plugins/matcher/MatcherHelper
instanceKlass org/apache/ivy/core/settings/IvySettings$4
instanceKlass org/apache/ivy/plugins/version/VersionRangeMatcher$1
instanceKlass org/apache/ivy/core/resolve/VisitData
instanceKlass org/apache/ivy/core/resolve/VisitNode
instanceKlass org/apache/ivy/core/report/ConfigurationResolveReport
instanceKlass org/apache/ivy/core/resolve/IvyNodeCallers
instanceKlass org/apache/ivy/core/resolve/IvyNodeEviction
instanceKlass org/apache/ivy/core/module/descriptor/IncludeRule
instanceKlass org/apache/ivy/core/resolve/IvyNodeUsage
instanceKlass org/apache/ivy/core/resolve/IvyNode
instanceKlass org/apache/ivy/core/report/ResolveReport
instanceKlass org/apache/ivy/util/ConfigurationUtils
instanceKlass org/apache/ivy/core/module/descriptor/DefaultDependencyDescriptor
instanceKlass org/apache/ivy/core/module/descriptor/ConfigurationAware
instanceKlass org/apache/ivy/util/filter/NoFilter
instanceKlass org/apache/ivy/util/filter/FilterHelper
instanceKlass scala/collection/mutable/Builder$$anon$1
instanceKlass scala/Proxy
instanceKlass scala/FallbackArrayBuilding$$anon$1
instanceKlass scala/Predef$DummyImplicit
instanceKlass scala/Predef$DummyImplicit$
instanceKlass org/apache/spark/deploy/SparkSubmitUtils$MavenCoordinate
instanceKlass org/apache/ivy/core/module/id/ArtifactId
instanceKlass org/apache/ivy/core/module/descriptor/AbstractArtifact
instanceKlass org/apache/ivy/core/module/descriptor/Configuration$Visibility
instanceKlass org/apache/ivy/plugins/parser/AbstractModuleDescriptorParser
instanceKlass org/apache/ivy/core/module/status/Status
instanceKlass org/apache/ivy/plugins/namespace/Namespace$2
instanceKlass org/apache/ivy/plugins/namespace/Namespace$1
instanceKlass org/apache/ivy/plugins/namespace/NamespaceTransformer
instanceKlass org/apache/ivy/core/pack/PackagingManager
instanceKlass org/apache/ivy/core/cache/ModuleDescriptorProvider
instanceKlass org/apache/ivy/core/report/ArtifactDownloadReport
instanceKlass org/apache/ivy/core/settings/IvyPattern
instanceKlass org/apache/ivy/core/search/RevisionEntry
instanceKlass org/apache/ivy/core/cache/ArtifactOrigin
instanceKlass org/apache/ivy/core/resolve/ResolvedModuleRevision
instanceKlass org/apache/ivy/core/resolve/ResolveData
instanceKlass org/apache/ivy/core/report/DownloadReport
instanceKlass org/apache/ivy/core/search/ModuleEntry
instanceKlass org/apache/ivy/core/search/OrganisationEntry
instanceKlass org/apache/ivy/util/Configurator$MacroRecord
instanceKlass org/apache/ivy/util/Configurator$Macro
instanceKlass org/apache/ivy/util/Configurator$MacroDef
instanceKlass org/apache/ivy/util/Configurator$ObjectDescriptor
instanceKlass org/apache/ivy/core/settings/XmlSettingsParser$IvyVariableContainerWrapper
instanceKlass org/apache/ivy/util/StringUtils
instanceKlass com/sun/org/apache/xerces/internal/impl/Constants$ArrayEnumeration
instanceKlass com/sun/org/apache/xerces/internal/impl/Constants
instanceKlass com/sun/org/apache/xerces/internal/util/XMLChar
instanceKlass com/sun/org/apache/xerces/internal/parsers/AbstractSAXParser$LocatorProxy
instanceKlass org/xml/sax/ext/Locator2
instanceKlass org/xml/sax/Locator
instanceKlass com/sun/org/apache/xerces/internal/util/XMLSymbols
instanceKlass com/sun/xml/internal/stream/Entity
instanceKlass com/sun/xml/internal/stream/util/BufferAllocator
instanceKlass com/sun/xml/internal/stream/util/ThreadLocalBufferAllocator
instanceKlass com/sun/org/apache/xerces/internal/impl/XMLEntityManager$EncodingInfo
instanceKlass com/sun/org/apache/xerces/internal/util/URI
instanceKlass com/sun/org/apache/xerces/internal/utils/XMLLimitAnalyzer
instanceKlass com/sun/org/apache/xerces/internal/xni/parser/XMLInputSource
instanceKlass com/sun/org/apache/xerces/internal/util/ErrorHandlerWrapper
instanceKlass com/sun/org/apache/xerces/internal/xni/parser/XMLErrorHandler
instanceKlass com/sun/org/apache/xerces/internal/impl/ExternalSubsetResolver
instanceKlass com/sun/org/apache/xerces/internal/util/EntityResolverWrapper
instanceKlass org/xml/sax/ext/EntityResolver2
instanceKlass com/sun/org/apache/xerces/internal/parsers/AbstractSAXParser$AttributesProxy
instanceKlass org/xml/sax/ext/Attributes2
instanceKlass org/xml/sax/Attributes
instanceKlass org/xml/sax/AttributeList
instanceKlass com/sun/org/apache/xerces/internal/util/FeatureState
instanceKlass com/sun/org/apache/xerces/internal/util/PropertyState
instanceKlass com/sun/org/apache/xerces/internal/impl/msg/XMLMessageFormatter
instanceKlass com/sun/org/apache/xerces/internal/util/MessageFormatter
instanceKlass com/sun/org/apache/xerces/internal/impl/XMLVersionDetector
instanceKlass com/sun/org/apache/xerces/internal/impl/validation/ValidationManager
instanceKlass com/sun/org/apache/xerces/internal/impl/dv/dtd/NMTOKENDatatypeValidator
instanceKlass com/sun/org/apache/xerces/internal/impl/dv/dtd/NOTATIONDatatypeValidator
instanceKlass com/sun/org/apache/xerces/internal/impl/dv/dtd/ENTITYDatatypeValidator
instanceKlass com/sun/org/apache/xerces/internal/impl/dv/dtd/ListDatatypeValidator
instanceKlass com/sun/org/apache/xerces/internal/impl/dv/dtd/IDREFDatatypeValidator
instanceKlass com/sun/org/apache/xerces/internal/impl/dv/dtd/IDDatatypeValidator
instanceKlass com/sun/org/apache/xerces/internal/impl/dv/dtd/StringDatatypeValidator
instanceKlass com/sun/org/apache/xerces/internal/impl/dv/DatatypeValidator
instanceKlass com/sun/org/apache/xerces/internal/impl/dv/DTDDVFactory
instanceKlass com/sun/org/apache/xerces/internal/impl/dtd/DTDGrammarBucket
instanceKlass com/sun/org/apache/xerces/internal/impl/dtd/XMLAttributeDecl
instanceKlass com/sun/org/apache/xerces/internal/impl/dtd/XMLSimpleType
instanceKlass com/sun/org/apache/xerces/internal/impl/dtd/XMLElementDecl
instanceKlass com/sun/org/apache/xerces/internal/impl/validation/ValidationState
instanceKlass com/sun/org/apache/xerces/internal/impl/dv/ValidationContext
instanceKlass com/sun/org/apache/xerces/internal/impl/dtd/XMLDTDValidator
instanceKlass com/sun/org/apache/xerces/internal/impl/RevalidationHandler
instanceKlass com/sun/org/apache/xerces/internal/impl/dtd/XMLDTDValidatorFilter
instanceKlass com/sun/org/apache/xerces/internal/xni/parser/XMLDocumentFilter
instanceKlass com/sun/org/apache/xerces/internal/impl/dtd/XMLEntityDecl
instanceKlass com/sun/org/apache/xerces/internal/impl/dtd/XMLDTDProcessor
instanceKlass com/sun/org/apache/xerces/internal/xni/parser/XMLDTDContentModelFilter
instanceKlass com/sun/org/apache/xerces/internal/xni/parser/XMLDTDFilter
instanceKlass com/sun/org/apache/xerces/internal/xni/parser/XMLDTDScanner
instanceKlass com/sun/org/apache/xerces/internal/xni/parser/XMLDTDContentModelSource
instanceKlass com/sun/org/apache/xerces/internal/xni/parser/XMLDTDSource
instanceKlass com/sun/org/apache/xerces/internal/xni/grammars/XMLDTDDescription
instanceKlass com/sun/org/apache/xerces/internal/xni/grammars/XMLGrammarDescription
instanceKlass com/sun/org/apache/xerces/internal/impl/XMLDocumentScannerImpl$TrailingMiscDriver
instanceKlass com/sun/org/apache/xerces/internal/impl/XMLDocumentScannerImpl$PrologDriver
instanceKlass com/sun/org/apache/xerces/internal/impl/XMLDocumentScannerImpl$XMLDeclDriver
instanceKlass com/sun/org/apache/xerces/internal/util/NamespaceSupport
instanceKlass com/sun/org/apache/xerces/internal/xni/NamespaceContext
instanceKlass com/sun/org/apache/xerces/internal/util/XMLAttributesImpl$Attribute
instanceKlass com/sun/org/apache/xerces/internal/util/XMLAttributesImpl
instanceKlass com/sun/org/apache/xerces/internal/xni/XMLAttributes
instanceKlass com/sun/org/apache/xerces/internal/impl/XMLDocumentFragmentScannerImpl$FragmentContentDriver
instanceKlass com/sun/org/apache/xerces/internal/impl/XMLDocumentFragmentScannerImpl$Driver
instanceKlass com/sun/org/apache/xerces/internal/impl/XMLDocumentFragmentScannerImpl$ElementStack2
instanceKlass com/sun/org/apache/xerces/internal/xni/QName
instanceKlass com/sun/org/apache/xerces/internal/impl/XMLDocumentFragmentScannerImpl$ElementStack
instanceKlass com/sun/org/apache/xerces/internal/xni/XMLString
instanceKlass com/sun/org/apache/xerces/internal/impl/XMLScanner
instanceKlass com/sun/xml/internal/stream/XMLBufferListener
instanceKlass com/sun/org/apache/xerces/internal/impl/XMLEntityHandler
instanceKlass com/sun/org/apache/xerces/internal/xni/parser/XMLDocumentScanner
instanceKlass com/sun/org/apache/xerces/internal/xni/parser/XMLDocumentSource
instanceKlass com/sun/org/apache/xerces/internal/impl/XMLErrorReporter
instanceKlass com/sun/org/apache/xerces/internal/impl/XMLEntityScanner
instanceKlass com/sun/org/apache/xerces/internal/xni/XMLLocator
instanceKlass com/sun/xml/internal/stream/XMLEntityStorage
instanceKlass com/sun/org/apache/xerces/internal/util/AugmentationsImpl$AugmentationsItemsContainer
instanceKlass com/sun/org/apache/xerces/internal/util/AugmentationsImpl
instanceKlass com/sun/org/apache/xerces/internal/xni/Augmentations
instanceKlass com/sun/org/apache/xerces/internal/util/XMLResourceIdentifierImpl
instanceKlass com/sun/org/apache/xerces/internal/xni/XMLResourceIdentifier
instanceKlass com/sun/org/apache/xerces/internal/impl/XMLEntityManager
instanceKlass com/sun/org/apache/xerces/internal/xni/parser/XMLEntityResolver
instanceKlass com/sun/org/apache/xerces/internal/xni/parser/XMLComponent
instanceKlass com/sun/org/apache/xerces/internal/util/SymbolTable$Entry
instanceKlass com/sun/org/apache/xerces/internal/util/SymbolTable
instanceKlass jdk/xml/internal/JdkConstants
instanceKlass jdk/xml/internal/JdkXmlUtils
instanceKlass com/sun/org/apache/xerces/internal/util/ParserConfigurationSettings
instanceKlass com/sun/org/apache/xerces/internal/parsers/XML11Configurable
instanceKlass com/sun/org/apache/xerces/internal/xni/parser/XMLPullParserConfiguration
instanceKlass com/sun/org/apache/xerces/internal/xni/parser/XMLParserConfiguration
instanceKlass com/sun/org/apache/xerces/internal/xni/parser/XMLComponentManager
instanceKlass com/sun/org/apache/xerces/internal/parsers/XMLParser
instanceKlass com/sun/org/apache/xerces/internal/xni/XMLDTDContentModelHandler
instanceKlass com/sun/org/apache/xerces/internal/xni/XMLDTDHandler
instanceKlass com/sun/org/apache/xerces/internal/xni/XMLDocumentHandler
instanceKlass org/xml/sax/XMLReader
instanceKlass org/xml/sax/Parser
instanceKlass com/sun/org/apache/xerces/internal/utils/XMLSecurityPropertyManager
instanceKlass com/sun/org/apache/xerces/internal/utils/XMLSecurityManager
instanceKlass javax/xml/parsers/SAXParser
instanceKlass com/sun/org/apache/xerces/internal/xs/PSVIProvider
instanceKlass com/sun/org/apache/xerces/internal/jaxp/JAXPConstants
instanceKlass javax/xml/parsers/FactoryFinder$1
instanceKlass jdk/xml/internal/SecuritySupport
instanceKlass javax/xml/parsers/FactoryFinder
instanceKlass javax/xml/parsers/SAXParserFactory
instanceKlass org/xml/sax/InputSource
instanceKlass sun/net/www/MimeEntry
instanceKlass sun/net/www/MimeTable$DefaultInstanceHolder$1
instanceKlass sun/net/www/MimeTable$DefaultInstanceHolder
instanceKlass sun/net/www/MimeTable$1
instanceKlass sun/net/www/MimeTable
instanceKlass java/net/URLConnection$1
instanceKlass java/net/FileNameMap
instanceKlass sun/net/DefaultProgressMeteringPolicy
instanceKlass sun/net/ProgressMeteringPolicy
instanceKlass sun/net/ProgressMonitor
instanceKlass org/apache/ivy/util/url/AbstractURLHandler
instanceKlass org/apache/ivy/util/url/TimeoutConstrainedURLHandler
instanceKlass org/apache/ivy/util/url/URLHandler
instanceKlass org/apache/ivy/util/url/URLHandlerRegistry
instanceKlass org/apache/ivy/core/settings/XmlSettingsParser$1
instanceKlass org/apache/ivy/util/FileResolver$1
instanceKlass org/apache/ivy/util/Configurator
instanceKlass org/apache/ivy/util/FileResolver
instanceKlass org/apache/ivy/Ivy$1
instanceKlass org/apache/ivy/core/repository/RepositoryManagementEngine
instanceKlass org/apache/ivy/core/install/InstallEngine
instanceKlass org/apache/ivy/core/publish/PublishEngine
instanceKlass org/apache/ivy/core/deliver/DeliverEngine
instanceKlass org/apache/ivy/core/retrieve/RetrieveEngine
instanceKlass org/apache/ivy/core/resolve/ResolveEngine
instanceKlass org/apache/ivy/core/search/SearchEngine
instanceKlass org/apache/ivy/core/sort/SortEngine
instanceKlass org/apache/ivy/core/event/IvyEvent
instanceKlass org/apache/ivy/core/event/EventManager
instanceKlass org/apache/ivy/util/MessageLoggerEngine
instanceKlass org/apache/ivy/core/module/status/StatusManager
instanceKlass org/apache/ivy/core/module/descriptor/DefaultModuleDescriptor
instanceKlass org/apache/ivy/core/module/id/ModuleId
instanceKlass org/apache/ivy/util/extendable/UnmodifiableExtendableItem
instanceKlass sun/security/provider/AbstractDrbg$NonceProvider
instanceKlass sun/nio/fs/BasicFileAttributesHolder
instanceKlass sun/nio/fs/WindowsDirectoryStream$WindowsDirectoryIterator
instanceKlass sun/nio/fs/WindowsDirectoryStream
instanceKlass java/nio/file/DirectoryStream
instanceKlass java/nio/file/Files$AcceptAllFilter
instanceKlass java/nio/file/DirectoryStream$Filter
instanceKlass java/net/NetworkInterface$1
instanceKlass java/net/DefaultInterface
instanceKlass java/net/InterfaceAddress
instanceKlass java/net/NetworkInterface
instanceKlass java/lang/constant/DynamicConstantDesc
instanceKlass java/lang/constant/DirectMethodHandleDesc$1
instanceKlass java/lang/constant/DirectMethodHandleDescImpl$1
instanceKlass java/lang/constant/DirectMethodHandleDescImpl
instanceKlass java/lang/constant/DirectMethodHandleDesc
instanceKlass java/lang/constant/MethodHandleDesc$1
instanceKlass java/lang/constant/MethodHandleDesc
instanceKlass java/lang/constant/MethodTypeDescImpl
instanceKlass java/lang/constant/MethodTypeDesc
instanceKlass java/lang/constant/ReferenceClassDescImpl
instanceKlass java/lang/constant/ConstantUtils
instanceKlass java/lang/constant/ClassDesc
instanceKlass java/lang/constant/ConstantDescs
instanceKlass java/lang/invoke/VarHandle$2
instanceKlass java/lang/invoke/VarHandle$TypesAndInvokers
instanceKlass java/lang/invoke/VarHandleByteArrayBase
instanceKlass sun/security/provider/ByteArrayAccess$BE
instanceKlass sun/security/provider/ByteArrayAccess
instanceKlass sun/security/provider/SeedGenerator$1
instanceKlass sun/security/util/MessageDigestSpi2
instanceKlass sun/security/jca/GetInstance$Instance
instanceKlass sun/security/jca/GetInstance
instanceKlass sun/security/util/CryptoAlgorithmConstraints$CryptoHolder
instanceKlass sun/security/util/AbstractAlgorithmConstraints
instanceKlass java/security/AlgorithmConstraints
instanceKlass java/security/MessageDigestSpi
instanceKlass sun/security/provider/SeedGenerator
instanceKlass sun/security/provider/AbstractDrbg$SeederHolder
instanceKlass java/security/DrbgParameters$NextBytes
instanceKlass sun/security/provider/EntropySource
instanceKlass sun/security/provider/AbstractDrbg
instanceKlass java/security/DrbgParameters$Instantiation
instanceKlass java/security/DrbgParameters
instanceKlass sun/security/provider/MoreDrbgParameters
instanceKlass java/security/SecureRandomSpi
instanceKlass jdk/internal/event/Event
instanceKlass sun/security/util/SecurityProviderConstants
instanceKlass java/security/Provider$UString
instanceKlass java/security/Provider$Service
instanceKlass sun/security/provider/NativePRNG$NonBlocking
instanceKlass sun/security/provider/NativePRNG$Blocking
instanceKlass sun/security/provider/NativePRNG
instanceKlass sun/security/provider/SunEntries$1
instanceKlass sun/security/provider/SunEntries
instanceKlass sun/security/jca/ProviderList$2
instanceKlass javax/security/auth/login/Configuration$Parameters
instanceKlass java/security/Policy$Parameters
instanceKlass java/security/cert/CertStoreParameters
instanceKlass java/security/SecureRandomParameters
instanceKlass java/security/Provider$EngineDescription
instanceKlass java/security/Provider$ServiceKey
instanceKlass sun/security/jca/ProviderConfig
instanceKlass sun/security/jca/ProviderList
instanceKlass sun/security/jca/Providers
instanceKlass java/util/UUID$Holder
instanceKlass org/apache/ivy/util/FileUtil$DissectedPath
instanceKlass java/util/BitSet$1BitSetSpliterator
instanceKlass java/util/BitSet
instanceKlass org/apache/ivy/util/FileUtil
instanceKlass org/apache/ivy/util/Checks
instanceKlass org/apache/spark/internal/config/Tests$
instanceKlass org/apache/ivy/plugins/resolver/LazyTimeoutConstraint
instanceKlass org/apache/ivy/util/HostUtil
instanceKlass org/apache/ivy/plugins/resolver/BasicResolver$6
instanceKlass org/apache/ivy/plugins/resolver/BasicResolver$5
instanceKlass org/apache/ivy/util/url/ApacheURLLister
instanceKlass org/apache/ivy/plugins/repository/RepositoryCopyProgressListener
instanceKlass javax/swing/event/EventListenerList
instanceKlass org/apache/ivy/util/CopyProgressListener
instanceKlass org/apache/ivy/plugins/repository/AbstractRepository
instanceKlass org/apache/ivy/plugins/repository/TransferListener
instanceKlass org/apache/ivy/plugins/repository/Resource
instanceKlass org/apache/ivy/core/cache/ModuleDescriptorWriter
instanceKlass org/apache/ivy/plugins/resolver/util/ResourceMDParser
instanceKlass org/apache/ivy/plugins/resolver/util/ResolvedResource
instanceKlass org/apache/ivy/plugins/repository/ResourceDownloader
instanceKlass org/apache/ivy/plugins/repository/ArtifactResourceResolver
instanceKlass org/apache/ivy/core/cache/DownloadListener
instanceKlass org/apache/ivy/plugins/circular/AbstractCircularDependencyStrategy
instanceKlass org/apache/ivy/plugins/circular/CircularDependencyStrategy
instanceKlass org/apache/ivy/plugins/report/XmlReportWriter
instanceKlass org/apache/ivy/plugins/report/XmlReportOutputter
instanceKlass org/apache/ivy/plugins/report/LogReportOutputter
instanceKlass org/apache/ivy/plugins/matcher/Matcher
instanceKlass org/apache/ivy/plugins/matcher/AbstractPatternMatcher
instanceKlass org/apache/ivy/plugins/lock/FileBasedLockStrategy$NIOFileLocker
instanceKlass org/apache/ivy/plugins/lock/FileBasedLockStrategy$CreateFileLocker
instanceKlass org/apache/ivy/plugins/lock/FileBasedLockStrategy$FileLocker
instanceKlass org/apache/ivy/plugins/lock/AbstractLockStrategy
instanceKlass org/apache/ivy/osgi/core/OsgiLatestStrategy$ArtifactInfoComparator
instanceKlass org/apache/ivy/osgi/core/OsgiLatestStrategy$MridComparator
instanceKlass org/apache/ivy/plugins/latest/LatestTimeStrategy$1
instanceKlass org/apache/ivy/plugins/latest/LatestRevisionStrategy$ArtifactInfoComparator
instanceKlass org/apache/ivy/plugins/latest/LatestRevisionStrategy$MridComparator
instanceKlass org/apache/ivy/plugins/latest/LatestLexicographicStrategy$1
instanceKlass org/apache/ivy/plugins/namespace/Namespace
instanceKlass org/apache/ivy/osgi/core/OSGiManifestParser
instanceKlass org/apache/ivy/plugins/parser/ModuleDescriptorParser
instanceKlass org/apache/ivy/core/cache/DefaultRepositoryCacheManager
instanceKlass org/apache/ivy/plugins/latest/AbstractLatestStrategy
instanceKlass org/apache/ivy/plugins/signer/bouncycastle/OpenPGPSignatureGenerator
instanceKlass org/apache/ivy/plugins/signer/SignatureGenerator
instanceKlass org/apache/ivy/plugins/version/AbstractVersionMatcher
instanceKlass org/apache/ivy/core/settings/NamedTimeoutConstraint
instanceKlass org/apache/ivy/core/settings/TimeoutConstraint
instanceKlass org/apache/ivy/plugins/conflict/AbstractConflictManager
instanceKlass org/apache/ivy/plugins/IvySettingsAware
instanceKlass org/apache/ivy/plugins/trigger/AbstractTrigger
instanceKlass org/apache/ivy/plugins/trigger/Trigger
instanceKlass org/apache/ivy/core/event/IvyListener
instanceKlass org/apache/ivy/plugins/resolver/AbstractResolver
instanceKlass org/apache/ivy/core/settings/Validatable
instanceKlass org/apache/ivy/plugins/resolver/util/HasLatestStrategy
instanceKlass org/apache/ivy/Ivy
instanceKlass org/apache/ivy/core/module/descriptor/Artifact
instanceKlass org/apache/ivy/core/IvyPatternHelper
instanceKlass org/apache/ivy/core/IvyContext
instanceKlass org/apache/ivy/util/AbstractMessageLogger
instanceKlass org/apache/ivy/util/MessageLogger
instanceKlass org/apache/ivy/util/Message
instanceKlass org/xml/sax/helpers/DefaultHandler
instanceKlass org/xml/sax/ErrorHandler
instanceKlass org/xml/sax/ContentHandler
instanceKlass org/xml/sax/DTDHandler
instanceKlass org/xml/sax/EntityResolver
instanceKlass org/apache/ivy/core/pack/ArchivePacking
instanceKlass org/apache/ivy/core/pack/PackingRegistry
instanceKlass org/apache/ivy/core/module/id/MatcherLookup
instanceKlass org/apache/ivy/core/module/id/ModuleRules
instanceKlass org/apache/ivy/core/settings/IvyVariableContainerImpl
instanceKlass org/apache/ivy/util/filter/Filter
instanceKlass org/apache/ivy/plugins/version/VersionMatcher
instanceKlass org/apache/ivy/core/cache/RepositoryCacheManager
instanceKlass org/apache/ivy/core/RelativeUrlResolver
instanceKlass org/apache/ivy/core/cache/ResolutionCacheManager
instanceKlass org/apache/ivy/plugins/report/ReportOutputter
instanceKlass org/apache/ivy/plugins/conflict/ConflictManager
instanceKlass org/apache/ivy/plugins/lock/LockStrategy
instanceKlass org/apache/ivy/plugins/latest/LatestStrategy
instanceKlass org/apache/ivy/core/settings/IvyVariableContainer
instanceKlass org/apache/ivy/core/settings/IvySettings
instanceKlass org/apache/ivy/core/repository/RepositoryManagementEngineSettings
instanceKlass org/apache/ivy/core/retrieve/RetrieveEngineSettings
instanceKlass org/apache/ivy/core/resolve/ResolveEngineSettings
instanceKlass org/apache/ivy/plugins/resolver/ResolverSettings
instanceKlass org/apache/ivy/core/install/InstallEngineSettings
instanceKlass org/apache/ivy/core/check/CheckEngineSettings
instanceKlass org/apache/ivy/core/deliver/DeliverEngineSettings
instanceKlass org/apache/ivy/core/publish/PublishEngineSettings
instanceKlass org/apache/ivy/plugins/parser/ParserSettings
instanceKlass org/apache/ivy/core/sort/SortEngineSettings
instanceKlass java/lang/Character$Subset
instanceKlass org/apache/commons/lang3/StringUtils
instanceKlass org/apache/spark/util/DependencyUtils$
instanceKlass org/apache/spark/internal/config/SystemProvider
instanceKlass org/apache/spark/internal/config/EnvProvider
instanceKlass org/apache/spark/internal/config/SparkConfigProvider
instanceKlass org/apache/spark/internal/config/ConfigReader
instanceKlass org/apache/spark/internal/config/Kryo$
instanceKlass scala/runtime/java8/JFunction0$mcI$sp
instanceKlass scala/collection/immutable/TreeSet
instanceKlass scala/collection/immutable/NewRedBlackTree$Tree
instanceKlass scala/collection/immutable/NewRedBlackTree$
instanceKlass scala/collection/immutable/NewRedBlackTree$Helper
instanceKlass scala/collection/generic/SortedSetFactory$SortedSetCanBuildFrom
instanceKlass scala/math/Ordering$String$
instanceKlass scala/math/Ordering$StringOrdering
instanceKlass scala/collection/generic/SortedSetFactory
instanceKlass scala/collection/mutable/SortedSet
instanceKlass scala/Enumeration$ValueSet$$anon$1
instanceKlass scala/collection/generic/BitSetFactory$$anon$1
instanceKlass scala/collection/BitSet
instanceKlass scala/collection/BitSetLike
instanceKlass scala/collection/immutable/BitSet$
instanceKlass scala/collection/generic/BitSetFactory
instanceKlass org/apache/spark/internal/config/History$
instanceKlass scala/runtime/AbstractFunction3
instanceKlass scala/Function3
instanceKlass org/apache/spark/SparkConf$AlternateConfig
instanceKlass scala/Predef$ArrowAssoc$
instanceKlass org/apache/spark/SparkConf$DeprecatedConfig
instanceKlass org/apache/spark/SparkConf$
instanceKlass scala/collection/TraversableLike$WithFilter
instanceKlass scala/collection/mutable/FlatHashTable$NullSentinel$
instanceKlass scala/util/hashing/MurmurHash3$ArrayHashing
instanceKlass scala/util/hashing/Hashing
instanceKlass scala/util/hashing/MurmurHash3
instanceKlass scala/runtime/ScalaRunTime$
instanceKlass scala/collection/mutable/FlatHashTable$
instanceKlass scala/collection/mutable/GrowingBuilder
instanceKlass org/apache/spark/internal/config/ConfigProvider
instanceKlass scala/runtime/RichInt$
instanceKlass scala/Enumeration$ValueSet$
instanceKlass scala/Enumeration$ValueOrdering$
instanceKlass scala/collection/immutable/SortedSet
instanceKlass scala/collection/SortedSet
instanceKlass scala/collection/SortedSetLike
instanceKlass scala/collection/generic/Sorted
instanceKlass org/apache/spark/shuffle/sort/io/LocalDiskShuffleDataIO
instanceKlass org/apache/spark/shuffle/api/ShuffleDataIO
instanceKlass scala/collection/mutable/FlatHashTable
instanceKlass scala/collection/mutable/FlatHashTable$HashUtils
instanceKlass scala/collection/immutable/HashSet$HashSetBuilder
instanceKlass org/apache/spark/scheduler/SchedulerBackend
instanceKlass org/apache/spark/SparkContext$
instanceKlass scala/collection/immutable/Set$SetBuilderImpl
instanceKlass java/time/temporal/TemporalUnit
instanceKlass java/util/concurrent/TimeUnit$1
instanceKlass scala/runtime/java8/JFunction1$mcZI$sp
instanceKlass org/apache/spark/storage/TopologyMapper
instanceKlass org/apache/spark/storage/RandomBlockReplicationPolicy
instanceKlass org/apache/spark/storage/BlockReplicationPolicy
instanceKlass org/apache/spark/network/util/JavaUtils
instanceKlass scala/runtime/java8/JFunction1$mcZJ$sp
instanceKlass org/apache/spark/metrics/GarbageCollectionMetrics$
instanceKlass org/apache/spark/metrics/ExecutorMetricType
instanceKlass org/apache/spark/scheduler/EventLoggingListener$
instanceKlass scala/runtime/java8/JFunction1$mcZD$sp
instanceKlass org/apache/spark/internal/config/ConfigEntry$
instanceKlass scala/collection/mutable/WrappedArray$$anon$10
instanceKlass scala/collection/mutable/WrappedArray$$anon$9
instanceKlass scala/collection/mutable/WrappedArray$$anon$8
instanceKlass scala/collection/mutable/WrappedArray$$anon$7
instanceKlass scala/collection/mutable/WrappedArray$$anon$6
instanceKlass scala/collection/mutable/WrappedArray$$anon$5
instanceKlass scala/collection/mutable/WrappedArray$$anon$4
instanceKlass scala/collection/mutable/WrappedArray$$anon$3
instanceKlass scala/collection/mutable/WrappedArray$$anon$2
instanceKlass scala/collection/mutable/WrappedArray$$anon$1
instanceKlass scala/collection/mutable/WrappedArray$
instanceKlass scala/Array$$anon$11
instanceKlass scala/Array$$anon$10
instanceKlass scala/Array$$anon$9
instanceKlass scala/Array$$anon$8
instanceKlass scala/Array$$anon$7
instanceKlass scala/Array$$anon$6
instanceKlass scala/Array$$anon$5
instanceKlass scala/Array$$anon$4
instanceKlass scala/Array$$anon$3
instanceKlass scala/Array$$anon$2
instanceKlass scala/reflect/ClassTag$GenericClassTag
instanceKlass scala/reflect/ClassTag$
instanceKlass scala/FallbackArrayBuilding
instanceKlass org/apache/spark/internal/config/ConfigHelpers$
instanceKlass scala/runtime/AbstractFunction1
instanceKlass org/apache/spark/internal/config/TypedConfigBuilder
instanceKlass org/apache/spark/internal/config/ConfigBuilder
instanceKlass org/apache/spark/internal/config/package$
instanceKlass jdk/internal/math/FDBigInteger
instanceKlass jdk/internal/math/FloatingDecimal$ASCIIToBinaryBuffer
instanceKlass jdk/internal/math/FloatingDecimal$PreparedASCIIToBinaryBuffer
instanceKlass jdk/internal/math/FloatingDecimal$ASCIIToBinaryConverter
instanceKlass jdk/internal/math/FloatingDecimal$BinaryToASCIIBuffer
instanceKlass jdk/internal/math/FloatingDecimal$ExceptionalBinaryToASCIIBuffer
instanceKlass jdk/internal/math/FloatingDecimal$BinaryToASCIIConverter
instanceKlass jdk/internal/math/FloatingDecimal
instanceKlass org/apache/commons/lang3/math/NumberUtils
instanceKlass org/apache/commons/lang3/SystemUtils
instanceKlass scala/util/matching/UnanchoredRegex
instanceKlass scala/util/matching/Regex
instanceKlass java/util/concurrent/atomic/AtomicReferenceArray
instanceKlass org/sparkproject/guava/collect/MapMaker$RemovalListener
instanceKlass org/sparkproject/guava/base/Ticker
instanceKlass org/sparkproject/guava/base/Objects
instanceKlass org/sparkproject/guava/collect/MapMakerInternalMap$1
instanceKlass java/util/logging/Logger$SystemLoggerHelper$1
instanceKlass java/util/logging/Logger$SystemLoggerHelper
instanceKlass org/sparkproject/guava/collect/MapMakerInternalMap$ReferenceEntry
instanceKlass org/sparkproject/guava/base/Predicate
instanceKlass org/sparkproject/guava/base/Equivalence
instanceKlass org/sparkproject/guava/base/Preconditions
instanceKlass org/sparkproject/guava/collect/MapMakerInternalMap$ValueReference
instanceKlass org/sparkproject/guava/collect/GenericMapMaker
instanceKlass org/sparkproject/guava/collect/Interners$WeakInterner
instanceKlass org/sparkproject/guava/base/Function
instanceKlass org/sparkproject/guava/collect/Interner
instanceKlass org/sparkproject/guava/collect/Interners
instanceKlass org/apache/spark/util/SparkExitCode$
instanceKlass org/apache/spark/util/SparkUncaughtExceptionHandler$
instanceKlass org/apache/spark/util/SparkUncaughtExceptionHandler
instanceKlass org/sparkproject/guava/cache/CacheLoader
instanceKlass org/apache/spark/internal/config/ConfigEntry
instanceKlass scala/util/Try
instanceKlass org/apache/spark/util/Utils$
instanceKlass org/apache/spark/util/SparkSerDeUtils
instanceKlass org/apache/spark/util/SparkFileUtils
instanceKlass org/apache/spark/util/SparkErrorUtils
instanceKlass scala/collection/convert/Wrappers$IteratorWrapper
instanceKlass java/util/AbstractList$Itr
instanceKlass java/util/AbstractList$SubList$1
instanceKlass scala/collection/convert/WrapAsScala$
instanceKlass scala/collection/convert/WrapAsScala
instanceKlass scala/collection/convert/LowPriorityWrapAsScala
instanceKlass scala/Enumeration$Value
instanceKlass scala/Enumeration
instanceKlass scala/collection/mutable/DefaultEntry
instanceKlass scala/util/hashing/package$
instanceKlass scala/collection/mutable/ArrayOps$ofRef$
instanceKlass scala/collection/mutable/ArrayOps$ofRef
instanceKlass scala/collection/mutable/ArrayOps
instanceKlass scala/collection/generic/SeqForwarder
instanceKlass scala/collection/generic/IterableForwarder
instanceKlass scala/collection/generic/TraversableForwarder
instanceKlass org/apache/ivy/core/module/descriptor/ModuleDescriptor
instanceKlass org/apache/ivy/core/module/descriptor/DependencyDescriptorMediator
instanceKlass org/apache/ivy/plugins/latest/ArtifactInfo
instanceKlass org/apache/ivy/core/LogOptions
instanceKlass org/apache/ivy/core/module/descriptor/DependencyDescriptor
instanceKlass org/apache/ivy/core/module/descriptor/InheritableItem
instanceKlass org/apache/ivy/plugins/repository/Repository
instanceKlass org/apache/ivy/core/module/descriptor/ExcludeRule
instanceKlass org/apache/ivy/util/extendable/ExtendableItem
instanceKlass org/apache/ivy/plugins/resolver/DependencyResolver
instanceKlass org/apache/ivy/plugins/matcher/PatternMatcher
instanceKlass org/apache/spark/deploy/SparkSubmitUtils$
instanceKlass scala/collection/convert/Wrappers$IterableWrapperTrait
instanceKlass scala/collection/convert/Decorators$AsJava
instanceKlass scala/collection/mutable/HashTable$
instanceKlass scala/collection/mutable/HashEntry
instanceKlass scala/collection/immutable/VM
instanceKlass scala/runtime/Statics
instanceKlass scala/Function2
instanceKlass scala/collection/immutable/HashMap$Merger
instanceKlass scala/collection/generic/BitOperations$Int
instanceKlass scala/collection/immutable/HashMap$HashMapBuilder
instanceKlass scala/collection/immutable/HasForeachEntry
instanceKlass scala/collection/immutable/Map$MapBuilderImpl
instanceKlass java/util/Collections$UnmodifiableMap$UnmodifiableEntrySet$UnmodifiableEntry
instanceKlass java/util/Collections$UnmodifiableMap$UnmodifiableEntrySet$1
instanceKlass org/apache/spark/deploy/SparkSubmitArguments$
instanceKlass scala/collection/mutable/IndexedSeqView
instanceKlass org/slf4j/spi/LoggingEventBuilder
instanceKlass org/apache/logging/slf4j/Log4jLogger
instanceKlass org/slf4j/spi/LocationAwareLogger
instanceKlass scala/Product2$mcJD$sp
instanceKlass scala/Product2$mcIJ$sp
instanceKlass scala/Product2$mcID$sp
instanceKlass scala/Product2$mcJJ$sp
instanceKlass scala/Product2$mcJI$sp
instanceKlass scala/Product2$mcDJ$sp
instanceKlass scala/Product2$mcDI$sp
instanceKlass scala/Product2$mcDD$sp
instanceKlass scala/collection/convert/Wrappers$
instanceKlass scala/collection/convert/Wrappers$JMapWrapperLike
instanceKlass scala/collection/convert/Decorators$AsScala
instanceKlass scala/collection/concurrent/Map
instanceKlass scala/collection/mutable/Set
instanceKlass scala/collection/mutable/SetLike
instanceKlass scala/collection/convert/Wrappers
instanceKlass scala/collection/JavaConverters$
instanceKlass scala/collection/convert/DecorateAsScala
instanceKlass scala/collection/convert/AsScalaConverters
instanceKlass scala/collection/convert/DecorateAsJava
instanceKlass scala/collection/convert/AsJavaConverters
instanceKlass scala/collection/immutable/StringOps$
instanceKlass scala/Predef$$anon$1
instanceKlass scala/reflect/NoManifest$
instanceKlass scala/reflect/ManifestFactory$ClassTypeManifest
instanceKlass scala/runtime/Null$
instanceKlass scala/collection/mutable/ArrayBuilder
instanceKlass scala/collection/mutable/ReusableBuilder
instanceKlass scala/reflect/AnyValManifest
instanceKlass scala/reflect/Manifest
instanceKlass scala/reflect/ManifestFactory$
instanceKlass scala/reflect/ClassTag
instanceKlass scala/reflect/ClassManifestDeprecatedApis
instanceKlass scala/reflect/OptManifest
instanceKlass scala/reflect/ClassManifestFactory$
instanceKlass scala/reflect/package$
instanceKlass scala/collection/generic/GenSetFactory$$anon$1
instanceKlass scala/collection/immutable/Set
instanceKlass scala/collection/generic/GenMapFactory$MapCanBuildFrom
instanceKlass scala/collection/immutable/Map
instanceKlass scala/collection/immutable/MapLike
instanceKlass scala/collection/generic/GenMapFactory
instanceKlass scala/util/Right$
instanceKlass scala/util/Left$
instanceKlass scala/util/Either$
instanceKlass scala/math/Ordering$Int$
instanceKlass scala/math/Ordering$IntOrdering
instanceKlass scala/math/Ordering$Reverse
instanceKlass scala/math/Ordering$
instanceKlass scala/math/LowPriorityOrderingImplicits
instanceKlass scala/math/Ordered$
instanceKlass scala/math/Numeric$
instanceKlass scala/math/Integral$
instanceKlass scala/math/Fractional$
instanceKlass scala/math/Equiv$
instanceKlass scala/math/LowPriorityEquiv
instanceKlass scala/math/ScalaNumericConversions
instanceKlass scala/math/ScalaNumericAnyConversions
instanceKlass scala/math/BigInt$
instanceKlass java/math/MathContext
instanceKlass scala/math/BigDecimal$
instanceKlass scala/collection/immutable/Range$
instanceKlass scala/collection/mutable/StringBuilder$
instanceKlass scala/math/package$
instanceKlass scala/collection/Parallel
instanceKlass scala/collection/immutable/VectorPointer
instanceKlass scala/collection/immutable/IndexedSeq
instanceKlass scala/collection/immutable/Stream$$hash$colon$colon$
instanceKlass scala/collection/$colon$plus$
instanceKlass scala/collection/$plus$colon$
instanceKlass scala/collection/immutable/$colon$colon$
instanceKlass scala/collection/immutable/List$$anon$1
instanceKlass scala/collection/BufferedIterator
instanceKlass scala/collection/AbstractIterator
instanceKlass scala/collection/TraversableOnce$BufferedCanBuildFrom
instanceKlass scala/collection/Iterator$
instanceKlass scala/runtime/java8/JFunction0$mcZ$sp
instanceKlass scala/collection/Set
instanceKlass scala/collection/SetLike
instanceKlass scala/sys/package$
instanceKlass scala/sys/PropImpl
instanceKlass scala/sys/BooleanProp
instanceKlass scala/sys/Prop
instanceKlass scala/sys/BooleanProp$
instanceKlass scala/sys/SystemProperties$
instanceKlass scala/util/control/NoStackTrace$
instanceKlass scala/util/control/Breaks$TryBlock
instanceKlass scala/util/control/Breaks
instanceKlass scala/math/Numeric
instanceKlass scala/collection/generic/GenTraversableFactory$GenericCanBuildFrom
instanceKlass scala/collection/generic/GenericCompanion
instanceKlass scala/collection/generic/TraversableFactory
instanceKlass scala/collection/generic/GenericSeqCompanion
instanceKlass scala/package$$anon$1
instanceKlass scala/Specializable
instanceKlass scala/package$
instanceKlass scala/Predef$$eq$colon$eq
instanceKlass scala/Predef$$less$colon$less
instanceKlass scala/collection/generic/CanBuildFrom
instanceKlass scala/collection/mutable/ArrayLike
instanceKlass scala/LowPriorityImplicits
instanceKlass scala/DeprecatedPredef
instanceKlass scala/collection/GenSet
instanceKlass scala/collection/generic/GenericSetTemplate
instanceKlass scala/collection/GenSetLike
instanceKlass scala/collection/mutable/Map
instanceKlass scala/collection/mutable/MapLike
instanceKlass scala/collection/mutable/HashTable
instanceKlass scala/collection/mutable/HashTable$HashUtils
instanceKlass scala/collection/SeqView
instanceKlass scala/collection/SeqViewLike
instanceKlass scala/collection/IterableView
instanceKlass scala/collection/IterableViewLike
instanceKlass scala/collection/TraversableView
instanceKlass scala/collection/TraversableViewLike
instanceKlass scala/collection/ViewMkString
instanceKlass scala/util/control/ControlThrowable
instanceKlass scala/util/control/NoStackTrace
instanceKlass scala/collection/immutable/StringOps
instanceKlass scala/collection/immutable/StringLike
instanceKlass scala/math/Ordered
instanceKlass scala/runtime/BoxedUnit
instanceKlass org/apache/logging/log4j/core/jmx/LoggerConfigAdmin
instanceKlass org/apache/logging/log4j/core/jmx/LoggerConfigAdminMBean
instanceKlass org/apache/logging/log4j/util/EnglishEnums
instanceKlass org/apache/logging/log4j/core/config/plugins/convert/EnumConverter
instanceKlass org/apache/logging/log4j/core/filter/AbstractFilterable$Builder
instanceKlass org/apache/logging/log4j/core/layout/PatternLayout$NoFormatPatternSerializer
instanceKlass org/apache/logging/log4j/core/util/datetime/FastDateParser$StrategyAndWidth
instanceKlass org/apache/logging/log4j/core/util/datetime/FastDateParser$StrategyParser
instanceKlass sun/util/locale/Extension
instanceKlass sun/util/locale/LocaleExtensions
instanceKlass org/apache/logging/log4j/core/util/datetime/FastDateParser$Strategy
instanceKlass org/apache/logging/log4j/core/util/datetime/FastDateParser
instanceKlass org/apache/logging/log4j/core/util/datetime/FastDatePrinter$TwoDigitNumberField
instanceKlass org/apache/logging/log4j/core/util/datetime/FastDatePrinter$TwoDigitMonthField
instanceKlass org/apache/logging/log4j/core/util/datetime/FastDatePrinter$CharacterLiteral
instanceKlass org/apache/logging/log4j/core/util/datetime/FastDatePrinter$TwoDigitYearField
instanceKlass org/apache/logging/log4j/core/util/datetime/FastDatePrinter$NumberRule
instanceKlass org/apache/logging/log4j/core/util/datetime/FastDatePrinter$Rule
instanceKlass org/apache/logging/log4j/core/util/datetime/FastDatePrinter
instanceKlass org/apache/logging/log4j/core/util/datetime/FormatCache$MultipartKey
instanceKlass org/apache/logging/log4j/core/util/datetime/FormatCache
instanceKlass org/apache/logging/log4j/core/util/datetime/Format
instanceKlass org/apache/logging/log4j/core/util/datetime/DatePrinter
instanceKlass org/apache/logging/log4j/core/util/datetime/DateParser
instanceKlass org/apache/logging/log4j/core/config/Loggers
instanceKlass org/apache/logging/log4j/core/config/LoggerConfig$RootLogger$Builder
instanceKlass java/lang/Short$ShortCache
instanceKlass java/lang/Character$CharacterCache
instanceKlass java/lang/Byte$ByteCache
instanceKlass org/apache/logging/log4j/core/config/plugins/PluginAttribute
instanceKlass org/apache/logging/log4j/core/config/plugins/PluginFactory
instanceKlass java/util/concurrent/atomic/AtomicBoolean
instanceKlass org/apache/logging/log4j/core/config/AwaitCompletionReliabilityStrategy
instanceKlass org/apache/logging/log4j/core/config/ReliabilityStrategyFactory
instanceKlass org/apache/logging/log4j/core/util/Assert
instanceKlass org/apache/logging/log4j/core/config/plugins/validation/ConstraintValidators
instanceKlass org/apache/logging/log4j/core/config/plugins/PluginConfiguration
instanceKlass org/apache/logging/log4j/core/config/plugins/PluginElement
instanceKlass org/apache/logging/log4j/core/config/plugins/validation/validators/RequiredValidator
instanceKlass org/apache/logging/log4j/core/config/plugins/validation/ConstraintValidator
instanceKlass org/apache/logging/log4j/core/config/plugins/validation/Constraint
instanceKlass org/apache/logging/log4j/core/config/plugins/validation/constraints/Required
instanceKlass org/apache/logging/log4j/util/StringBuilders
instanceKlass org/apache/logging/log4j/core/appender/rolling/action/Duration
instanceKlass org/apache/logging/log4j/core/util/CronExpression
instanceKlass java/lang/reflect/WildcardType
instanceKlass sun/reflect/generics/tree/Wildcard
instanceKlass sun/reflect/generics/tree/BottomSignature
instanceKlass sun/reflect/generics/tree/CharSignature
instanceKlass sun/reflect/generics/tree/ArrayTypeSignature
instanceKlass sun/reflect/generics/tree/ByteSignature
instanceKlass org/apache/logging/log4j/core/config/plugins/convert/TypeConverterRegistry
instanceKlass org/apache/logging/log4j/core/config/plugins/convert/TypeConverters
instanceKlass org/apache/logging/log4j/core/config/plugins/visitors/AbstractPluginVisitor
instanceKlass org/apache/logging/log4j/core/config/plugins/visitors/PluginVisitor
instanceKlass org/apache/logging/log4j/core/config/plugins/visitors/PluginVisitors
instanceKlass org/apache/logging/log4j/core/config/plugins/PluginVisitorStrategy
instanceKlass org/apache/logging/log4j/core/config/plugins/PluginBuilderAttribute
instanceKlass org/apache/logging/log4j/core/util/TypeUtil
instanceKlass org/apache/logging/log4j/core/config/plugins/PluginBuilderFactory
instanceKlass org/apache/logging/log4j/core/config/LoggerConfig$LevelAndRefs
instanceKlass org/apache/logging/log4j/core/config/LoggerConfig$Builder
instanceKlass org/apache/logging/log4j/core/config/plugins/util/PluginBuilder
instanceKlass org/apache/logging/log4j/core/config/plugins/PluginAliases
instanceKlass org/apache/logging/log4j/core/config/Scheduled
instanceKlass java/util/concurrent/LinkedBlockingQueue$Itr
instanceKlass org/apache/logging/log4j/status/StatusConsoleListener
instanceKlass org/apache/logging/log4j/core/config/status/StatusConfiguration
instanceKlass org/apache/logging/log4j/core/config/plugins/util/ResolverUtil
instanceKlass org/apache/logging/log4j/core/config/builder/impl/DefaultComponentBuilder
instanceKlass org/apache/logging/log4j/core/config/builder/api/Component
instanceKlass javax/xml/transform/Source
instanceKlass javax/xml/transform/Result
instanceKlass org/apache/logging/log4j/core/config/builder/api/FilterComponentBuilder
instanceKlass org/apache/logging/log4j/core/config/builder/api/LayoutComponentBuilder
instanceKlass org/apache/logging/log4j/core/config/builder/api/KeyValuePairComponentBuilder
instanceKlass org/apache/logging/log4j/core/config/builder/api/PropertyComponentBuilder
instanceKlass org/apache/logging/log4j/core/config/builder/api/CustomLevelComponentBuilder
instanceKlass org/apache/logging/log4j/core/config/builder/api/RootLoggerComponentBuilder
instanceKlass org/apache/logging/log4j/core/config/builder/api/AppenderRefComponentBuilder
instanceKlass org/apache/logging/log4j/core/config/builder/api/LoggerComponentBuilder
instanceKlass org/apache/logging/log4j/core/config/builder/api/AppenderComponentBuilder
instanceKlass org/apache/logging/log4j/core/config/builder/api/ScriptFileComponentBuilder
instanceKlass org/apache/logging/log4j/core/config/builder/api/ScriptComponentBuilder
instanceKlass org/apache/logging/log4j/core/config/builder/impl/DefaultConfigurationBuilder
instanceKlass org/apache/logging/log4j/core/config/Reconfigurable
instanceKlass org/apache/logging/log4j/core/config/builder/api/LoggableComponentBuilder
instanceKlass org/apache/logging/log4j/core/config/builder/api/FilterableComponentBuilder
instanceKlass org/apache/logging/log4j/core/config/builder/api/ComponentBuilder
instanceKlass org/apache/logging/log4j/core/util/Source
instanceKlass org/apache/logging/log4j/core/net/UrlConnectionFactory
instanceKlass org/apache/logging/log4j/core/util/FileUtils
instanceKlass org/apache/logging/log4j/message/Clearable
instanceKlass java/text/DontCareFieldPosition$1
instanceKlass java/text/Format$FieldDelegate
instanceKlass java/text/DigitList
instanceKlass java/text/FieldPosition
instanceKlass java/lang/StringUTF16$CharsSpliterator
instanceKlass java/util/stream/Sink$ChainedInt
instanceKlass java/util/OptionalInt
instanceKlass java/util/stream/Sink$OfInt
instanceKlass java/util/function/IntConsumer
instanceKlass java/util/function/IntPredicate
instanceKlass java/util/stream/IntStream
instanceKlass java/lang/StringLatin1$CharsSpliterator
instanceKlass java/text/DecimalFormatSymbols
instanceKlass sun/util/resources/Bundles$2
instanceKlass java/util/ArrayList$SubList$1
instanceKlass sun/util/resources/LocaleData$LocaleDataResourceBundleProvider
instanceKlass java/util/spi/ResourceBundleProvider
instanceKlass java/text/DateFormatSymbols
instanceKlass java/text/AttributedCharacterIterator$Attribute
instanceKlass java/lang/StackTraceElement$HashedModules
instanceKlass org/apache/logging/log4j/message/SimpleMessage
instanceKlass org/apache/logging/log4j/core/impl/ContextAnchor
instanceKlass org/apache/logging/log4j/core/util/NameUtil
instanceKlass org/apache/logging/log4j/core/Logger$PrivateConfig
instanceKlass org/apache/logging/log4j/core/LoggerContext$1
instanceKlass org/apache/logging/log4j/core/util/ExecutorServices
instanceKlass org/apache/logging/log4j/core/util/SystemClock
instanceKlass org/apache/logging/log4j/core/time/PreciseClock
instanceKlass org/apache/logging/log4j/core/util/Clock
instanceKlass org/apache/logging/log4j/core/util/ClockFactory
instanceKlass org/apache/logging/log4j/core/impl/Log4jLogEvent
instanceKlass org/apache/logging/log4j/core/jmx/AppenderAdmin
instanceKlass org/apache/logging/log4j/core/jmx/AppenderAdminMBean
instanceKlass org/apache/logging/log4j/core/jmx/ContextSelectorAdmin
instanceKlass org/apache/logging/log4j/core/jmx/ContextSelectorAdminMBean
instanceKlass org/apache/logging/log4j/status/StatusData
instanceKlass org/apache/logging/log4j/core/jmx/StatusLoggerAdminMBean
instanceKlass org/apache/logging/log4j/status/StatusListener
instanceKlass java/beans/PropertyChangeListener
instanceKlass org/apache/logging/log4j/core/jmx/LoggerContextAdminMBean
instanceKlass com/sun/jmx/mbeanserver/Repository$ObjectNamePattern
instanceKlass java/time/Duration
instanceKlass java/time/temporal/TemporalAmount
instanceKlass jdk/management/jfr/FlightRecorderMXBeanImpl$MXBeanListener
instanceKlass jdk/jfr/FlightRecorderListener
instanceKlass jdk/jfr/FlightRecorder
instanceKlass jdk/jfr/Recording
instanceKlass javax/management/NotificationFilter
instanceKlass javax/management/NotificationListener
instanceKlass java/util/EventListener
instanceKlass javax/management/StandardMBean$MBeanInfoSafeAction
instanceKlass jdk/jfr/internal/management/StreamManager
instanceKlass jdk/management/jfr/EventTypeInfo
instanceKlass jdk/management/jfr/ConfigurationInfo
instanceKlass jdk/management/jfr/RecordingInfo
instanceKlass sun/reflect/generics/tree/VoidDescriptor
instanceKlass sun/reflect/generics/tree/LongSignature
instanceKlass jdk/management/jfr/SettingDescriptorInfo$1
instanceKlass jdk/management/jfr/SettingDescriptorInfo
instanceKlass sun/management/ManagementFactoryHelper$1
instanceKlass java/lang/management/BufferPoolMXBean
instanceKlass sun/nio/ch/FileChannelImpl$2
instanceKlass sun/nio/ch/FileChannelImpl$1
instanceKlass sun/nio/ch/IOUtil
instanceKlass java/nio/file/attribute/FileAttribute
instanceKlass java/nio/channels/spi/AbstractInterruptibleChannel
instanceKlass java/nio/channels/InterruptibleChannel
instanceKlass java/nio/channels/ScatteringByteChannel
instanceKlass java/nio/channels/GatheringByteChannel
instanceKlass java/nio/channels/SeekableByteChannel
instanceKlass java/nio/channels/ByteChannel
instanceKlass java/nio/channels/WritableByteChannel
instanceKlass java/nio/channels/ReadableByteChannel
instanceKlass java/nio/channels/Channel
instanceKlass jdk/internal/misc/VM$BufferPoolsHolder
instanceKlass com/sun/management/VMOption
instanceKlass com/sun/management/internal/HotSpotDiagnostic
instanceKlass com/sun/management/HotSpotDiagnosticMXBean
instanceKlass com/sun/management/GcInfo
instanceKlass javax/management/openmbean/CompositeDataView
instanceKlass java/util/stream/AbstractSpinedBuffer
instanceKlass java/util/stream/Node$Builder
instanceKlass java/util/stream/Node$OfDouble
instanceKlass java/util/stream/Node$OfLong
instanceKlass java/util/stream/Node$OfInt
instanceKlass java/util/stream/Node$OfPrimitive
instanceKlass java/util/stream/Nodes$EmptyNode
instanceKlass java/util/stream/Node
instanceKlass java/util/stream/Nodes
instanceKlass java/util/function/IntFunction
instanceKlass java/lang/StringLatin1$LinesSpliterator
instanceKlass com/sun/management/internal/DiagnosticCommandImpl$Wrapper
instanceKlass jdk/jfr/internal/dcmd/AbstractDCmd
instanceKlass com/sun/management/internal/DiagnosticCommandArgumentInfo
instanceKlass com/sun/management/internal/DiagnosticCommandInfo
instanceKlass com/sun/management/internal/DiagnosticCommandImpl$OperationInfoComparator
instanceKlass sun/management/ClassLoadingImpl
instanceKlass java/lang/management/ClassLoadingMXBean
instanceKlass javax/management/MBeanInfo$ArrayGettersSafeAction
instanceKlass javax/management/openmbean/OpenMBeanOperationInfo
instanceKlass java/util/logging/Logging
instanceKlass java/util/logging/LoggingMXBean
instanceKlass sun/management/ManagementFactoryHelper$PlatformLoggingImpl
instanceKlass java/lang/management/PlatformLoggingMXBean
instanceKlass sun/management/CompilationImpl
instanceKlass java/lang/management/CompilationMXBean
instanceKlass sun/management/VMManagementImpl$1
instanceKlass java/lang/management/MemoryUsage
instanceKlass sun/management/Sensor
instanceKlass sun/management/MemoryPoolImpl
instanceKlass java/lang/management/MemoryPoolMXBean
instanceKlass java/lang/invoke/LambdaFormEditor$1
instanceKlass com/sun/management/GarbageCollectorMXBean
instanceKlass java/lang/management/GarbageCollectorMXBean
instanceKlass java/lang/management/MemoryManagerMXBean
instanceKlass java/lang/management/MemoryMXBean
instanceKlass javax/management/DescriptorKey
instanceKlass java/lang/Deprecated
instanceKlass sun/management/BaseOperatingSystemImpl
instanceKlass com/sun/management/OperatingSystemMXBean
instanceKlass java/lang/management/OperatingSystemMXBean
instanceKlass com/sun/jmx/mbeanserver/PerInterface$MethodAndSig
instanceKlass java/lang/management/LockInfo
instanceKlass java/lang/management/ThreadInfo
instanceKlass sun/management/ThreadImpl
instanceKlass com/sun/management/ThreadMXBean
instanceKlass java/lang/management/ThreadMXBean
instanceKlass com/sun/jmx/mbeanserver/WeakIdentityHashMap
instanceKlass com/sun/jmx/mbeanserver/MXBeanLookup
instanceKlass com/sun/jmx/mbeanserver/PerInterface$InitMaps
instanceKlass com/sun/jmx/mbeanserver/PerInterface
instanceKlass javax/management/openmbean/OpenMBeanAttributeInfo
instanceKlass javax/management/openmbean/OpenMBeanParameterInfo
instanceKlass com/sun/jmx/mbeanserver/MBeanIntrospector$MBeanInfoMaker
instanceKlass com/sun/jmx/mbeanserver/MBeanAnalyzer$MBeanVisitor
instanceKlass java/lang/invoke/MethodHandles$1
instanceKlass java/lang/Long$LongCache
instanceKlass sun/reflect/generics/tree/TypeVariableSignature
instanceKlass sun/reflect/generics/reflectiveObjects/LazyReflectiveObjectGenerator
instanceKlass sun/reflect/generics/tree/ClassSignature
instanceKlass sun/reflect/generics/reflectiveObjects/ParameterizedTypeImpl
instanceKlass java/lang/reflect/ParameterizedType
instanceKlass sun/reflect/generics/tree/MethodTypeSignature
instanceKlass sun/reflect/generics/tree/Signature
instanceKlass sun/reflect/generics/tree/FormalTypeParameter
instanceKlass java/lang/reflect/TypeVariable
instanceKlass sun/reflect/generics/repository/AbstractRepository
instanceKlass com/sun/jmx/mbeanserver/MBeanAnalyzer$AttrMethods
instanceKlass jdk/internal/reflect/UnsafeFieldAccessorFactory
instanceKlass com/sun/jmx/mbeanserver/MXBeanMapping
instanceKlass javax/management/openmbean/TabularData
instanceKlass javax/management/openmbean/CompositeData
instanceKlass javax/management/openmbean/OpenType
instanceKlass com/sun/jmx/mbeanserver/MXBeanMappingFactory
instanceKlass com/sun/jmx/mbeanserver/ConvertingMethod
instanceKlass com/sun/jmx/mbeanserver/MBeanAnalyzer$MethodOrder
instanceKlass com/sun/jmx/mbeanserver/MBeanAnalyzer
instanceKlass com/sun/jmx/mbeanserver/MBeanIntrospector
instanceKlass javax/management/MXBean
instanceKlass com/sun/jmx/mbeanserver/MBeanSupport
instanceKlass com/sun/jmx/mbeanserver/DescriptorCache
instanceKlass javax/management/JMX
instanceKlass javax/management/StandardMBean
instanceKlass java/util/AbstractMap$SimpleImmutableEntry
instanceKlass com/sun/jmx/mbeanserver/JmxMBeanServer$3
instanceKlass javax/management/ObjectInstance
instanceKlass com/sun/jmx/mbeanserver/NamedObject
instanceKlass com/sun/jmx/interceptor/DefaultMBeanServerInterceptor$ResourceContext$1
instanceKlass com/sun/jmx/interceptor/DefaultMBeanServerInterceptor$ResourceContext
instanceKlass com/sun/jmx/mbeanserver/Repository$RegistrationContext
instanceKlass com/sun/jmx/mbeanserver/DynamicMBean2
instanceKlass com/sun/jmx/defaults/JmxProperties
instanceKlass com/sun/jmx/mbeanserver/Introspector
instanceKlass com/sun/jmx/mbeanserver/JmxMBeanServer$2
instanceKlass com/sun/jmx/interceptor/DefaultMBeanServerInterceptor
instanceKlass com/sun/jmx/interceptor/MBeanServerInterceptor
instanceKlass com/sun/jmx/mbeanserver/Repository
instanceKlass com/sun/jmx/mbeanserver/JmxMBeanServer$1
instanceKlass com/sun/jmx/mbeanserver/SecureClassLoaderRepository
instanceKlass com/sun/jmx/mbeanserver/MBeanInstantiator
instanceKlass com/sun/jmx/mbeanserver/ClassLoaderRepositorySupport$LoaderEntry
instanceKlass com/sun/jmx/mbeanserver/ClassLoaderRepositorySupport
instanceKlass com/sun/jmx/mbeanserver/ModifiableClassLoaderRepository
instanceKlass javax/management/loading/ClassLoaderRepository
instanceKlass javax/management/ImmutableDescriptor
instanceKlass javax/management/Descriptor
instanceKlass sun/security/util/SecurityConstants
instanceKlass jdk/internal/logger/LoggerFinderLoader
instanceKlass jdk/internal/logger/DefaultLoggerFinder$1
instanceKlass jdk/internal/logger/LazyLoggers$LazyLoggerFactories
instanceKlass jdk/internal/logger/LazyLoggers$1
instanceKlass jdk/internal/logger/LazyLoggers
instanceKlass com/sun/jmx/remote/util/ClassLogger
instanceKlass javax/management/NotificationBroadcasterSupport$1
instanceKlass javax/management/NotificationBroadcasterSupport
instanceKlass java/util/ComparableTimSort
instanceKlass javax/management/ObjectName$Property
instanceKlass javax/management/ObjectName
instanceKlass javax/management/QueryExp
instanceKlass com/sun/jmx/mbeanserver/Util
instanceKlass javax/management/MBeanInfo
instanceKlass javax/management/MBeanFeatureInfo
instanceKlass javax/management/DescriptorRead
instanceKlass javax/management/MBeanServerDelegate
instanceKlass javax/management/MBeanServerDelegateMBean
instanceKlass javax/management/MBeanRegistration
instanceKlass com/sun/jmx/mbeanserver/JmxMBeanServer
instanceKlass com/sun/jmx/mbeanserver/SunJmxMBeanServer
instanceKlass javax/management/MBeanServer
instanceKlass javax/management/MBeanServerConnection
instanceKlass javax/management/MBeanServerBuilder
instanceKlass com/sun/jmx/mbeanserver/GetPropertyAction
instanceKlass javax/management/MBeanServerFactory
instanceKlass org/apache/logging/log4j/core/jmx/Server
instanceKlass java/util/EventObject
instanceKlass java/util/Formattable
instanceKlass java/util/Formatter$FixedString
instanceKlass java/util/Formatter$Flags
instanceKlass java/util/Formatter$FormatSpecifier
instanceKlass java/util/Formatter$FormatString
instanceKlass java/util/Formatter$Conversion
instanceKlass java/util/regex/CharPredicates
instanceKlass java/util/Formatter
instanceKlass org/apache/logging/log4j/core/Version
instanceKlass java/net/InetAddress$CachedLocalHost
instanceKlass java/net/InetAddress$CachedAddresses
instanceKlass sun/net/InetAddressCachePolicy$2
instanceKlass sun/net/InetAddressCachePolicy$1
instanceKlass sun/net/InetAddressCachePolicy
instanceKlass java/net/Inet6Address$Inet6AddressHolder
instanceKlass java/net/InetAddress$NameServiceAddresses
instanceKlass java/net/InetAddress$Addresses
instanceKlass java/net/InetAddress$PlatformNameService
instanceKlass java/net/InetAddress$NameService
instanceKlass java/net/Inet6AddressImpl
instanceKlass java/net/InetAddressImpl
instanceKlass java/net/InetAddressImplFactory
instanceKlass java/net/InetAddress$InetAddressHolder
instanceKlass java/net/InetAddress$1
instanceKlass jdk/internal/access/JavaNetInetAddressAccess
instanceKlass java/net/InetAddress
instanceKlass org/apache/logging/log4j/core/util/NetUtils
instanceKlass org/apache/logging/log4j/core/util/BasicAuthorizationProvider
instanceKlass com/fasterxml/jackson/core/TokenStreamFactory
instanceKlass com/fasterxml/jackson/core/JsonParser
instanceKlass com/fasterxml/jackson/databind/JsonSerializable$Base
instanceKlass com/fasterxml/jackson/databind/JsonSerializable
instanceKlass com/fasterxml/jackson/core/TreeNode
instanceKlass com/fasterxml/jackson/core/TreeCodec
instanceKlass com/fasterxml/jackson/core/Versioned
instanceKlass org/apache/logging/log4j/core/config/Order
instanceKlass java/util/TimSort
instanceKlass java/util/Arrays$LegacyMergeSort
instanceKlass org/apache/logging/log4j/core/config/OrderComparator
instanceKlass org/apache/logging/log4j/core/util/AuthorizationProvider
instanceKlass org/apache/logging/log4j/core/config/builder/api/ConfigurationBuilder
instanceKlass org/apache/logging/log4j/core/appender/DefaultErrorHandler
instanceKlass org/apache/logging/log4j/core/appender/ConsoleAppender$FactoryData
instanceKlass org/apache/logging/log4j/core/appender/ConsoleAppender$ConsoleManagerFactory
instanceKlass org/apache/logging/log4j/core/layout/ByteBufferDestination
instanceKlass org/apache/logging/log4j/core/ErrorHandler
instanceKlass org/apache/logging/log4j/core/layout/PatternLayout$PatternFormatterPatternSerializer
instanceKlass org/apache/logging/log4j/core/pattern/PlainTextRenderer
instanceKlass org/apache/logging/log4j/core/impl/ThrowableFormatOptions
instanceKlass org/apache/logging/log4j/core/pattern/PatternFormatter
instanceKlass org/apache/logging/log4j/core/pattern/TextRenderer
instanceKlass org/apache/logging/log4j/core/util/Integers
instanceKlass org/apache/logging/log4j/core/pattern/NameAbbreviator
instanceKlass org/apache/logging/log4j/core/util/OptionConverter
instanceKlass sun/util/calendar/CalendarUtils
instanceKlass sun/util/calendar/CalendarDate
instanceKlass sun/util/resources/Bundles$CacheKeyReference
instanceKlass java/util/ResourceBundle$ResourceBundleProviderHelper
instanceKlass sun/util/resources/Bundles$CacheKey
instanceKlass java/util/ResourceBundle$1
instanceKlass jdk/internal/access/JavaUtilResourceBundleAccess
instanceKlass sun/util/resources/Bundles
instanceKlass sun/util/resources/LocaleData$LocaleDataStrategy
instanceKlass sun/util/resources/Bundles$Strategy
instanceKlass sun/util/resources/LocaleData$1
instanceKlass sun/util/resources/LocaleData
instanceKlass sun/util/locale/provider/LocaleResources
instanceKlass java/util/ResourceBundle
instanceKlass java/util/ResourceBundle$Control
instanceKlass sun/util/locale/provider/CalendarDataUtility$CalendarWeekParameterGetter
instanceKlass sun/util/locale/provider/LocaleServiceProviderPool$LocalizedObjectGetter
instanceKlass sun/util/locale/provider/LocaleServiceProviderPool
instanceKlass java/util/Locale$Builder
instanceKlass sun/util/locale/provider/CalendarDataUtility
instanceKlass sun/util/calendar/CalendarSystem$GregorianHolder
instanceKlass sun/util/calendar/CalendarSystem
instanceKlass java/util/Calendar$Builder
instanceKlass sun/util/locale/provider/AvailableLanguageTags
instanceKlass sun/util/resources/cldr/provider/CLDRLocaleDataMetaInfo
instanceKlass jdk/internal/module/ModulePatcher$PatchedModuleReader
instanceKlass sun/util/locale/InternalLocaleBuilder$CaseInsensitiveChar
instanceKlass sun/util/locale/InternalLocaleBuilder
instanceKlass sun/util/locale/StringTokenIterator
instanceKlass sun/util/locale/ParseStatus
instanceKlass sun/util/locale/LanguageTag
instanceKlass sun/util/cldr/CLDRBaseLocaleDataMetaInfo
instanceKlass sun/util/locale/provider/LocaleDataMetaInfo
instanceKlass sun/util/locale/provider/ResourceBundleBasedAdapter
instanceKlass sun/util/locale/provider/LocaleProviderAdapter$1
instanceKlass sun/util/locale/provider/LocaleProviderAdapter
instanceKlass java/util/spi/LocaleServiceProvider
instanceKlass java/util/Calendar
instanceKlass sun/util/calendar/ZoneInfoFile$ZoneOffsetTransitionRule
instanceKlass sun/util/calendar/ZoneInfoFile$1
instanceKlass sun/util/calendar/ZoneInfoFile
instanceKlass org/apache/logging/log4j/core/util/datetime/FixedDateFormat
instanceKlass org/apache/logging/log4j/core/time/MutableInstant
instanceKlass java/time/temporal/TemporalAccessor
instanceKlass org/apache/logging/log4j/core/pattern/DatePatternConverter$CachedTime
instanceKlass java/util/TimeZone
instanceKlass java/util/Date
instanceKlass org/apache/logging/log4j/core/pattern/DatePatternConverter$Formatter
instanceKlass org/apache/logging/log4j/core/time/Instant
instanceKlass org/apache/logging/log4j/core/pattern/PatternParser$1
instanceKlass org/apache/logging/log4j/core/pattern/FormattingInfo
instanceKlass jdk/internal/reflect/ClassDefiner$1
instanceKlass jdk/internal/reflect/ClassDefiner
instanceKlass jdk/internal/reflect/MethodAccessorGenerator$1
instanceKlass jdk/internal/reflect/Label$PatchInfo
instanceKlass jdk/internal/reflect/Label
instanceKlass jdk/internal/reflect/UTF8
instanceKlass jdk/internal/reflect/ClassFileAssembler
instanceKlass jdk/internal/reflect/ByteVectorImpl
instanceKlass jdk/internal/reflect/ByteVector
instanceKlass jdk/internal/reflect/ByteVectorFactory
instanceKlass jdk/internal/reflect/AccessorGenerator
instanceKlass jdk/internal/reflect/ClassFileConstants
instanceKlass java/lang/Class$AnnotationData
instanceKlass java/lang/annotation/Target
instanceKlass java/lang/reflect/Proxy$ProxyBuilder$1
instanceKlass jdk/internal/org/objectweb/asm/Edge
instanceKlass java/lang/reflect/ProxyGenerator$PrimitiveTypeInfo
instanceKlass java/util/StringJoiner
instanceKlass java/lang/reflect/ProxyGenerator$ProxyMethod
instanceKlass jdk/internal/module/Checks
instanceKlass java/lang/module/ModuleDescriptor$Builder
instanceKlass java/lang/reflect/Proxy$ProxyBuilder
instanceKlass java/lang/reflect/Proxy
instanceKlass sun/reflect/annotation/AnnotationInvocationHandler
instanceKlass java/lang/reflect/InvocationHandler
instanceKlass sun/reflect/annotation/AnnotationParser$1
instanceKlass java/lang/annotation/Documented
instanceKlass java/lang/annotation/Inherited
instanceKlass java/lang/annotation/Retention
instanceKlass sun/reflect/annotation/ExceptionProxy
instanceKlass sun/reflect/annotation/AnnotationType$1
instanceKlass sun/reflect/annotation/AnnotationType
instanceKlass java/lang/reflect/GenericArrayType
instanceKlass org/apache/logging/log4j/core/config/plugins/Plugin
instanceKlass sun/reflect/generics/visitor/Reifier
instanceKlass sun/reflect/generics/visitor/TypeTreeVisitor
instanceKlass sun/reflect/generics/factory/CoreReflectionFactory
instanceKlass sun/reflect/generics/factory/GenericsFactory
instanceKlass sun/reflect/generics/scope/AbstractScope
instanceKlass sun/reflect/generics/scope/Scope
instanceKlass sun/reflect/generics/tree/ClassTypeSignature
instanceKlass sun/reflect/generics/tree/SimpleClassTypeSignature
instanceKlass sun/reflect/generics/tree/FieldTypeSignature
instanceKlass sun/reflect/generics/tree/BaseType
instanceKlass sun/reflect/generics/tree/TypeSignature
instanceKlass sun/reflect/generics/tree/ReturnType
instanceKlass sun/reflect/generics/tree/TypeArgument
instanceKlass sun/reflect/generics/tree/TypeTree
instanceKlass sun/reflect/generics/tree/Tree
instanceKlass sun/reflect/generics/parser/SignatureParser
instanceKlass org/apache/logging/log4j/core/pattern/ConverterKeys
instanceKlass org/apache/logging/log4j/core/pattern/PatternParser
instanceKlass org/apache/logging/log4j/core/layout/StringBuilderEncoder
instanceKlass org/apache/logging/log4j/core/layout/PatternLayout$PatternSerializer
instanceKlass org/apache/logging/log4j/core/layout/AbstractStringLayout$Serializer
instanceKlass org/apache/logging/log4j/core/layout/PatternLayout$SerializerBuilder
instanceKlass org/apache/logging/log4j/core/layout/PatternLayout$Builder
instanceKlass org/apache/logging/log4j/core/layout/AbstractStringLayout$Serializer2
instanceKlass org/apache/logging/log4j/spi/LoggerRegistry$ConcurrentMapFactory
instanceKlass org/apache/logging/log4j/spi/LoggerRegistry$MapFactory
instanceKlass org/apache/logging/log4j/spi/LoggerRegistry
instanceKlass org/apache/logging/log4j/core/config/Node
instanceKlass org/apache/logging/log4j/core/util/DummyNanoClock
instanceKlass org/apache/logging/log4j/core/util/WatchEventService
instanceKlass java/util/UUID
instanceKlass org/apache/logging/log4j/core/util/WatchManager$LocalUUID
instanceKlass java/util/concurrent/Future
instanceKlass java/util/concurrent/ScheduledExecutorService
instanceKlass java/util/concurrent/ExecutorService
instanceKlass java/util/concurrent/Executor
instanceKlass org/apache/logging/log4j/core/config/DefaultReliabilityStrategy
instanceKlass org/apache/logging/log4j/core/config/LocationAwareReliabilityStrategy
instanceKlass sun/reflect/misc/ReflectUtil
instanceKlass java/util/concurrent/atomic/AtomicReferenceFieldUpdater$AtomicReferenceFieldUpdaterImpl$1
instanceKlass java/util/concurrent/atomic/AtomicReferenceFieldUpdater
instanceKlass org/apache/logging/log4j/core/config/AppenderControlArraySet
instanceKlass org/apache/logging/log4j/core/impl/DefaultLogEventFactory
instanceKlass org/apache/logging/log4j/core/LogEvent
instanceKlass org/apache/logging/log4j/core/impl/LogEventFactory
instanceKlass org/apache/logging/log4j/core/impl/LocationAwareLogEventFactory
instanceKlass org/apache/logging/log4j/core/config/ReliabilityStrategy
instanceKlass java/util/DualPivotQuicksort
instanceKlass org/apache/logging/log4j/core/lookup/StrMatcher
instanceKlass sun/management/Util
instanceKlass java/util/Collections$2
instanceKlass sun/management/RuntimeImpl
instanceKlass java/util/stream/ReduceOps$2ReducingSink
instanceKlass java/util/Collections$1
instanceKlass jdk/management/jfr/internal/FlightRecorderMXBeanProvider$SingleMBeanComponent
instanceKlass jdk/management/jfr/FlightRecorderMXBean
instanceKlass java/lang/management/DefaultPlatformMBeanProvider$11
instanceKlass java/lang/management/DefaultPlatformMBeanProvider$10
instanceKlass java/lang/management/DefaultPlatformMBeanProvider$9
instanceKlass sun/management/ManagementFactoryHelper$LoggingMXBeanAccess$1
instanceKlass sun/management/ManagementFactoryHelper$LoggingMXBeanAccess
instanceKlass java/lang/management/DefaultPlatformMBeanProvider$8
instanceKlass java/lang/management/DefaultPlatformMBeanProvider$7
instanceKlass java/lang/management/DefaultPlatformMBeanProvider$6
instanceKlass java/lang/management/DefaultPlatformMBeanProvider$5
instanceKlass java/lang/management/DefaultPlatformMBeanProvider$4
instanceKlass java/lang/management/DefaultPlatformMBeanProvider$3
instanceKlass java/lang/management/DefaultPlatformMBeanProvider$2
instanceKlass java/lang/management/DefaultPlatformMBeanProvider$1
instanceKlass java/util/concurrent/Callable
instanceKlass com/sun/management/internal/PlatformMBeanProviderImpl$5
instanceKlass sun/management/VMManagementImpl
instanceKlass sun/management/VMManagement
instanceKlass sun/management/ManagementFactoryHelper
instanceKlass sun/management/NotificationEmitterSupport
instanceKlass javax/management/NotificationEmitter
instanceKlass javax/management/NotificationBroadcaster
instanceKlass com/sun/management/DiagnosticCommandMBean
instanceKlass javax/management/DynamicMBean
instanceKlass com/sun/management/internal/PlatformMBeanProviderImpl$4
instanceKlass com/sun/management/internal/PlatformMBeanProviderImpl$3
instanceKlass com/sun/management/internal/PlatformMBeanProviderImpl$2
instanceKlass java/util/function/BiConsumer
instanceKlass java/util/stream/Collectors$CollectorImpl
instanceKlass java/util/stream/Collector
instanceKlass java/util/stream/Collectors
instanceKlass com/sun/management/internal/PlatformMBeanProviderImpl$1
instanceKlass sun/management/spi/PlatformMBeanProvider$PlatformComponent
instanceKlass sun/management/spi/PlatformMBeanProvider
instanceKlass java/io/FilePermission$1
instanceKlass jdk/internal/access/JavaIOFilePermissionAccess
instanceKlass java/lang/management/ManagementFactory$PlatformMBeanFinder$1
instanceKlass java/lang/management/ManagementFactory$PlatformMBeanFinder
instanceKlass java/lang/management/RuntimeMXBean
instanceKlass java/lang/management/PlatformManagedObject
instanceKlass java/lang/management/ManagementFactory
instanceKlass org/apache/logging/log4j/core/net/JndiManager$JndiManagerFactory
instanceKlass javax/naming/Context
instanceKlass org/apache/logging/log4j/core/appender/ManagerFactory
instanceKlass org/apache/logging/log4j/core/appender/AbstractManager
instanceKlass org/apache/logging/log4j/core/impl/ThreadContextDataProvider
instanceKlass org/apache/logging/log4j/core/util/ContextDataProvider
instanceKlass java/util/concurrent/ConcurrentLinkedDeque$Node
instanceKlass org/apache/logging/log4j/core/impl/ThreadContextDataInjector
instanceKlass org/apache/logging/log4j/core/impl/ThreadContextDataInjector$ForDefaultThreadContextMap
instanceKlass org/apache/logging/log4j/spi/DefaultThreadContextStack
instanceKlass org/apache/logging/log4j/spi/DefaultThreadContextMap
instanceKlass org/apache/logging/log4j/spi/GarbageFreeSortedArrayThreadContextMap
instanceKlass java/io/ObjectInputFilter$FilterInfo
instanceKlass org/apache/logging/log4j/util/internal/DefaultObjectInputFilter
instanceKlass java/io/ObjectInputFilter
instanceKlass java/io/ObjectInputStream$GetField
instanceKlass java/io/ObjectInputValidation
instanceKlass java/lang/PublicMethods
instanceKlass org/apache/logging/log4j/util/TriConsumer
instanceKlass java/io/ObjectStreamConstants
instanceKlass java/io/ObjectInput
instanceKlass org/apache/logging/log4j/util/SortedArrayStringMap
instanceKlass org/apache/logging/log4j/util/IndexedStringMap
instanceKlass org/apache/logging/log4j/util/IndexedReadOnlyStringMap
instanceKlass org/apache/logging/log4j/util/StringMap
instanceKlass org/apache/logging/log4j/util/ReadOnlyStringMap
instanceKlass org/apache/logging/log4j/spi/CopyOnWriteSortedArrayThreadContextMap
instanceKlass org/apache/logging/log4j/spi/CopyOnWrite
instanceKlass org/apache/logging/log4j/spi/ObjectThreadContextMap
instanceKlass org/apache/logging/log4j/spi/CleanableThreadContextMap
instanceKlass org/apache/logging/log4j/spi/ThreadContextMap2
instanceKlass org/apache/logging/log4j/spi/ReadOnlyThreadContextMap
instanceKlass org/apache/logging/log4j/spi/ThreadContextMapFactory
instanceKlass org/apache/logging/log4j/ThreadContext$EmptyIterator
instanceKlass org/apache/logging/log4j/spi/ThreadContextMap
instanceKlass org/apache/logging/log4j/spi/ThreadContextStack
instanceKlass org/apache/logging/log4j/ThreadContext$ContextStack
instanceKlass org/apache/logging/log4j/ThreadContext
instanceKlass org/apache/logging/log4j/core/ContextDataInjector
instanceKlass org/apache/logging/log4j/core/impl/ContextDataInjectorFactory
instanceKlass org/apache/logging/log4j/core/util/ReflectionUtil
instanceKlass org/apache/logging/log4j/util/Supplier
instanceKlass org/apache/logging/log4j/core/util/AbstractWatcher
instanceKlass org/apache/logging/log4j/core/config/plugins/convert/TypeConverters$UuidConverter
instanceKlass org/apache/logging/log4j/core/config/plugins/convert/TypeConverters$UrlConverter
instanceKlass org/apache/logging/log4j/core/config/plugins/convert/TypeConverters$UriConverter
instanceKlass org/apache/logging/log4j/core/config/plugins/convert/TypeConverters$StringConverter
instanceKlass org/apache/logging/log4j/core/config/plugins/convert/TypeConverters$ShortConverter
instanceKlass org/apache/logging/log4j/core/config/plugins/convert/TypeConverters$SecurityProviderConverter
instanceKlass org/apache/logging/log4j/core/config/plugins/convert/TypeConverters$PatternConverter
instanceKlass org/apache/logging/log4j/core/config/plugins/convert/TypeConverters$PathConverter
instanceKlass org/apache/logging/log4j/core/config/plugins/convert/TypeConverters$LongConverter
instanceKlass org/apache/logging/log4j/core/config/plugins/convert/TypeConverters$LevelConverter
instanceKlass org/apache/logging/log4j/core/config/plugins/convert/TypeConverters$IntegerConverter
instanceKlass org/apache/logging/log4j/core/config/plugins/convert/TypeConverters$InetAddressConverter
instanceKlass org/apache/logging/log4j/core/config/plugins/convert/TypeConverters$FloatConverter
instanceKlass org/apache/logging/log4j/core/config/plugins/convert/TypeConverters$FileConverter
instanceKlass org/apache/logging/log4j/core/config/plugins/convert/TypeConverters$DurationConverter
instanceKlass org/apache/logging/log4j/core/config/plugins/convert/TypeConverters$DoubleConverter
instanceKlass org/apache/logging/log4j/core/config/plugins/convert/TypeConverters$CronExpressionConverter
instanceKlass org/apache/logging/log4j/core/config/plugins/convert/TypeConverters$ClassConverter
instanceKlass org/apache/logging/log4j/core/config/plugins/convert/TypeConverters$CharsetConverter
instanceKlass org/apache/logging/log4j/core/config/plugins/convert/TypeConverters$CharArrayConverter
instanceKlass org/apache/logging/log4j/core/config/plugins/convert/TypeConverters$CharacterConverter
instanceKlass org/apache/logging/log4j/core/config/plugins/convert/TypeConverters$ByteArrayConverter
instanceKlass org/apache/logging/log4j/core/config/plugins/convert/TypeConverters$ByteConverter
instanceKlass org/apache/logging/log4j/core/config/plugins/convert/TypeConverters$BooleanConverter
instanceKlass org/apache/logging/log4j/core/config/plugins/convert/TypeConverters$BigIntegerConverter
instanceKlass org/apache/logging/log4j/core/config/plugins/convert/TypeConverters$BigDecimalConverter
instanceKlass org/apache/logging/log4j/core/config/plugins/convert/TypeConverter
instanceKlass org/apache/logging/log4j/core/lookup/UpperLookup
instanceKlass org/apache/logging/log4j/core/lookup/StructuredDataLookup
instanceKlass org/apache/logging/log4j/core/lookup/LowerLookup
instanceKlass org/apache/logging/log4j/core/lookup/MapLookup
instanceKlass org/apache/logging/log4j/core/lookup/DateLookup
instanceKlass org/apache/logging/log4j/core/lookup/ContextMapLookup
instanceKlass org/apache/log4j/builders/appender/NullAppenderBuilder
instanceKlass org/apache/log4j/builders/filter/DenyAllFilterBuilder
instanceKlass org/apache/log4j/builders/filter/FilterBuilder
instanceKlass org/apache/log4j/builders/layout/SimpleLayoutBuilder
instanceKlass org/apache/log4j/builders/rolling/TriggeringPolicyBuilder
instanceKlass org/apache/log4j/builders/layout/LayoutBuilder
instanceKlass org/apache/log4j/builders/Parser
instanceKlass org/apache/log4j/builders/AbstractBuilder
instanceKlass org/apache/log4j/builders/appender/AppenderBuilder
instanceKlass org/apache/log4j/builders/Builder
instanceKlass org/apache/logging/log4j/core/pattern/FileDatePatternConverter
instanceKlass org/apache/logging/log4j/core/config/arbiters/SystemPropertyArbiter
instanceKlass org/apache/logging/log4j/core/net/ssl/SslConfiguration
instanceKlass org/apache/logging/log4j/core/appender/rolling/action/PathSortByModificationTime
instanceKlass org/apache/logging/log4j/core/appender/rolling/action/PathSorter
instanceKlass org/apache/logging/log4j/core/net/SocketPerformancePreferences
instanceKlass org/apache/logging/log4j/core/net/SocketOptions
instanceKlass org/apache/logging/log4j/core/util/Builder
instanceKlass org/apache/logging/log4j/core/net/SocketAddress
instanceKlass org/apache/logging/log4j/core/config/arbiters/SelectArbiter
instanceKlass org/apache/logging/log4j/core/config/ScriptsPlugin
instanceKlass org/apache/logging/log4j/core/layout/ScriptPatternSelector
instanceKlass org/apache/logging/log4j/core/appender/rolling/action/ScriptCondition
instanceKlass org/apache/logging/log4j/core/config/arbiters/ScriptArbiter
instanceKlass org/apache/logging/log4j/core/script/AbstractScript
instanceKlass org/apache/logging/log4j/core/appender/routing/Routes
instanceKlass org/apache/logging/log4j/core/appender/routing/Route
instanceKlass org/apache/logging/log4j/core/pattern/RegexReplacement
instanceKlass org/apache/logging/log4j/core/appender/rewrite/PropertiesRewritePolicy
instanceKlass org/apache/logging/log4j/core/config/PropertiesPlugin
instanceKlass org/apache/logging/log4j/core/layout/PatternMatch
instanceKlass org/apache/logging/log4j/core/net/MulticastDnsAdvertiser
instanceKlass org/apache/logging/log4j/core/layout/MarkerPatternSelector
instanceKlass org/apache/logging/log4j/core/appender/rewrite/MapRewritePolicy
instanceKlass org/apache/logging/log4j/core/config/LoggersPlugin
instanceKlass org/apache/logging/log4j/core/appender/rewrite/LoggerNameLevelRewritePolicy
instanceKlass org/apache/logging/log4j/core/appender/rewrite/RewritePolicy
instanceKlass org/apache/logging/log4j/core/layout/LoggerFields
instanceKlass org/apache/logging/log4j/core/async/LinkedTransferQueueFactory
instanceKlass org/apache/logging/log4j/core/layout/LevelPatternSelector
instanceKlass org/apache/logging/log4j/core/layout/PatternSelector
instanceKlass org/apache/logging/log4j/core/util/KeyValuePair
instanceKlass org/apache/logging/log4j/core/net/ssl/StoreConfiguration
instanceKlass org/apache/logging/log4j/core/async/JCToolsBlockingQueueFactory
instanceKlass org/apache/logging/log4j/core/appender/rolling/action/IfNot
instanceKlass org/apache/logging/log4j/core/appender/rolling/action/IfLastModified
instanceKlass org/apache/logging/log4j/core/appender/rolling/action/IfFileName
instanceKlass org/apache/logging/log4j/core/appender/rolling/action/IfAny
instanceKlass org/apache/logging/log4j/core/appender/rolling/action/IfAll
instanceKlass org/apache/logging/log4j/core/appender/rolling/action/IfAccumulatedFileSize
instanceKlass org/apache/logging/log4j/core/appender/rolling/action/IfAccumulatedFileCount
instanceKlass org/apache/logging/log4j/core/appender/rolling/action/PathCondition
instanceKlass org/apache/logging/log4j/core/appender/routing/PurgePolicy
instanceKlass org/apache/logging/log4j/core/appender/FailoversPlugin
instanceKlass org/apache/logging/log4j/core/async/DisruptorBlockingQueueFactory
instanceKlass org/apache/logging/log4j/core/appender/rolling/DirectFileRolloverStrategy
instanceKlass org/apache/logging/log4j/core/appender/rolling/action/AbstractAction
instanceKlass org/apache/logging/log4j/core/appender/rolling/action/Action
instanceKlass org/apache/logging/log4j/core/appender/rolling/AbstractRolloverStrategy
instanceKlass org/apache/logging/log4j/core/appender/rolling/RolloverStrategy
instanceKlass org/apache/logging/log4j/core/config/arbiters/DefaultArbiter
instanceKlass org/apache/logging/log4j/core/config/CustomLevels
instanceKlass org/apache/logging/log4j/core/config/CustomLevelConfig
instanceKlass org/apache/logging/log4j/core/layout/AbstractLayout
instanceKlass org/apache/logging/log4j/core/StringLayout
instanceKlass org/apache/logging/log4j/core/appender/rolling/TriggeringPolicy
instanceKlass org/apache/logging/log4j/core/appender/db/jdbc/ConnectionSource
instanceKlass org/apache/logging/log4j/core/appender/db/ColumnMapping
instanceKlass org/apache/logging/log4j/core/appender/db/jdbc/ColumnConfig
instanceKlass org/apache/logging/log4j/core/config/arbiters/ClassArbiter
instanceKlass org/apache/logging/log4j/core/config/arbiters/Arbiter
instanceKlass org/apache/logging/log4j/core/async/AsyncWaitStrategyFactoryConfig
instanceKlass org/apache/logging/log4j/core/async/ArrayBlockingQueueFactory
instanceKlass org/apache/logging/log4j/core/async/BlockingQueueFactory
instanceKlass org/apache/logging/log4j/core/appender/AppenderSet
instanceKlass org/apache/logging/log4j/core/config/AppendersPlugin
instanceKlass org/apache/logging/log4j/core/config/AppenderRef
instanceKlass org/apache/logging/log4j/core/pattern/AnsiConverter
instanceKlass org/apache/logging/log4j/core/pattern/ArrayPatternConverter
instanceKlass org/apache/logging/log4j/core/impl/LocationAware
instanceKlass org/apache/logging/log4j/core/pattern/AbstractPatternConverter
instanceKlass org/apache/logging/log4j/core/pattern/PatternConverter
instanceKlass org/apache/logging/log4j/core/config/plugins/util/PluginType
instanceKlass org/apache/logging/log4j/core/config/builder/api/ConfigurationBuilderFactory
instanceKlass org/apache/logging/log4j/core/config/plugins/processor/PluginEntry
instanceKlass jdk/internal/misc/ScopedMemoryAccess$Scope
instanceKlass org/apache/logging/log4j/core/config/plugins/processor/PluginCache
instanceKlass org/apache/logging/log4j/core/config/plugins/util/ResolverUtil$Test
instanceKlass org/apache/logging/log4j/core/config/plugins/util/PluginRegistry
instanceKlass org/apache/logging/log4j/core/config/plugins/util/PluginManager
instanceKlass org/apache/logging/log4j/core/lookup/PropertiesLookup
instanceKlass org/apache/logging/log4j/core/lookup/LookupResult
instanceKlass org/apache/logging/log4j/core/lookup/AbstractLookup
instanceKlass org/apache/logging/log4j/core/config/LoggerContextAware
instanceKlass org/apache/logging/log4j/core/config/DefaultAdvertiser
instanceKlass org/apache/logging/log4j/core/config/Property
instanceKlass org/apache/logging/log4j/core/config/ConfigurationSource
instanceKlass org/apache/logging/log4j/core/Appender
instanceKlass org/apache/logging/log4j/core/Layout
instanceKlass org/apache/logging/log4j/core/layout/Encoder
instanceKlass org/apache/logging/log4j/core/util/Watcher
instanceKlass org/apache/logging/log4j/core/async/AsyncLoggerConfigDelegate
instanceKlass org/apache/logging/log4j/core/util/NanoClock
instanceKlass org/apache/logging/log4j/core/lookup/StrLookup
instanceKlass org/apache/logging/log4j/core/net/Advertiser
instanceKlass org/apache/logging/log4j/core/lookup/StrSubstitutor
instanceKlass org/apache/logging/log4j/core/config/ConfigurationAware
instanceKlass org/apache/logging/log4j/core/AbstractLifeCycle
instanceKlass org/apache/logging/log4j/spi/LoggerContextShutdownEnabled
instanceKlass org/apache/logging/log4j/core/config/ConfigurationListener
instanceKlass org/apache/logging/log4j/spi/Terminable
instanceKlass java/util/stream/WhileOps$DropWhileSink
instanceKlass java/util/stream/WhileOps$DropWhileOp
instanceKlass java/util/stream/WhileOps
instanceKlass java/lang/StackStreamFactory$FrameBuffer
instanceKlass java/lang/StackStreamFactory$1
instanceKlass java/lang/StackStreamFactory
instanceKlass org/apache/logging/log4j/util/StackLocator
instanceKlass org/apache/logging/log4j/util/StackLocatorUtil
instanceKlass org/apache/logging/log4j/internal/LogManagerStatus
instanceKlass java/util/concurrent/Executors$DefaultThreadFactory
instanceKlass java/util/concurrent/Executors
instanceKlass org/apache/logging/log4j/core/util/Cancellable
instanceKlass org/apache/logging/log4j/core/util/DefaultShutdownCallbackRegistry
instanceKlass org/apache/logging/log4j/core/LifeCycle2
instanceKlass java/util/concurrent/atomic/AtomicReference
instanceKlass org/apache/logging/log4j/core/selector/ClassLoaderContextSelector
instanceKlass org/apache/logging/log4j/core/util/Loader
instanceKlass org/apache/logging/log4j/core/util/Constants
instanceKlass org/apache/logging/log4j/core/selector/ContextSelector
instanceKlass org/apache/logging/log4j/core/config/Configuration
instanceKlass org/apache/logging/log4j/core/filter/Filterable
instanceKlass org/apache/logging/log4j/spi/LoggerContext
instanceKlass java/util/zip/ZipFile$ZipEntryIterator
instanceKlass org/apache/logging/log4j/core/impl/Log4jContextFactory
instanceKlass org/apache/logging/log4j/core/util/ShutdownCallbackRegistry
instanceKlass org/apache/logging/log4j/spi/Provider
instanceKlass org/apache/logging/log4j/util/ProviderUtil
instanceKlass org/apache/logging/log4j/spi/LoggerContextFactory
instanceKlass org/apache/logging/log4j/LogManager
instanceKlass org/apache/logging/slf4j/Log4jMDCAdapter$ThreadLocalMapOfStacks
instanceKlass org/apache/logging/slf4j/Log4jMDCAdapter
instanceKlass org/apache/logging/log4j/spi/AbstractLoggerAdapter
instanceKlass org/apache/logging/log4j/spi/LoggerContextShutdownAware
instanceKlass org/apache/logging/log4j/spi/LoggerAdapter
instanceKlass java/text/Format
instanceKlass java/util/RegularEnumSet$EnumSetIterator
instanceKlass org/apache/logging/log4j/util/Strings
instanceKlass org/apache/logging/log4j/Level
instanceKlass java/util/concurrent/ConcurrentLinkedQueue$Node
instanceKlass java/util/concurrent/locks/ReentrantReadWriteLock$WriteLock
instanceKlass java/util/concurrent/locks/ReentrantReadWriteLock$ReadLock
instanceKlass java/util/concurrent/locks/ReentrantReadWriteLock
instanceKlass org/apache/logging/log4j/message/ExitMessage
instanceKlass org/apache/logging/log4j/message/EntryMessage
instanceKlass org/apache/logging/log4j/message/FlowMessage
instanceKlass org/apache/logging/log4j/status/SimpleLoggerFactory
instanceKlass org/apache/logging/log4j/internal/DefaultLogBuilder
instanceKlass org/apache/logging/log4j/BridgeAware
instanceKlass org/apache/logging/log4j/message/DefaultFlowMessageFactory
instanceKlass org/apache/logging/log4j/message/FlowMessageFactory
instanceKlass javax/servlet/Servlet
instanceKlass java/util/regex/Pattern$1
instanceKlass java/util/concurrent/ConcurrentSkipListMap$Iter
instanceKlass java/util/regex/IntHashSet
instanceKlass java/util/regex/Matcher
instanceKlass java/util/regex/MatchResult
instanceKlass java/util/regex/Pattern$TreeInfo
instanceKlass java/util/regex/Pattern$BitClass
instanceKlass java/util/regex/Pattern$BmpCharPredicate
instanceKlass java/util/regex/Pattern$CharPredicate
instanceKlass java/util/regex/ASCII
instanceKlass java/util/regex/Pattern$Node
instanceKlass java/util/regex/Pattern
instanceKlass org/apache/logging/log4j/util/PropertySource$Util
instanceKlass java/util/HashMap$HashMapSpliterator
instanceKlass java/util/Collections$UnmodifiableCollection$1
instanceKlass java/util/stream/ReduceOps$Box
instanceKlass java/util/stream/ReduceOps$AccumulatingSink
instanceKlass java/util/stream/ReduceOps$ReduceOp
instanceKlass java/util/stream/ReduceOps
instanceKlass java/util/function/BinaryOperator
instanceKlass java/util/concurrent/ConcurrentSkipListMap$CSLMSpliterator
instanceKlass org/apache/logging/log4j/util/SystemPropertiesPropertySource
instanceKlass org/apache/logging/log4j/util/EnvironmentPropertySource
instanceKlass java/util/stream/ForEachOps$ForEachOp
instanceKlass java/util/stream/ForEachOps
instanceKlass org/apache/logging/log4j/util/OsgiServiceLocator
instanceKlass java/lang/invoke/MethodHandleImpl$ArrayAccessor
instanceKlass java/lang/invoke/MethodHandleImpl$2
instanceKlass java/lang/invoke/MethodHandleImpl$LoopClauses
instanceKlass java/lang/invoke/MethodHandleImpl$CasesHolder
instanceKlass java/lang/ClassValue$Version
instanceKlass java/lang/ClassValue$Identity
instanceKlass java/lang/ClassValue
instanceKlass java/lang/invoke/MethodHandleImpl$BindCaller
instanceKlass org/apache/logging/log4j/util/ServiceLoaderUtil$ServiceLoaderSpliterator
instanceKlass org/apache/logging/log4j/util/ServiceLoaderUtil
instanceKlass java/util/concurrent/atomic/Striped64$1
instanceKlass jdk/internal/util/random/RandomSupport
instanceKlass java/lang/invoke/VarHandle$AccessDescriptor
instanceKlass org/apache/logging/log4j/util/BiConsumer
instanceKlass java/util/concurrent/ConcurrentSkipListMap$Node
instanceKlass java/lang/invoke/VarForm
instanceKlass java/lang/invoke/VarHandleGuards
instanceKlass jdk/internal/util/Preconditions$1
instanceKlass java/lang/invoke/VarHandle$1
instanceKlass java/lang/invoke/VarHandles
instanceKlass java/util/concurrent/ConcurrentSkipListMap$Index
instanceKlass java/util/concurrent/ConcurrentNavigableMap
instanceKlass org/apache/logging/log4j/util/PropertySource$Comparator
instanceKlass org/apache/logging/log4j/util/PropertiesUtil$Environment
instanceKlass org/apache/logging/log4j/util/LoaderUtil$ThreadContextClassLoaderGetter
instanceKlass org/apache/logging/log4j/util/LoaderUtil
instanceKlass org/apache/logging/log4j/util/PropertiesPropertySource
instanceKlass org/apache/logging/log4j/util/PropertySource
instanceKlass org/apache/logging/log4j/util/PropertiesUtil
instanceKlass org/apache/logging/log4j/util/Constants
instanceKlass org/apache/logging/log4j/message/AbstractMessageFactory
instanceKlass org/apache/logging/log4j/message/ReusableMessageFactory
instanceKlass org/apache/logging/log4j/MarkerManager$Log4jMarker
instanceKlass org/apache/logging/log4j/util/StringBuilderFormattable
instanceKlass org/apache/logging/log4j/Marker
instanceKlass org/apache/logging/log4j/MarkerManager
instanceKlass java/util/concurrent/locks/ReadWriteLock
instanceKlass org/apache/logging/log4j/LogBuilder
instanceKlass org/apache/logging/log4j/message/MessageFactory2
instanceKlass org/apache/logging/log4j/message/Message
instanceKlass org/apache/logging/log4j/message/MessageFactory
instanceKlass org/apache/logging/log4j/spi/AbstractLogger
instanceKlass org/apache/logging/log4j/spi/LocationAwareLogger
instanceKlass org/apache/logging/log4j/spi/ExtendedLogger
instanceKlass org/apache/logging/log4j/Logger
instanceKlass org/apache/logging/slf4j/Log4jMarkerFactory
instanceKlass org/apache/logging/slf4j/SLF4JServiceProvider
instanceKlass java/util/LinkedHashMap$LinkedHashIterator
instanceKlass sun/net/www/MessageHeader
instanceKlass sun/net/www/protocol/jar/JarFileFactory
instanceKlass sun/net/www/protocol/jar/URLJarFile$URLJarFileCloseController
instanceKlass java/net/URLConnection
instanceKlass org/slf4j/helpers/Util
instanceKlass org/slf4j/helpers/NOPMDCAdapter
instanceKlass org/slf4j/helpers/NOPLoggerFactory
instanceKlass org/slf4j/helpers/NOP_FallbackServiceProvider
instanceKlass org/slf4j/helpers/ThreadLocalMapOfStacks
instanceKlass org/slf4j/helpers/BasicMDCAdapter
instanceKlass org/slf4j/Marker
instanceKlass org/slf4j/helpers/BasicMarkerFactory
instanceKlass java/util/concurrent/LinkedBlockingQueue$Node
instanceKlass java/util/concurrent/locks/AbstractQueuedSynchronizer$ConditionObject
instanceKlass java/util/concurrent/locks/Condition
instanceKlass java/util/concurrent/BlockingQueue
instanceKlass org/slf4j/helpers/SubstituteLoggerFactory
instanceKlass org/slf4j/ILoggerFactory
instanceKlass org/slf4j/spi/MDCAdapter
instanceKlass org/slf4j/IMarkerFactory
instanceKlass org/slf4j/helpers/SubstituteServiceProvider
instanceKlass org/slf4j/event/LoggingEvent
instanceKlass org/slf4j/spi/SLF4JServiceProvider
instanceKlass org/slf4j/LoggerFactory
instanceKlass scala/runtime/BoxesRunTime
instanceKlass java/util/logging/LogManager$CloseOnReset
instanceKlass java/util/logging/StreamHandler$1
instanceKlass java/util/logging/Handler$1
instanceKlass java/util/logging/ErrorManager
instanceKlass jdk/internal/logger/SimpleConsoleLogger$Formatting
instanceKlass sun/util/logging/PlatformLogger
instanceKlass sun/util/logging/PlatformLogger$ConfigurableBridge$LoggerConfiguration
instanceKlass java/util/logging/Formatter
instanceKlass java/util/logging/LogManager$4
instanceKlass jdk/internal/logger/BootstrapLogger$BootstrapExecutors
instanceKlass jdk/internal/logger/BootstrapLogger$RedirectedLoggers
instanceKlass java/util/ServiceLoader$ProviderImpl
instanceKlass java/util/ServiceLoader$Provider
instanceKlass java/util/ServiceLoader$1
instanceKlass java/util/concurrent/CopyOnWriteArrayList$COWIterator
instanceKlass jdk/internal/loader/URLClassPath$1
instanceKlass java/lang/CompoundEnumeration
instanceKlass jdk/internal/loader/BuiltinClassLoader$1
instanceKlass java/util/Collections$EmptyEnumeration
instanceKlass java/util/Collections$EmptyIterator
instanceKlass jdk/internal/jimage/ImageLocation
instanceKlass jdk/internal/jimage/decompressor/Decompressor
instanceKlass jdk/internal/jimage/ImageStringsReader
instanceKlass jdk/internal/jimage/ImageStrings
instanceKlass jdk/internal/jimage/ImageHeader
instanceKlass jdk/internal/jimage/NativeImageBuffer$1
instanceKlass jdk/internal/jimage/NativeImageBuffer
instanceKlass jdk/internal/jimage/BasicImageReader$1
instanceKlass jdk/internal/jimage/BasicImageReader
instanceKlass jdk/internal/jimage/ImageReader
instanceKlass jdk/internal/jimage/ImageReaderFactory$1
instanceKlass jdk/internal/jimage/ImageReaderFactory
instanceKlass jdk/internal/module/SystemModuleFinders$SystemImage
instanceKlass jdk/internal/module/SystemModuleFinders$SystemModuleReader
instanceKlass java/lang/module/ModuleReader
instanceKlass jdk/internal/loader/BuiltinClassLoader$5
instanceKlass jdk/internal/loader/BuiltinClassLoader$2
instanceKlass jdk/internal/module/Resources
instanceKlass java/util/ServiceLoader$3
instanceKlass java/util/ServiceLoader$2
instanceKlass java/util/ServiceLoader$LazyClassPathLookupIterator
instanceKlass java/util/Spliterators$1Adapter
instanceKlass java/util/Spliterators$ArraySpliterator
instanceKlass java/util/Spliterator$OfDouble
instanceKlass java/util/Spliterator$OfLong
instanceKlass java/util/Spliterator$OfInt
instanceKlass java/util/Spliterator$OfPrimitive
instanceKlass java/util/Spliterators$EmptySpliterator
instanceKlass java/util/Spliterators
instanceKlass java/util/ServiceLoader$ModuleServicesLookupIterator
instanceKlass java/util/ServiceLoader
instanceKlass jdk/internal/logger/BootstrapLogger$DetectBackend$1
instanceKlass jdk/internal/logger/BootstrapLogger$DetectBackend
instanceKlass jdk/internal/logger/BootstrapLogger
instanceKlass sun/util/logging/PlatformLogger$ConfigurableBridge
instanceKlass sun/util/logging/PlatformLogger$Bridge
instanceKlass java/lang/System$Logger
instanceKlass java/util/stream/Streams
instanceKlass java/util/stream/Stream$Builder
instanceKlass java/util/stream/Streams$AbstractStreamBuilderImpl
instanceKlass java/util/stream/Sink$ChainedReference
instanceKlass java/util/stream/FindOps$FindOp
instanceKlass java/util/stream/TerminalOp
instanceKlass java/util/stream/FindOps$FindSink
instanceKlass java/util/stream/TerminalSink
instanceKlass java/util/stream/Sink
instanceKlass java/util/function/Consumer
instanceKlass java/util/stream/FindOps
instanceKlass sun/reflect/annotation/AnnotationParser
instanceKlass java/lang/Class$3
instanceKlass java/util/EnumMap$1
instanceKlass java/util/stream/StreamOpFlag$MaskBuilder
instanceKlass java/util/stream/Stream
instanceKlass java/util/stream/BaseStream
instanceKlass java/util/stream/PipelineHelper
instanceKlass java/util/stream/StreamSupport
instanceKlass java/util/ArrayList$ArrayListSpliterator
instanceKlass java/util/Spliterator
instanceKlass java/util/Hashtable$Enumerator
instanceKlass java/util/Collections$SynchronizedCollection
instanceKlass java/util/Properties$EntrySet
instanceKlass java/util/Collections$3
instanceKlass java/util/logging/LogManager$LoggerContext$1
instanceKlass java/util/logging/LogManager$VisitedLoggers
instanceKlass java/util/function/Predicate
instanceKlass java/net/URI$Parser
instanceKlass java/nio/file/FileSystems$DefaultFileSystemHolder$1
instanceKlass java/nio/file/FileSystems$DefaultFileSystemHolder
instanceKlass java/nio/file/FileSystems
instanceKlass java/nio/file/Paths
instanceKlass java/util/logging/Logger$ConfigurationData
instanceKlass java/util/logging/Logger$LoggerBundle
instanceKlass java/util/logging/LogManager$2
instanceKlass java/lang/System$LoggerFinder
instanceKlass java/security/Security$2
instanceKlass jdk/internal/access/JavaSecurityPropertiesAccess
instanceKlass java/util/concurrent/ConcurrentHashMap$MapEntry
instanceKlass java/io/FileInputStream$1
instanceKlass java/util/Properties$LineReader
instanceKlass java/security/Security$1
instanceKlass java/security/Security
instanceKlass sun/security/util/SecurityProperties
instanceKlass sun/security/util/FilePermCompat
instanceKlass java/util/logging/LogManager$LoggingProviderAccess
instanceKlass sun/util/logging/internal/LoggingProviderImpl$LogManagerAccess
instanceKlass java/lang/Shutdown$Lock
instanceKlass java/lang/Shutdown
instanceKlass java/lang/ApplicationShutdownHooks$1
instanceKlass java/lang/ApplicationShutdownHooks
instanceKlass java/util/Collections$SynchronizedMap
instanceKlass java/util/logging/LogManager$LogNode
instanceKlass java/util/logging/LogManager$LoggerContext
instanceKlass java/util/logging/LogManager$1
instanceKlass java/util/logging/LogManager
instanceKlass java/util/logging/LogRecord
instanceKlass java/util/logging/Logger
instanceKlass java/util/logging/Level
instanceKlass java/util/logging/Handler
instanceKlass java/util/Random
instanceKlass java/util/random/RandomGenerator
instanceKlass org/apache/spark/util/SparkClassUtils$
instanceKlass org/apache/spark/util/SparkClassUtils
instanceKlass org/apache/spark/internal/Logging$
instanceKlass scala/util/Either
instanceKlass scala/collection/Iterator
instanceKlass java/lang/ProcessEnvironment$CheckedEntry
instanceKlass java/lang/ProcessEnvironment$CheckedEntrySet$1
instanceKlass java/lang/ProcessEnvironment$EntryComparator
instanceKlass java/lang/ProcessEnvironment$NameComparator
instanceKlass scala/Option$
instanceKlass org/apache/spark/deploy/ClientApp
instanceKlass org/apache/spark/deploy/rest/RestSubmissionClientApp
instanceKlass scala/runtime/java8/JFunction1$mcVI$sp
instanceKlass org/apache/spark/deploy/SparkSubmit$
instanceKlass org/apache/spark/util/CommandLineUtils
instanceKlass org/apache/spark/util/CommandLineLoggingUtils
instanceKlass java/lang/PublicMethods$Key
instanceKlass java/lang/PublicMethods$MethodList
instanceKlass org/apache/spark/deploy/OptionAssigner
instanceKlass org/apache/hadoop/conf/Configured
instanceKlass org/apache/hadoop/conf/Configurable
instanceKlass org/apache/hadoop/fs/PathCapabilities
instanceKlass org/apache/hadoop/security/token/DelegationTokenIssuer
instanceKlass scala/collection/mutable/Buffer
instanceKlass scala/collection/mutable/BufferLike
instanceKlass scala/collection/script/Scriptable
instanceKlass scala/collection/generic/Shrinkable
instanceKlass scala/collection/CustomParallelizable
instanceKlass scala/collection/mutable/ResizableArray
instanceKlass scala/collection/mutable/IndexedSeqOptimized
instanceKlass scala/collection/IndexedSeqOptimized
instanceKlass scala/collection/mutable/IndexedSeq
instanceKlass scala/collection/mutable/IndexedSeqLike
instanceKlass scala/collection/IndexedSeq
instanceKlass scala/collection/IndexedSeqLike
instanceKlass scala/collection/mutable/Seq
instanceKlass scala/collection/mutable/SeqLike
instanceKlass scala/collection/mutable/Cloneable
instanceKlass scala/collection/mutable/Iterable
instanceKlass scala/collection/mutable/Traversable
instanceKlass scala/Mutable
instanceKlass scala/collection/mutable/Builder
instanceKlass scala/collection/generic/Growable
instanceKlass scala/collection/generic/Clearable
instanceKlass org/apache/hadoop/conf/Configuration
instanceKlass org/apache/hadoop/io/Writable
instanceKlass org/apache/spark/SparkConf
instanceKlass scala/Cloneable
instanceKlass org/apache/spark/SparkContext
instanceKlass scala/Tuple4
instanceKlass scala/Product4
instanceKlass org/slf4j/Logger
instanceKlass org/apache/spark/launcher/SparkSubmitOptionParser
instanceKlass org/apache/hadoop/fs/statistics/IOStatisticsSource
instanceKlass org/apache/hadoop/fs/ByteBufferPositionedReadable
instanceKlass org/apache/hadoop/fs/StreamCapabilities
instanceKlass org/apache/hadoop/fs/CanUnbuffer
instanceKlass org/apache/hadoop/fs/HasEnhancedByteBufferAccess
instanceKlass org/apache/hadoop/fs/CanSetReadahead
instanceKlass org/apache/hadoop/fs/CanSetDropBehind
instanceKlass org/apache/hadoop/fs/HasFileDescriptor
instanceKlass org/apache/hadoop/fs/ByteBufferReadable
instanceKlass org/apache/hadoop/fs/PositionedReadable
instanceKlass org/apache/hadoop/fs/Seekable
instanceKlass org/apache/spark/deploy/SparkApplication
instanceKlass scala/math/Ordering
instanceKlass scala/math/PartialOrdering
instanceKlass scala/math/Equiv
instanceKlass scala/collection/Map
instanceKlass scala/collection/MapLike
instanceKlass scala/collection/generic/Subtractable
instanceKlass scala/collection/GenMap
instanceKlass scala/collection/GenMapLike
instanceKlass scala/collection/AbstractTraversable
instanceKlass scala/collection/LinearSeqOptimized
instanceKlass scala/collection/immutable/LinearSeq
instanceKlass scala/collection/LinearSeq
instanceKlass scala/collection/LinearSeqLike
instanceKlass scala/collection/immutable/Seq
instanceKlass scala/collection/immutable/Iterable
instanceKlass scala/collection/immutable/Traversable
instanceKlass scala/Immutable
instanceKlass scala/Option
instanceKlass scala/Product2$mcII$sp
instanceKlass scala/Tuple2
instanceKlass scala/Serializable
instanceKlass scala/Product2
instanceKlass scala/Product
instanceKlass org/apache/spark/SparkThrowable
instanceKlass scala/Function0
instanceKlass scala/collection/Seq
instanceKlass scala/collection/SeqLike
instanceKlass scala/collection/GenSeq
instanceKlass scala/collection/GenSeqLike
instanceKlass scala/collection/Iterable
instanceKlass scala/collection/IterableLike
instanceKlass scala/Equals
instanceKlass scala/collection/GenIterable
instanceKlass scala/collection/GenIterableLike
instanceKlass scala/collection/Traversable
instanceKlass scala/collection/GenTraversable
instanceKlass scala/collection/generic/GenericTraversableTemplate
instanceKlass scala/collection/TraversableLike
instanceKlass scala/collection/GenTraversableLike
instanceKlass scala/collection/Parallelizable
instanceKlass scala/collection/TraversableOnce
instanceKlass scala/collection/GenTraversableOnce
instanceKlass scala/collection/generic/FilterMonadic
instanceKlass scala/collection/generic/HasNewBuilder
instanceKlass scala/PartialFunction
instanceKlass scala/Function1
instanceKlass org/apache/logging/log4j/core/Filter
instanceKlass org/apache/logging/log4j/core/LifeCycle
instanceKlass org/apache/spark/deploy/SparkSubmit
instanceKlass org/apache/spark/internal/Logging
instanceKlass java/security/SecureClassLoader$DebugHolder
instanceKlass java/security/PermissionCollection
instanceKlass java/security/SecureClassLoader$1
instanceKlass java/security/SecureClassLoader$CodeSourceKey
instanceKlass java/util/zip/Checksum$1
instanceKlass java/util/zip/CRC32
instanceKlass java/util/zip/Checksum
instanceKlass sun/nio/ByteBuffered
instanceKlass java/lang/Package$VersionInfo
instanceKlass java/lang/NamedPackage
instanceKlass jdk/internal/loader/Resource
instanceKlass java/util/StringTokenizer
instanceKlass java/security/CodeSigner
instanceKlass java/util/jar/JarVerifier
instanceKlass java/util/jar/Attributes$Name
instanceKlass java/util/jar/Attributes
instanceKlass java/util/TreeMap$PrivateEntryIterator
instanceKlass java/util/TreeMap$Entry
instanceKlass java/util/NavigableMap
instanceKlass java/util/SortedMap
instanceKlass java/util/NavigableSet
instanceKlass java/util/SortedSet
instanceKlass java/util/LinkedList$Node
instanceKlass java/nio/charset/CoderResult
instanceKlass java/io/Reader
instanceKlass java/lang/Readable
instanceKlass sun/security/action/GetIntegerAction
instanceKlass sun/security/util/Debug
instanceKlass sun/security/util/SignatureFileVerifier
instanceKlass java/util/zip/ZipFile$InflaterCleanupAction
instanceKlass java/util/zip/Inflater$InflaterZStreamRef
instanceKlass java/util/zip/Inflater
instanceKlass java/util/zip/ZipEntry
instanceKlass jdk/internal/util/jar/JarIndex
instanceKlass java/nio/Bits$1
instanceKlass jdk/internal/misc/VM$BufferPool
instanceKlass java/nio/Bits
instanceKlass sun/nio/ch/DirectBuffer
instanceKlass jdk/internal/perf/PerfCounter$CoreCounters
instanceKlass jdk/internal/perf/Perf
instanceKlass jdk/internal/perf/Perf$GetPerfAction
instanceKlass jdk/internal/perf/PerfCounter
instanceKlass java/nio/file/attribute/FileTime
instanceKlass java/util/zip/ZipUtils
instanceKlass java/util/zip/ZipFile$Source$End
instanceKlass java/io/RandomAccessFile$2
instanceKlass jdk/internal/access/JavaIORandomAccessFileAccess
instanceKlass java/io/RandomAccessFile
instanceKlass java/io/DataInput
instanceKlass java/io/DataOutput
instanceKlass sun/nio/fs/WindowsNativeDispatcher$CompletionStatus
instanceKlass sun/nio/fs/WindowsNativeDispatcher$AclInformation
instanceKlass sun/nio/fs/WindowsNativeDispatcher$Account
instanceKlass sun/nio/fs/WindowsNativeDispatcher$DiskFreeSpace
instanceKlass sun/nio/fs/WindowsNativeDispatcher$VolumeInformation
instanceKlass sun/nio/fs/WindowsNativeDispatcher$FirstStream
instanceKlass sun/nio/fs/WindowsNativeDispatcher$FirstFile
instanceKlass java/util/Enumeration
instanceKlass java/util/concurrent/ConcurrentHashMap$Traverser
instanceKlass java/util/concurrent/ConcurrentHashMap$CollectionView
instanceKlass jdk/internal/loader/NativeLibraries$NativeLibraryImpl
instanceKlass jdk/internal/loader/NativeLibrary
instanceKlass java/util/ArrayDeque$DeqIterator
instanceKlass jdk/internal/loader/NativeLibraries$1
instanceKlass jdk/internal/loader/NativeLibraries$LibraryPaths
instanceKlass sun/nio/fs/WindowsNativeDispatcher
instanceKlass sun/nio/fs/NativeBuffer$Deallocator
instanceKlass sun/nio/fs/NativeBuffer
instanceKlass java/lang/ThreadLocal$ThreadLocalMap
instanceKlass sun/nio/fs/NativeBuffers
instanceKlass sun/nio/fs/WindowsFileAttributes
instanceKlass java/nio/file/attribute/DosFileAttributes
instanceKlass sun/nio/fs/AbstractBasicFileAttributeView
instanceKlass sun/nio/fs/DynamicFileAttributeView
instanceKlass sun/nio/fs/WindowsFileAttributeViews
instanceKlass sun/nio/fs/Util
instanceKlass java/nio/file/attribute/BasicFileAttributeView
instanceKlass java/nio/file/attribute/FileAttributeView
instanceKlass java/nio/file/attribute/AttributeView
instanceKlass java/nio/file/Files
instanceKlass java/nio/file/CopyOption
instanceKlass java/nio/file/attribute/BasicFileAttributes
instanceKlass sun/nio/fs/WindowsPath
instanceKlass java/nio/file/Path
instanceKlass java/nio/file/Watchable
instanceKlass java/util/zip/ZipFile$Source$Key
instanceKlass sun/nio/fs/WindowsPathParser$Result
instanceKlass sun/nio/fs/WindowsPathParser
instanceKlass java/util/Collections$UnmodifiableCollection
instanceKlass java/util/Arrays$ArrayItr
instanceKlass java/nio/file/FileSystem
instanceKlass java/nio/file/OpenOption
instanceKlass java/nio/file/spi/FileSystemProvider
instanceKlass sun/nio/fs/DefaultFileSystemProvider
instanceKlass java/util/zip/ZipFile$Source
instanceKlass java/util/zip/ZipCoder
instanceKlass java/util/zip/ZipFile$CleanableResource
instanceKlass java/lang/Runtime$Version
instanceKlass java/util/jar/JavaUtilJarAccessImpl
instanceKlass jdk/internal/access/JavaUtilJarAccess
instanceKlass jdk/internal/loader/FileURLMapper
instanceKlass jdk/internal/loader/URLClassPath$JarLoader$1
instanceKlass java/util/zip/ZipFile$1
instanceKlass jdk/internal/access/JavaUtilZipFileAccess
instanceKlass java/util/zip/ZipFile
instanceKlass java/util/zip/ZipConstants
instanceKlass jdk/internal/loader/URLClassPath$Loader
instanceKlass jdk/internal/loader/URLClassPath$3
instanceKlass java/security/PrivilegedExceptionAction
instanceKlass sun/util/locale/LocaleObjectCache
instanceKlass sun/util/locale/BaseLocale$Key
instanceKlass sun/util/locale/LocaleUtils
instanceKlass sun/util/locale/BaseLocale
instanceKlass java/util/Locale
instanceKlass sun/net/util/URLUtil
instanceKlass java/lang/StringCoding
instanceKlass sun/nio/cs/MS1252$Holder
instanceKlass sun/nio/cs/ArrayDecoder
instanceKlass java/nio/charset/CharsetDecoder
instanceKlass sun/launcher/LauncherHelper
instanceKlass java/lang/invoke/StringConcatFactory$3
instanceKlass java/lang/invoke/StringConcatFactory$2
instanceKlass java/lang/invoke/StringConcatFactory$1
instanceKlass java/lang/invoke/StringConcatFactory
instanceKlass java/util/function/BiFunction
instanceKlass java/lang/WeakPairMap$Pair$Lookup
instanceKlass java/lang/WeakPairMap$Pair
instanceKlass java/lang/WeakPairMap
instanceKlass java/lang/Module$ReflectionData
instanceKlass java/lang/ref/Cleaner$Cleanable
instanceKlass jdk/internal/ref/CleanerImpl
instanceKlass java/lang/ref/Cleaner$1
instanceKlass java/lang/ref/Cleaner
instanceKlass jdk/internal/ref/CleanerFactory$1
instanceKlass java/util/concurrent/ThreadFactory
instanceKlass jdk/internal/ref/CleanerFactory
instanceKlass jdk/internal/org/objectweb/asm/FieldVisitor
instanceKlass java/util/ArrayList$Itr
instanceKlass java/lang/invoke/InvokerBytecodeGenerator$ClassData
instanceKlass jdk/internal/org/objectweb/asm/Frame
instanceKlass java/lang/invoke/LambdaFormBuffer
instanceKlass java/lang/invoke/LambdaFormEditor$TransformKey
instanceKlass java/lang/invoke/LambdaFormEditor
instanceKlass sun/invoke/util/Wrapper$1
instanceKlass java/lang/invoke/DelegatingMethodHandle$Holder
instanceKlass java/lang/invoke/DirectMethodHandle$2
instanceKlass sun/invoke/empty/Empty
instanceKlass sun/invoke/util/VerifyType
instanceKlass java/lang/invoke/ClassSpecializer$Factory
instanceKlass java/lang/invoke/ClassSpecializer$SpeciesData
instanceKlass java/lang/invoke/ClassSpecializer$1
instanceKlass java/lang/invoke/ClassSpecializer
instanceKlass java/lang/invoke/InnerClassLambdaMetafactory$1
instanceKlass java/lang/invoke/MethodHandles$Lookup$ClassDefiner
instanceKlass jdk/internal/org/objectweb/asm/ClassReader
instanceKlass java/lang/invoke/MethodHandles$Lookup$ClassFile
instanceKlass jdk/internal/org/objectweb/asm/AnnotationVisitor
instanceKlass jdk/internal/org/objectweb/asm/Attribute
instanceKlass jdk/internal/org/objectweb/asm/Handler
instanceKlass jdk/internal/org/objectweb/asm/Label
instanceKlass jdk/internal/org/objectweb/asm/MethodVisitor
instanceKlass java/lang/invoke/LambdaProxyClassArchive
instanceKlass jdk/internal/org/objectweb/asm/ByteVector
instanceKlass jdk/internal/org/objectweb/asm/Symbol
instanceKlass jdk/internal/org/objectweb/asm/SymbolTable
instanceKlass jdk/internal/org/objectweb/asm/ClassVisitor
instanceKlass java/lang/invoke/InfoFromMemberName
instanceKlass java/lang/invoke/MethodHandleInfo
instanceKlass jdk/internal/org/objectweb/asm/ConstantDynamic
instanceKlass sun/invoke/util/BytecodeDescriptor
instanceKlass jdk/internal/org/objectweb/asm/Handle
instanceKlass sun/security/action/GetBooleanAction
instanceKlass jdk/internal/org/objectweb/asm/Type
instanceKlass java/lang/invoke/AbstractValidatingLambdaMetafactory
instanceKlass java/lang/invoke/MethodHandleImpl$1
instanceKlass jdk/internal/access/JavaLangInvokeAccess
instanceKlass java/lang/invoke/Invokers$Holder
instanceKlass java/lang/invoke/BootstrapMethodInvoker
instanceKlass java/lang/invoke/InvokerBytecodeGenerator$2
instanceKlass java/lang/invoke/InvokerBytecodeGenerator
instanceKlass java/lang/invoke/LambdaForm$Holder
instanceKlass java/lang/invoke/LambdaForm$Name
instanceKlass java/lang/reflect/Array
instanceKlass java/lang/invoke/Invokers
instanceKlass java/lang/invoke/MethodHandleImpl
instanceKlass sun/invoke/util/ValueConversions
instanceKlass java/lang/invoke/DirectMethodHandle$Holder
instanceKlass java/lang/invoke/LambdaForm$NamedFunction
instanceKlass sun/invoke/util/Wrapper$Format
instanceKlass java/lang/invoke/MethodTypeForm
instanceKlass java/lang/Void
instanceKlass java/lang/invoke/MethodType$ConcurrentWeakInternSet
instanceKlass java/lang/invoke/LambdaMetafactory
instanceKlass java/lang/ModuleLayer$Controller
instanceKlass java/util/concurrent/CopyOnWriteArrayList
instanceKlass jdk/internal/module/ServicesCatalog$ServiceProvider
instanceKlass jdk/internal/loader/AbstractClassLoaderValue$Memoizer
instanceKlass java/util/ImmutableCollections$ListItr
instanceKlass java/util/ListIterator
instanceKlass java/lang/ModuleLayer
instanceKlass jdk/internal/module/ModuleLoaderMap$Modules
instanceKlass jdk/internal/module/ModuleLoaderMap$Mapper
instanceKlass java/util/function/Function
instanceKlass jdk/internal/module/ModuleLoaderMap
instanceKlass java/util/AbstractMap$1$1
instanceKlass java/lang/module/ResolvedModule
instanceKlass java/lang/module/Configuration
instanceKlass jdk/internal/loader/BuiltinClassLoader$LoadedModule
instanceKlass jdk/internal/loader/AbstractClassLoaderValue
instanceKlass jdk/internal/module/ServicesCatalog
instanceKlass jdk/internal/util/Preconditions
instanceKlass sun/net/util/IPAddressUtil
instanceKlass java/net/URLStreamHandler
instanceKlass java/util/HexFormat
instanceKlass sun/net/www/ParseUtil
instanceKlass java/net/URL$3
instanceKlass jdk/internal/access/JavaNetURLAccess
instanceKlass java/net/URL$DefaultFactory
instanceKlass java/net/URLStreamHandlerFactory
instanceKlass jdk/internal/loader/URLClassPath
instanceKlass java/security/Principal
instanceKlass java/security/ProtectionDomain$Key
instanceKlass java/security/ProtectionDomain$JavaSecurityAccessImpl
instanceKlass jdk/internal/access/JavaSecurityAccess
instanceKlass java/lang/ClassLoader$ParallelLoaders
instanceKlass java/security/cert/Certificate
instanceKlass jdk/internal/loader/ArchivedClassLoaders
instanceKlass java/util/Deque
instanceKlass java/util/Queue
instanceKlass jdk/internal/loader/ClassLoaderHelper
instanceKlass jdk/internal/loader/NativeLibraries
instanceKlass jdk/internal/loader/BootLoader
instanceKlass java/util/Optional
instanceKlass jdk/internal/module/SystemModuleFinders$SystemModuleFinder
instanceKlass java/lang/module/ModuleFinder
instanceKlass jdk/internal/module/SystemModuleFinders$3
instanceKlass jdk/internal/module/ModuleHashes$HashSupplier
instanceKlass jdk/internal/module/SystemModuleFinders$2
instanceKlass java/util/function/Supplier
instanceKlass java/lang/module/ModuleReference
instanceKlass jdk/internal/module/ModuleResolution
instanceKlass java/util/Collections$UnmodifiableMap
instanceKlass jdk/internal/module/ModuleHashes$Builder
instanceKlass jdk/internal/module/ModuleHashes
instanceKlass jdk/internal/module/ModuleTarget
instanceKlass java/util/ImmutableCollections$Set12$1
instanceKlass java/lang/Enum
instanceKlass java/lang/module/ModuleDescriptor$Version
instanceKlass java/lang/module/ModuleDescriptor$Provides
instanceKlass java/lang/module/ModuleDescriptor$Opens
instanceKlass java/util/ImmutableCollections$SetN$SetNIterator
instanceKlass java/lang/module/ModuleDescriptor$Exports
instanceKlass java/lang/module/ModuleDescriptor$Requires
instanceKlass jdk/internal/module/Builder
instanceKlass jdk/internal/module/SystemModules$default
instanceKlass jdk/internal/module/SystemModules
instanceKlass jdk/internal/module/SystemModulesMap
instanceKlass java/net/URI$1
instanceKlass jdk/internal/access/JavaNetUriAccess
instanceKlass java/net/URI
instanceKlass jdk/internal/module/SystemModuleFinders
instanceKlass jdk/internal/module/ArchivedModuleGraph
instanceKlass jdk/internal/module/ArchivedBootLayer
instanceKlass jdk/internal/module/ModuleBootstrap$Counters
instanceKlass jdk/internal/module/ModulePatcher
instanceKlass java/io/FileSystem
instanceKlass java/io/DefaultFileSystem
instanceKlass java/io/File
instanceKlass java/lang/module/ModuleDescriptor$1
instanceKlass jdk/internal/access/JavaLangModuleAccess
instanceKlass sun/invoke/util/VerifyAccess
instanceKlass java/lang/module/ModuleDescriptor
instanceKlass jdk/internal/module/ModuleBootstrap
instanceKlass sun/security/action/GetPropertyAction
instanceKlass java/lang/invoke/MethodHandleStatics
instanceKlass java/util/Collections
instanceKlass sun/io/Win32ErrorMode
instanceKlass jdk/internal/misc/OSEnvironment
instanceKlass jdk/internal/misc/Signal$NativeHandler
instanceKlass java/util/Hashtable$Entry
instanceKlass jdk/internal/misc/Signal
instanceKlass java/lang/Terminator$1
instanceKlass jdk/internal/misc/Signal$Handler
instanceKlass java/lang/Terminator
instanceKlass java/nio/ByteOrder
instanceKlass java/nio/Buffer$1
instanceKlass jdk/internal/access/JavaNioAccess
instanceKlass jdk/internal/misc/ScopedMemoryAccess
instanceKlass java/nio/charset/CodingErrorAction
instanceKlass sun/nio/cs/SingleByte
instanceKlass java/lang/StringUTF16
instanceKlass sun/nio/cs/IBM437$Holder
instanceKlass sun/nio/cs/ArrayEncoder
instanceKlass java/nio/charset/CharsetEncoder
instanceKlass java/io/Writer
instanceKlass java/lang/reflect/Modifier
instanceKlass java/lang/Class$1
instanceKlass java/lang/Class$Atomic
instanceKlass java/lang/Class$ReflectionData
instanceKlass jdk/internal/util/ArraysSupport
instanceKlass java/nio/charset/StandardCharsets
instanceKlass sun/nio/cs/HistoricallyNamedCharset
instanceKlass java/lang/ThreadLocal
instanceKlass java/nio/charset/spi/CharsetProvider
instanceKlass java/nio/charset/Charset
instanceKlass java/io/OutputStream
instanceKlass java/io/Flushable
instanceKlass java/io/FileDescriptor$1
instanceKlass jdk/internal/access/JavaIOFileDescriptorAccess
instanceKlass java/io/FileDescriptor
instanceKlass jdk/internal/util/StaticProperty
instanceKlass java/util/HashMap$HashIterator
instanceKlass java/lang/Integer$IntegerCache
instanceKlass java/lang/CharacterData
instanceKlass java/util/Arrays
instanceKlass java/lang/VersionProps
instanceKlass java/lang/StringConcatHelper
instanceKlass jdk/internal/misc/VM
instanceKlass jdk/internal/util/SystemProps$Raw
instanceKlass jdk/internal/util/SystemProps
instanceKlass java/lang/System$2
instanceKlass jdk/internal/access/JavaLangAccess
instanceKlass java/lang/ref/Reference$1
instanceKlass jdk/internal/access/JavaLangRefAccess
instanceKlass java/lang/ref/ReferenceQueue$Lock
instanceKlass java/lang/ref/ReferenceQueue
instanceKlass jdk/internal/reflect/ReflectionFactory
instanceKlass jdk/internal/reflect/ReflectionFactory$GetReflectionFactoryAction
instanceKlass java/security/PrivilegedAction
instanceKlass java/util/concurrent/locks/LockSupport
instanceKlass java/util/concurrent/ConcurrentHashMap$Node
instanceKlass java/util/concurrent/ConcurrentHashMap$CounterCell
instanceKlass java/util/concurrent/locks/ReentrantLock
instanceKlass java/util/concurrent/locks/Lock
instanceKlass java/lang/Runtime
instanceKlass java/util/HashMap$Node
instanceKlass java/util/KeyValueHolder
instanceKlass java/util/Map$Entry
instanceKlass java/util/ImmutableCollections$MapN$MapNIterator
instanceKlass java/lang/Math
instanceKlass jdk/internal/reflect/Reflection
instanceKlass java/lang/invoke/MethodHandles$Lookup
instanceKlass java/lang/StringLatin1
instanceKlass java/security/Permission
instanceKlass java/security/Guard
instanceKlass java/lang/invoke/MemberName$Factory
instanceKlass java/lang/invoke/MethodHandles
instanceKlass jdk/internal/access/SharedSecrets
instanceKlass java/lang/reflect/ReflectAccess
instanceKlass jdk/internal/access/JavaLangReflectAccess
instanceKlass java/util/ImmutableCollections
instanceKlass java/util/Objects
instanceKlass java/util/Set
instanceKlass jdk/internal/misc/CDS
instanceKlass java/lang/Module$ArchivedData
instanceKlass java/lang/String$CaseInsensitiveComparator
instanceKlass java/util/Comparator
instanceKlass java/io/ObjectStreamField
instanceKlass jdk/internal/vm/vector/VectorSupport$VectorPayload
instanceKlass jdk/internal/vm/vector/VectorSupport
instanceKlass java/lang/reflect/RecordComponent
instanceKlass java/util/Iterator
instanceKlass java/lang/Number
instanceKlass java/lang/Character
instanceKlass java/lang/Boolean
instanceKlass java/util/concurrent/locks/AbstractOwnableSynchronizer
instanceKlass java/lang/LiveStackFrame
instanceKlass java/lang/StackFrameInfo
instanceKlass java/lang/StackWalker$StackFrame
instanceKlass java/lang/StackStreamFactory$AbstractStackWalker
instanceKlass java/lang/StackWalker
instanceKlass java/nio/Buffer
instanceKlass java/lang/StackTraceElement
instanceKlass java/util/RandomAccess
instanceKlass java/util/List
instanceKlass java/util/AbstractCollection
instanceKlass java/util/Collection
instanceKlass java/lang/Iterable
instanceKlass java/util/concurrent/ConcurrentMap
instanceKlass java/util/AbstractMap
instanceKlass java/security/CodeSource
instanceKlass jdk/internal/loader/ClassLoaders
instanceKlass java/util/jar/Manifest
instanceKlass java/net/URL
instanceKlass java/io/InputStream
instanceKlass java/io/Closeable
instanceKlass java/lang/AutoCloseable
instanceKlass jdk/internal/module/Modules
instanceKlass jdk/internal/misc/Unsafe
instanceKlass jdk/internal/misc/UnsafeConstants
instanceKlass java/lang/AbstractStringBuilder
instanceKlass java/lang/Appendable
instanceKlass java/lang/AssertionStatusDirectives
instanceKlass java/lang/invoke/MethodHandleNatives$CallSiteContext
instanceKlass jdk/internal/invoke/NativeEntryPoint
instanceKlass java/lang/invoke/CallSite
instanceKlass java/lang/invoke/MethodType
instanceKlass java/lang/invoke/TypeDescriptor$OfMethod
instanceKlass java/lang/invoke/LambdaForm
instanceKlass java/lang/invoke/MethodHandleNatives
instanceKlass java/lang/invoke/ResolvedMethodName
instanceKlass java/lang/invoke/MemberName
instanceKlass java/lang/invoke/VarHandle
instanceKlass java/lang/invoke/MethodHandle
instanceKlass jdk/internal/reflect/CallerSensitive
instanceKlass java/lang/annotation/Annotation
instanceKlass jdk/internal/reflect/FieldAccessor
instanceKlass jdk/internal/reflect/ConstantPool
instanceKlass jdk/internal/reflect/ConstructorAccessor
instanceKlass jdk/internal/reflect/MethodAccessor
instanceKlass jdk/internal/reflect/MagicAccessorImpl
instanceKlass java/lang/reflect/Parameter
instanceKlass java/lang/reflect/Member
instanceKlass java/lang/reflect/AccessibleObject
instanceKlass java/lang/Module
instanceKlass java/util/Map
instanceKlass java/util/Dictionary
instanceKlass java/lang/ThreadGroup
instanceKlass java/lang/Thread$UncaughtExceptionHandler
instanceKlass java/lang/Thread
instanceKlass java/lang/Runnable
instanceKlass java/lang/ref/Reference
instanceKlass java/lang/Record
instanceKlass java/security/AccessController
instanceKlass java/security/AccessControlContext
instanceKlass java/security/ProtectionDomain
instanceKlass java/lang/SecurityManager
instanceKlass java/lang/Throwable
instanceKlass java/lang/System
instanceKlass java/lang/ClassLoader
instanceKlass java/lang/Cloneable
instanceKlass java/lang/Class
instanceKlass java/lang/invoke/TypeDescriptor$OfField
instanceKlass java/lang/invoke/TypeDescriptor
instanceKlass java/lang/reflect/Type
instanceKlass java/lang/reflect/GenericDeclaration
instanceKlass java/lang/reflect/AnnotatedElement
instanceKlass java/lang/String
instanceKlass java/lang/constant/ConstantDesc
instanceKlass java/lang/constant/Constable
instanceKlass java/lang/CharSequence
instanceKlass java/lang/Comparable
instanceKlass java/io/Serializable
ciInstanceKlass java/lang/Object 1 1 92 7 1 10 12 1 1 10 7 12 1 1 1 10 7 12 1 1 1 10 12 1 1 8 1 10 12 1 1 10 7 12 1 1 1 10 12 1 10 12 1 1 100 1 8 1 10 12 1 3 8 1 100 1 5 0 1 1 1 1 1 1 1 1 1 1 1 1 1 1 1 1 7 1 1 1 7 1 1 1 1 1 1 1 7 1 1 1 1 1 1 1
ciMethod java/lang/Object equals (Ljava/lang/Object;)Z 520 0 840858 0 -1
ciMethod java/lang/Object toString ()Ljava/lang/String; 2 0 70 0 -1
ciInstanceKlass java/lang/Class 1 1 1600 10 7 12 1 1 1 9 7 12 1 1 1 9 12 1 1 7 1 10 10 12 1 1 8 1 10 12 1 8 1 8 1 10 12 1 1 10 12 1 1 10 12 1 10 10 12 1 10 12 1 1 10 12 1 1 10 7 12 1 1 10 12 1 10 12 1 10 12 1 8 1 10 12 1 8 1 10 12 1 8 1 8 1 10 12 1 1 10 7 12 1 1 1 18 12 1 1 11 7 12 1 1 1 8 1 8 1 8 1 10 7 12 1 1 1 11 12 1 1 7 1 8 1 10 12 1 11 7 12 1 1 1 10 12 1 1 11 8 1 18 8 1 10 12 1 10 7 12 1 1 10 7 12 1 1 1 10 12 1 1 10 7 12 1 1 1 9 100 12 1 1 1 10 100 12 1 1 1 10 7 12 1 1 1 10 12 1 1 18 12 1 1 10 7 12 1 1 1 10 7 12 1 1 10 12 1 1 10 7 1 100 1 10 12 1 1 9 12 1 1 7 1 8 1 10 12 1 10 12 1 1 10 12 1 1 10 7 12 1 1 1 7 1 10 12 1 7 1 7 1 10 10 12 1 1 10 12 1 1 100 1 10 100 12 1 1 1 10 12 1 1 10 12 1 1 9 12 1 1 10 12 1 10 12 1 10 12 1 1 9 12 1 1 9 12 1 1 10 12 1 1 10 7 1 10 12 1 10 12 1 10 12 1 1 10 9 12 1 10 12 1 8 1 10 12 1 1 10 12 1 1 10 12 1 10 12 1 1 10 12 1 1 10 12 1 1 9 7 12 1 1 1 10 7 12 1 1 10 12 10 12 1 10 12 1 1 10 7 12 1 1 10 12 1 10 12 1 1 10 100 12 1 1 1 10 12 1 10 12 1 1 10 12 1 10 12 1 10 12 1 1 10 7 1 10 10 10 12 1 1 10 12 1 1 10 12 10 12 1 1 100 1 8 1 10 10 12 1 1 10 12 1 100 1 11 12 1 10 100 12 1 1 10 12 1 10 12 1 10 100 12 1 1 10 10 12 1 1 8 1 10 12 1 10 12 1 1 8 1 9 12 1 10 12 1 10 12 1 10 12 1 10 12 100 1 9 12 1 10 12 1 9 12 1 10 12 1 10 12 1 10 12 1 10 10 12 1 10 12 1 10 12 1 10 12 1 10 12 1 10 12 1 100 1 10 12 1 10 12 1 1 10 12 1 1 10 12 1 1 10 12 1 1 10 12 1 1 10 12 1 1 7 1 10 10 12 1 1 10 12 1 1 10 12 1 1 10 10 12 1 10 12 1 1 10 12 1 1 10 12 1 1 10 12 1 1 7 1 10 10 12 11 100 12 1 1 10 12 1 1 10 12 1 10 7 12 1 1 1 10 12 1 1 10 10 12 1 1 100 1 10 10 12 1 1 10 100 12 1 1 1 100 1 7 1 10 12 1 1 10 12 1 10 10 12 1 1 10 12 1 10 12 1 10 12 1 10 100 12 1 1 1 11 7 12 1 1 10 12 1 10 12 1 9 12 1 10 12 1 1 10 12 1 9 100 12 1 1 1 9 12 1 10 100 12 1 1 1 10 12 1 10 12 1 10 100 12 1 1 1 10 12 1 10 12 10 12 1 1 100 1 10 8 1 10 12 1 11 11 12 1 1 11 7 12 1 1 11 12 1 8 1 10 12 1 10 12 1 1 9 12 1 9 12 1 1 10 7 12 1 1 9 12 1 10 12 1 1 10 10 12 1 10 7 12 1 1 1 10 7 12 1 1 10 7 12 1 1 9 12 1 1 10 12 1 9 12 1 10 12 1 10 12 1 1 9 12 1 1 9 12 1 10 12 1 10 12 1 1 9 12 1 7 1 10 10 12 1 1 7 1 10 12 1 1 7 11 100 1 9 12 1 1 9 12 1 100 1 10 12 1 9 12 1 1 9 12 1 10 12 1 10 12 1 1 9 12 1 7 1 10 10 12 1 1 10 10 12 1 1 10 12 10 10 12 1 9 12 1 10 12 1 1 10 7 12 1 1 1 10 12 1 1 10 12 1 8 10 7 8 1 18 8 1 8 1 10 12 1 9 12 1 9 12 1 1 10 12 1 7 1 7 1 10 12 1 9 12 1 1 7 1 10 10 12 1 10 7 1 9 12 1 8 1 10 12 1 7 1 10 12 1 10 12 1 1 9 12 1 100 1 8 1 10 7 1 4 10 10 12 11 7 12 1 1 1 10 12 1 100 1 10 12 1 1 10 8 1 8 1 10 12 1 1 9 7 12 1 1 11 12 7 1 11 7 12 1 1 9 12 1 10 100 12 1 1 1 10 7 12 1 1 10 12 1 1 9 12 1 9 10 12 1 1 10 12 1 1 10 12 1 1 10 12 1 1 10 12 1 1 11 12 1 7 1 11 12 1 10 7 12 1 1 1 10 12 1 7 1 11 12 1 10 7 12 1 1 1 10 12 1 10 11 12 1 11 12 1 1 10 12 1 10 12 1 1 9 12 1 1 9 100 12 1 1 10 12 1 10 100 12 1 1 1 10 12 1 1 10 12 1 10 12 1 10 12 1 10 7 12 1 1 1 10 12 1 8 1 10 12 1 10 12 1 10 12 1 10 100 12 1 1 1 11 100 12 1 1 1 10 12 1 1 10 12 1 18 12 1 1 11 12 1 1 18 11 12 1 18 12 1 11 12 1 10 12 1 1 10 12 1 10 12 1 10 12 10 12 1 8 1 10 12 1 7 1 9 12 1 1 100 1 100 1 100 1 100 1 100 1 1 1 3 1 3 1 3 1 1 1 1 1 1 1 5 0 1 1 1 1 1 1 1 1 1 1 1 1 1 1 1 1 1 1 1 1 1 1 1 100 1 1 1 1 1 1 1 100 1 1 1 1 1 1 7 1 1 1 1 1 1 1 1 1 1 1 1 1 1 1 1 1 1 1 1 1 1 1 1 1 1 1 1 1 1 1 1 1 1 1 1 1 1 100 1 1 1 1 1 1 1 1 1 1 1 1 1 1 1 1 1 1 1 1 1 1 1 1 1 1 1 1 100 1 1 1 1 1 1 1 1 1 1 1 1 1 1 1 1 1 1 1 1 1 1 1 1 1 1 1 1 1 1 1 1 1 1 1 1 1 1 1 1 1 1 1 1 1 1 1 1 1 1 1 1 1 100 1 100 1 1 1 1 1 1 1 100 1 1 1 1 1 1 1 1 1 1 1 1 1 1 1 1 1 1 1 1 1 1 1 1 1 1 1 1 1 1 1 1 1 1 1 1 1 1 1 1 1 1 1 1 1 1 1 1 1 1 1 1 1 1 1 100 1 1 1 1 1 1 1 1 1 1 1 1 1 1 1 1 1 1 1 1 1 1 1 1 1 1 1 1 1 1 1 1 1 1 1 1 1 1 1 1 1 1 1 1 1 1 1 1 1 1 1 1 1 1 1 1 1 1 1 1 1 1 1 1 1 1 1 1 15 10 7 12 1 1 1 16 15 10 12 16 15 11 12 16 1 16 15 16 15 10 12 16 16 15 10 12 16 15 16 1 15 10 12 16 1 1 1 1 1 1 1 1 1 100 1 1 100 1 100 1 1 100 1 100 1 1
staticfield java/lang/Class EMPTY_CLASS_ARRAY [Ljava/lang/Class; 0 [Ljava/lang/Class;
staticfield java/lang/Class serialPersistentFields [Ljava/io/ObjectStreamField; 0 [Ljava/io/ObjectStreamField;
ciInstanceKlass java/io/Serializable 1 0 7 100 1 100 1 1 1
instanceKlass jdk/internal/vm/vector/VectorSupport$VectorShuffle
instanceKlass jdk/internal/vm/vector/VectorSupport$VectorMask
instanceKlass jdk/internal/vm/vector/VectorSupport$Vector
ciInstanceKlass jdk/internal/vm/vector/VectorSupport$VectorPayload 0 0 32 10 100 12 1 1 1 9 100 12 1 1 1 10 100 12 1 1 1 1 1 1 1 1 1 1 1 1 1 1 1 1
ciInstanceKlass jdk/internal/vm/vector/VectorSupport$VectorShuffle 0 0 28 10 100 12 1 1 1 100 1 1 1 1 1 1 1 1 1 1 1 1 1 1 1 100 1 1 1 1
ciInstanceKlass jdk/internal/vm/vector/VectorSupport$VectorMask 0 0 28 10 100 12 1 1 1 100 1 1 1 1 1 1 1 1 1 1 1 1 1 1 1 100 1 1 1 1
ciInstanceKlass jdk/internal/vm/vector/VectorSupport$Vector 0 0 28 10 100 12 1 1 1 100 1 1 1 1 1 1 1 1 1 1 1 1 1 1 1 100 1 1 1 1
ciInstanceKlass jdk/internal/vm/vector/VectorSupport 0 0 487 100 1 10 100 12 1 1 1 9 12 1 1 10 12 1 1 100 1 10 12 1 11 100 12 1 1 1 11 100 12 1 1 1 11 100 12 1 1 11 100 12 1 1 1 11 100 1 100 1 10 12 1 1 11 100 12 1 1 11 100 12 1 1 100 1 11 100 12 1 1 11 100 12 1 1 11 100 12 1 1 1 11 100 12 1 1 1 11 100 12 1 1 1 11 100 12 1 1 1 100 1 10 12 1 1 11 100 12 1 1 100 1 11 100 12 1 1 11 100 12 1 1 11 100 12 1 1 11 100 1 100 1 9 12 1 1 10 100 12 1 1 11 100 12 1 1 10 12 1 1 10 100 12 1 1 1 10 12 1 10 12 1 1 10 12 1 1 1 1 1 3 1 3 1 3 1 3 1 3 1 3 1 3 1 3 1 3 1 3 1 3 1 3 1 3 1 3 1 3 1 3 1 3 1 3 1 3 1 3 1 3 1 3 1 3 1 3 1 3 1 3 1 3 1 3 1 3 1 3 1 3 1 3 1 3 1 3 1 3 1 3 1 3 1 3 1 3 1 1 1 1 1 3 1 1 1 1 1 1 3 1 1 1 1 1 1 1 1 1 1 1 1 1 1 1 1 1 1 1 1 1 1 1 1 1 1 1 1 1 1 1 1 1 1 1 1 1 1 1 1 1 1 1 1 1 1 1 1 1 1 1 1 1 1 1 1 1 1 1 1 1 1 1 1 1 1 1 1 1 1 1 1 1 1 1 1 1 1 1 1 1 1 1 1 1 1 1 1 1 1 1 1 1 1 1 1 1 1 1 1 1 1 1 1 1 1 1 1 1 1 1 1 1 1 1 1 1 1 1 1 1 1 1 1 1 1 1 1 1 1 1 1 1 1 1 1 1 1 1 1 1 1 1 1 1 1 1 1 1 1 1 1 1 1 1 1 1 1 1 1 1 1 1 1 1 1 1 1 1 1 1 1 1 1 1 1 1 1 1 1 1 1 1 1 1 1 1 1 1 1 1 1 1 1 1 1 1 1 1 100 1 100 1 1 1 1 1 1 1 1 1 1 1 1 1 1 1 1 1 1 1 1 1 1 1 1
ciInstanceKlass java/lang/reflect/RecordComponent 0 0 196 10 100 12 1 1 1 9 100 12 1 1 1 9 12 1 1 9 12 1 10 12 1 1 10 12 1 1 10 100 12 1 1 1 10 12 1 1 9 12 1 1 10 12 1 1 10 12 1 1 10 12 1 10 100 12 1 1 10 100 12 1 1 9 12 1 1 10 100 12 1 1 1 11 100 12 1 1 1 10 9 100 12 1 1 1 10 100 12 1 1 1 9 12 1 1 10 100 12 1 1 1 10 12 1 1 11 100 12 1 1 10 100 12 1 1 100 1 9 12 1 9 12 1 1 9 12 1 10 100 12 1 1 1 10 12 1 1 10 12 1 1 100 1 10 10 12 1 10 12 1 1 8 1 10 12 1 10 12 1 9 12 1 100 1 1 1 1 1 1 1 1 1 1 1 1 1 1 1 1 1 1 1 1 1 1 100 1 1 1 1 1 1 100 1 1
ciInstanceKlass java/util/Iterator 1 1 53 100 1 8 1 10 12 1 1 10 7 12 1 1 1 11 7 12 1 1 1 11 12 1 1 11 7 12 1 1 1 100 1 1 1 1 1 1 1 1 1 1 1 1 1 1 1 1 1 1 1 1 1
ciInstanceKlass java/lang/System 1 1 803 10 100 12 1 1 1 9 7 12 1 1 1 10 12 1 10 12 1 1 10 12 1 1 10 12 1 9 12 1 1 10 7 12 1 1 1 11 7 12 1 1 1 10 100 12 1 1 1 10 12 1 1 10 12 1 1 100 1 8 1 10 12 1 10 100 12 1 1 1 10 7 12 1 1 1 18 12 1 1 10 100 12 1 1 1 100 1 10 12 1 1 10 100 12 1 1 1 10 12 1 10 7 12 1 1 1 9 100 12 1 1 1 10 100 12 1 1 1 11 7 12 1 1 1 10 12 1 1 10 7 12 1 1 1 100 1 10 10 12 1 1 8 1 10 12 1 8 1 10 12 1 9 12 1 1 8 1 10 7 12 1 1 1 10 12 1 1 100 1 8 1 10 9 12 1 1 8 1 10 12 1 1 10 100 12 1 1 1 8 1 10 12 1 100 1 10 12 1 8 1 10 12 1 10 12 1 1 100 1 10 12 10 12 1 9 12 1 1 9 12 1 1 10 7 12 1 1 1 10 7 12 1 1 1 10 12 1 1 10 12 1 10 12 1 10 7 12 1 1 1 10 12 1 100 1 100 1 8 1 10 12 1 10 12 1 1 7 1 10 12 1 100 1 8 1 10 10 12 1 100 1 8 1 10 8 1 10 7 12 1 1 8 1 10 12 100 1 8 1 10 10 12 1 1 10 7 12 1 1 1 100 1 18 12 1 100 1 9 100 12 1 1 1 10 12 1 100 1 10 12 1 1 10 12 1 1 10 7 12 1 1 1 10 12 1 1 10 12 1 10 12 1 10 12 1 1 10 12 1 7 1 10 12 1 10 12 1 100 1 10 12 1 10 7 12 1 1 1 100 1 8 1 10 9 12 1 9 12 1 10 12 1 10 100 12 1 1 10 12 1 10 12 1 1 8 1 10 12 1 1 8 1 11 12 1 10 12 11 12 1 1 11 7 12 1 1 1 11 7 12 1 1 11 12 1 1 7 1 11 12 1 10 12 1 8 1 10 12 1 1 8 1 8 1 8 1 8 1 11 12 1 10 12 1 10 12 1 10 12 1 10 7 12 1 1 8 1 7 1 9 7 12 1 1 1 10 12 1 7 1 9 12 10 9 12 7 1 10 12 8 1 10 12 1 1 8 1 10 7 12 1 1 10 12 1 10 7 12 1 1 1 10 12 1 1 10 7 12 1 1 1 10 12 10 7 12 1 1 1 9 12 1 1 100 1 8 1 10 12 1 1 10 7 12 1 1 1 7 1 10 12 1 1 8 1 10 8 1 8 1 8 1 8 1 10 10 7 12 1 1 10 12 1 1 10 12 1 1 10 12 1 1 10 12 1 10 100 12 1 1 1 10 100 1 8 1 10 10 10 12 1 1 10 12 1 1 8 1 10 12 1 8 1 10 12 1 10 12 1 1 7 1 10 10 12 1 10 12 1 9 12 1 1 1 3 1 3 1 1 1 1 1 1 1 1 1 1 1 1 100 1 1 7 1 1 1 1 1 1 1 1 1 1 1 100 1 100 1 1 1 1 1 1 1 1 1 1 1 1 1 1 1 1 1 1 1 1 1 1 1 1 1 1 1 1 1 1 1 1 1 1 1 1 1 1 1 1 1 1 1 1 1 1 1 1 1 1 1 1 1 1 1 1 1 1 100 1 1 1 1 1 1 1 1 1 1 1 1 1 1 1 1 1 1 1 1 1 1 1 1 1 1 1 1 1 1 1 1 1 100 1 1 15 10 100 12 1 1 1 16 15 10 12 1 1 16 15 10 12 16 1 1 1 1 1 1 1 100 1 100 1 1
staticfield java/lang/System in Ljava/io/InputStream; java/io/BufferedInputStream
staticfield java/lang/System out Ljava/io/PrintStream; java/io/PrintStream
staticfield java/lang/System err Ljava/io/PrintStream; java/io/PrintStream
instanceKlass scala/reflect/internal/util/AbstractFileClassLoader
instanceKlass org/codehaus/commons/compiler/util/reflect/ByteArrayClassLoader
instanceKlass org/apache/spark/util/ParentClassLoader
instanceKlass org/apache/spark/util/StubClassLoader
instanceKlass org/apache/spark/executor/ExecutorClassLoader
instanceKlass jdk/internal/reflect/DelegatingClassLoader
instanceKlass java/security/SecureClassLoader
ciInstanceKlass java/lang/ClassLoader 1 1 1098 9 7 12 1 1 1 10 7 12 1 1 1 9 12 1 1 10 7 12 1 1 1 7 1 10 12 1 1 10 12 1 1 9 12 1 1 10 12 1 1 100 1 10 12 1 10 12 1 1 10 7 12 1 1 1 100 1 8 1 10 12 1 10 7 12 1 1 1 10 100 12 1 10 7 1 10 7 1 7 1 7 1 10 12 1 10 12 1 9 12 1 1 10 10 7 12 1 1 1 9 12 1 1 9 12 1 9 12 1 1 9 12 1 9 12 1 1 9 12 1 1 7 1 10 12 1 9 12 1 1 10 12 1 1 10 7 12 1 1 1 9 12 1 9 12 1 1 9 12 1 10 12 1 1 9 12 10 12 1 1 7 1 10 8 1 10 12 1 1 10 12 1 10 7 1 7 1 10 12 1 1 10 7 12 1 1 1 8 1 10 12 1 10 12 1 10 12 1 1 10 12 1 1 10 12 1 1 10 12 1 1 10 12 1 1 10 12 1 7 1 10 12 1 10 7 12 1 1 1 10 12 1 1 10 12 1 10 12 1 10 12 1 10 12 1 10 12 1 1 10 10 12 1 10 12 1 10 100 12 1 1 10 12 1 1 10 12 1 1 10 12 1 100 1 10 12 1 100 1 10 12 1 10 100 12 1 1 1 10 10 12 1 1 10 12 1 1 100 1 8 1 10 8 1 10 12 1 10 12 1 100 1 8 1 10 12 1 1 10 12 1 1 10 10 12 1 1 10 12 1 1 10 12 1 1 10 7 1 10 12 1 1 10 12 1 1 10 12 1 1 10 12 1 1 10 12 1 1 10 12 1 1 10 12 1 10 7 12 1 1 1 10 12 1 10 12 1 10 12 1 1 10 12 1 10 12 1 10 12 1 10 12 1 1 10 12 1 10 12 1 1 8 1 9 12 1 10 12 1 1 8 1 8 1 10 7 12 1 1 100 1 10 10 12 10 12 1 10 12 1 10 12 1 10 12 1 1 10 7 12 1 1 10 12 1 10 7 1 7 1 10 12 1 1 10 12 1 10 7 1 10 12 1 100 1 18 12 1 10 100 12 1 1 1 10 100 12 1 1 1 10 7 12 1 1 10 12 1 1 10 12 1 10 12 1 1 100 1 10 12 1 10 12 1 1 10 7 12 1 1 10 12 1 8 1 100 1 10 10 12 1 9 12 1 10 7 12 1 1 10 12 1 100 1 8 1 10 12 1 10 8 1 8 1 10 12 1 1 10 12 1 1 10 12 1 1 10 100 12 1 1 1 100 1 100 1 10 12 1 1 100 1 100 1 10 100 12 1 1 10 12 1 10 12 1 1 10 12 1 10 12 1 1 10 12 1 1 9 100 12 1 1 1 10 12 1 1 10 12 1 10 12 1 10 12 1 1 10 12 1 8 1 10 12 1 7 1 18 12 1 1 10 12 1 1 10 12 1 10 12 1 10 12 1 8 1 10 12 1 10 12 1 18 12 1 11 100 12 1 1 1 100 1 10 12 1 1 10 12 1 10 11 12 1 1 10 18 10 12 1 1 11 100 12 1 18 12 1 11 12 1 1 10 12 10 12 1 1 10 12 1 1 7 1 8 1 10 10 12 1 8 1 8 1 10 7 12 1 1 10 12 1 100 1 10 10 12 1 8 1 8 1 8 1 10 12 1 10 12 1 1 10 12 1 10 100 12 1 1 1 11 100 12 1 1 100 1 10 11 10 12 1 10 12 1 10 12 1 1 9 100 12 1 1 9 12 1 1 9 12 9 12 1 9 12 1 9 12 1 8 10 12 1 1 10 7 12 1 1 1 10 12 1 1 10 12 1 1 10 12 1 10 10 12 1 11 12 1 1 10 100 12 1 1 1 100 1 10 12 1 10 12 1 10 12 1 1 1 1 1 1 1 1 1 1 1 1 1 1 1 1 1 1 1 1 1 1 1 1 1 1 1 1 100 1 1 1 1 1 1 1 1 1 1 1 1 1 1 1 1 1 1 1 1 1 100 1 1 1 1 1 1 1 1 1 1 100 1 1 1 1 1 1 1 1 1 1 1 1 1 1 1 1 1 1 1 1 1 1 1 1 1 1 1 1 1 1 1 1 1 1 1 1 1 1 1 1 1 100 1 1 1 1 1 1 1 1 1 1 1 1 1 1 1 1 1 1 100 1 1 1 1 1 1 1 1 1 1 1 1 1 1 1 1 1 1 1 1 1 1 1 1 1 1 1 1 1 1 1 1 1 1 1 1 1 1 1 1 1 1 1 1 1 1 1 1 1 1 1 100 1 1 1 1 1 1 1 1 1 1 1 1 1 1 1 1 1 1 1 1 1 1 1 1 1 1 1 1 1 1 1 1 1 1 1 1 1 1 1 1 1 1 1 1 1 1 15 10 7 12 1 1 1 16 1 15 10 12 16 1 16 15 10 12 16 1 16 1 15 10 12 16 15 10 12 16 15 10 12 16 1 1 100 1 100 1 1
staticfield java/lang/ClassLoader nocerts [Ljava/security/cert/Certificate; 0 [Ljava/security/cert/Certificate;
staticfield java/lang/ClassLoader $assertionsDisabled Z 1
ciInstanceKlass jdk/internal/reflect/DelegatingClassLoader 1 1 18 10 7 12 1 1 1 100 1 1 1 1 1 1 1 1 1 1
instanceKlass sun/reflect/misc/MethodUtil
instanceKlass java/net/URLClassLoader
instanceKlass jdk/internal/loader/BuiltinClassLoader
ciInstanceKlass java/security/SecureClassLoader 1 1 102 10 7 12 1 1 1 7 1 10 12 1 9 7 12 1 1 1 10 12 1 10 12 1 10 12 1 1 10 12 1 1 10 12 1 7 1 10 7 1 10 12 1 7 1 10 12 1 11 7 12 1 1 1 7 1 11 12 1 10 12 1 1 1 1 1 1 1 1 1 1 1 1 1 1 1 1 1 1 1 1 1 1 1 1 1 1 1 1 1 1 1 1 1 1 1 1 100 1 1 1 1
instanceKlass jdk/internal/loader/ClassLoaders$BootClassLoader
instanceKlass jdk/internal/loader/ClassLoaders$PlatformClassLoader
instanceKlass jdk/internal/loader/ClassLoaders$AppClassLoader
ciInstanceKlass jdk/internal/loader/BuiltinClassLoader 1 1 737 9 7 12 1 1 1 10 7 12 1 1 1 10 7 12 1 1 1 9 12 1 1 9 12 1 1 7 1 10 12 1 9 12 1 10 12 1 9 12 1 10 7 12 1 1 1 10 7 12 1 1 1 10 7 12 1 1 1 11 7 12 1 1 1 100 1 100 1 10 10 12 1 1 8 1 10 12 1 10 12 7 1 10 12 1 10 12 1 1 11 7 12 1 1 1 11 7 12 1 1 1 11 12 1 1 7 1 8 1 8 1 10 9 12 1 1 10 7 12 1 1 11 12 1 1 10 12 1 1 10 12 1 1 10 12 1 1 10 7 12 1 1 1 10 12 1 10 100 12 1 1 1 10 12 1 1 11 7 12 1 1 1 10 7 12 1 1 7 1 10 7 12 1 1 1 10 12 1 100 1 8 1 10 12 1 1 10 8 1 10 12 1 1 10 12 1 1 10 12 1 1 11 7 12 1 1 11 12 1 7 1 10 11 12 1 1 11 10 12 1 1 7 1 10 12 1 10 7 12 1 10 12 1 7 1 10 12 1 10 7 12 1 1 1 100 1 10 12 1 1 11 12 1 100 1 100 1 10 12 1 10 12 1 1 100 1 100 1 10 12 1 10 12 1 18 12 1 1 10 12 1 10 12 1 1 18 100 1 10 7 12 1 1 1 7 1 10 10 12 1 1 10 12 1 1 10 12 1 1 10 12 1 9 12 1 1 100 1 10 10 12 1 1 10 12 1 1 10 12 1 10 12 10 12 1 1 10 12 1 1 10 12 1 1 10 12 1 10 12 1 1 18 12 1 7 1 10 12 1 1 10 12 1 10 12 1 1 10 12 1 100 1 10 12 1 7 1 10 12 1 10 7 12 1 1 1 10 12 1 11 12 1 7 1 10 12 1 7 1 100 1 10 12 1 10 12 1 11 12 1 1 10 12 1 1 10 12 1 1 10 12 1 1 10 12 1 1 10 12 1 10 12 1 10 12 1 10 12 1 8 1 10 12 1 1 10 7 12 1 1 10 12 1 100 1 8 1 8 1 10 10 12 1 8 1 8 1 10 7 12 1 1 1 11 7 12 1 1 1 9 7 12 1 1 1 10 7 12 1 1 1 9 12 1 9 12 1 9 12 1 9 12 1 9 12 1 9 12 1 10 7 12 1 1 1 8 1 10 12 1 7 1 10 12 1 1 10 12 1 7 1 10 11 12 1 1 10 12 10 12 1 10 12 1 100 1 10 12 1 10 12 1 10 10 12 1 10 7 12 1 1 8 1 10 7 12 1 1 10 12 1 1 1 1 1 1 1 1 1 1 1 1 1 1 1 1 1 1 1 1 1 1 1 1 1 1 1 1 1 1 1 1 1 1 1 1 1 1 1 1 1 1 1 1 1 1 1 1 1 1 1 1 1 1 1 1 100 1 1 1 1 1 1 1 1 1 1 1 1 1 1 1 1 1 1 100 1 100 1 1 1 1 1 1 1 1 1 1 1 1 1 1 1 1 1 1 1 1 1 1 1 1 1 1 1 1 1 1 1 1 1 1 1 1 1 1 1 1 1 1 1 1 1 1 1 1 1 1 1 100 1 1 15 10 100 12 1 1 1 16 15 10 12 16 15 10 12 16 15 10 12 16 1 1 1 100 1 1 1 1 1 100 1 100 1 1
staticfield jdk/internal/loader/BuiltinClassLoader packageToModule Ljava/util/Map; java/util/concurrent/ConcurrentHashMap
staticfield jdk/internal/loader/BuiltinClassLoader $assertionsDisabled Z 1
ciInstanceKlass java/security/AccessController 1 1 295 10 100 12 1 1 1 10 7 12 1 1 1 10 7 12 1 1 1 10 12 1 1 10 12 1 1 10 7 12 1 1 1 10 12 1 1 10 12 1 10 12 1 1 10 12 1 100 1 8 1 10 12 1 10 12 1 10 12 1 1 10 12 1 7 1 7 1 10 12 1 1 10 12 1 10 12 1 10 12 1 1 10 7 12 1 1 1 10 12 1 1 9 100 12 1 1 1 10 100 12 1 1 1 10 12 1 10 12 1 9 100 12 1 1 1 10 12 1 10 12 1 1 9 12 1 1 10 100 1 10 11 7 12 1 1 1 10 7 12 1 1 11 7 1 7 1 10 12 1 10 12 1 10 12 1 8 1 10 12 1 1 8 1 10 100 12 1 1 1 8 1 100 1 10 10 12 1 1 10 12 1 10 7 12 1 1 1 10 12 1 8 1 10 100 12 1 1 8 1 8 1 10 12 1 8 1 10 12 1 10 12 1 1 10 12 1 1 1 1 1 1 1 1 1 1 1 1 1 1 1 1 1 1 1 1 1 1 1 1 1 1 1 1 100 1 1 1 1 1 1 1 1 1 1 1 1 1 1 1 1 1 1 1 1 1 1 1 1 1 1 1 1 1 1 1 1 1 1 100 1 100 1 1 1 1 1 1 1 1 1 3 1 1 1
staticfield java/security/AccessController $assertionsDisabled Z 1
instanceKlass jdk/internal/reflect/GeneratedConstructorAccessor105
instanceKlass jdk/internal/reflect/GeneratedConstructorAccessor104
instanceKlass jdk/internal/reflect/GeneratedConstructorAccessor103
instanceKlass jdk/internal/reflect/GeneratedConstructorAccessor102
instanceKlass jdk/internal/reflect/GeneratedConstructorAccessor101
instanceKlass jdk/internal/reflect/GeneratedConstructorAccessor100
instanceKlass jdk/internal/reflect/GeneratedConstructorAccessor99
instanceKlass jdk/internal/reflect/GeneratedConstructorAccessor98
instanceKlass jdk/internal/reflect/GeneratedConstructorAccessor97
instanceKlass jdk/internal/reflect/GeneratedConstructorAccessor96
instanceKlass jdk/internal/reflect/GeneratedConstructorAccessor95
instanceKlass jdk/internal/reflect/GeneratedConstructorAccessor94
instanceKlass jdk/internal/reflect/GeneratedConstructorAccessor93
instanceKlass jdk/internal/reflect/GeneratedConstructorAccessor92
instanceKlass jdk/internal/reflect/GeneratedConstructorAccessor91
instanceKlass jdk/internal/reflect/GeneratedConstructorAccessor90
instanceKlass jdk/internal/reflect/GeneratedConstructorAccessor89
instanceKlass jdk/internal/reflect/GeneratedConstructorAccessor88
instanceKlass jdk/internal/reflect/GeneratedConstructorAccessor87
instanceKlass jdk/internal/reflect/GeneratedConstructorAccessor86
instanceKlass jdk/internal/reflect/GeneratedConstructorAccessor85
instanceKlass jdk/internal/reflect/GeneratedConstructorAccessor84
instanceKlass jdk/internal/reflect/GeneratedConstructorAccessor83
instanceKlass jdk/internal/reflect/GeneratedConstructorAccessor82
instanceKlass jdk/internal/reflect/GeneratedConstructorAccessor81
instanceKlass jdk/internal/reflect/GeneratedConstructorAccessor80
instanceKlass jdk/internal/reflect/GeneratedConstructorAccessor79
instanceKlass jdk/internal/reflect/GeneratedConstructorAccessor78
instanceKlass jdk/internal/reflect/GeneratedConstructorAccessor77
instanceKlass jdk/internal/reflect/GeneratedConstructorAccessor76
instanceKlass jdk/internal/reflect/GeneratedConstructorAccessor75
instanceKlass jdk/internal/reflect/GeneratedConstructorAccessor74
instanceKlass jdk/internal/reflect/GeneratedConstructorAccessor73
instanceKlass jdk/internal/reflect/GeneratedConstructorAccessor72
instanceKlass jdk/internal/reflect/GeneratedConstructorAccessor71
instanceKlass jdk/internal/reflect/GeneratedConstructorAccessor70
instanceKlass jdk/internal/reflect/GeneratedConstructorAccessor69
instanceKlass jdk/internal/reflect/GeneratedConstructorAccessor68
instanceKlass jdk/internal/reflect/GeneratedConstructorAccessor67
instanceKlass jdk/internal/reflect/GeneratedConstructorAccessor66
instanceKlass jdk/internal/reflect/GeneratedConstructorAccessor65
instanceKlass jdk/internal/reflect/GeneratedConstructorAccessor64
instanceKlass jdk/internal/reflect/GeneratedConstructorAccessor63
instanceKlass jdk/internal/reflect/GeneratedConstructorAccessor62
instanceKlass jdk/internal/reflect/GeneratedConstructorAccessor61
instanceKlass jdk/internal/reflect/GeneratedConstructorAccessor60
instanceKlass jdk/internal/reflect/GeneratedConstructorAccessor59
instanceKlass jdk/internal/reflect/GeneratedConstructorAccessor58
instanceKlass jdk/internal/reflect/GeneratedConstructorAccessor57
instanceKlass jdk/internal/reflect/GeneratedConstructorAccessor56
instanceKlass jdk/internal/reflect/GeneratedConstructorAccessor55
instanceKlass jdk/internal/reflect/GeneratedConstructorAccessor54
instanceKlass jdk/internal/reflect/GeneratedConstructorAccessor53
instanceKlass jdk/internal/reflect/GeneratedConstructorAccessor52
instanceKlass jdk/internal/reflect/GeneratedConstructorAccessor51
instanceKlass jdk/internal/reflect/GeneratedConstructorAccessor50
instanceKlass jdk/internal/reflect/GeneratedConstructorAccessor49
instanceKlass jdk/internal/reflect/GeneratedConstructorAccessor48
instanceKlass jdk/internal/reflect/GeneratedConstructorAccessor47
instanceKlass jdk/internal/reflect/GeneratedConstructorAccessor46
instanceKlass jdk/internal/reflect/GeneratedConstructorAccessor45
instanceKlass jdk/internal/reflect/GeneratedConstructorAccessor44
instanceKlass jdk/internal/reflect/GeneratedConstructorAccessor43
instanceKlass jdk/internal/reflect/GeneratedConstructorAccessor42
instanceKlass jdk/internal/reflect/GeneratedConstructorAccessor41
instanceKlass jdk/internal/reflect/SerializationConstructorAccessorImpl
instanceKlass jdk/internal/reflect/GeneratedConstructorAccessor40
instanceKlass jdk/internal/reflect/GeneratedConstructorAccessor39
instanceKlass jdk/internal/reflect/GeneratedConstructorAccessor38
instanceKlass jdk/internal/reflect/GeneratedConstructorAccessor37
instanceKlass jdk/internal/reflect/GeneratedConstructorAccessor36
instanceKlass jdk/internal/reflect/GeneratedConstructorAccessor35
instanceKlass jdk/internal/reflect/GeneratedConstructorAccessor34
instanceKlass jdk/internal/reflect/GeneratedConstructorAccessor33
instanceKlass jdk/internal/reflect/GeneratedConstructorAccessor32
instanceKlass jdk/internal/reflect/GeneratedConstructorAccessor31
instanceKlass jdk/internal/reflect/GeneratedConstructorAccessor30
instanceKlass jdk/internal/reflect/GeneratedConstructorAccessor29
instanceKlass jdk/internal/reflect/GeneratedConstructorAccessor28
instanceKlass jdk/internal/reflect/GeneratedConstructorAccessor27
instanceKlass jdk/internal/reflect/GeneratedConstructorAccessor26
instanceKlass jdk/internal/reflect/GeneratedConstructorAccessor25
instanceKlass jdk/internal/reflect/GeneratedConstructorAccessor24
instanceKlass jdk/internal/reflect/GeneratedConstructorAccessor23
instanceKlass jdk/internal/reflect/GeneratedConstructorAccessor22
instanceKlass jdk/internal/reflect/GeneratedConstructorAccessor21
instanceKlass jdk/internal/reflect/GeneratedConstructorAccessor20
instanceKlass jdk/internal/reflect/GeneratedConstructorAccessor19
instanceKlass jdk/internal/reflect/GeneratedConstructorAccessor18
instanceKlass jdk/internal/reflect/GeneratedConstructorAccessor17
instanceKlass jdk/internal/reflect/GeneratedConstructorAccessor16
instanceKlass jdk/internal/reflect/GeneratedConstructorAccessor15
instanceKlass jdk/internal/reflect/GeneratedConstructorAccessor14
instanceKlass jdk/internal/reflect/GeneratedConstructorAccessor13
instanceKlass jdk/internal/reflect/GeneratedConstructorAccessor12
instanceKlass jdk/internal/reflect/GeneratedConstructorAccessor11
instanceKlass jdk/internal/reflect/GeneratedConstructorAccessor10
instanceKlass jdk/internal/reflect/GeneratedConstructorAccessor9
instanceKlass jdk/internal/reflect/GeneratedConstructorAccessor8
instanceKlass jdk/internal/reflect/GeneratedConstructorAccessor7
instanceKlass jdk/internal/reflect/GeneratedConstructorAccessor6
instanceKlass jdk/internal/reflect/GeneratedConstructorAccessor5
instanceKlass jdk/internal/reflect/GeneratedConstructorAccessor4
instanceKlass jdk/internal/reflect/GeneratedConstructorAccessor3
instanceKlass jdk/internal/reflect/GeneratedConstructorAccessor2
instanceKlass jdk/internal/reflect/BootstrapConstructorAccessorImpl
instanceKlass jdk/internal/reflect/GeneratedConstructorAccessor1
instanceKlass jdk/internal/reflect/DelegatingConstructorAccessorImpl
instanceKlass jdk/internal/reflect/NativeConstructorAccessorImpl
ciInstanceKlass jdk/internal/reflect/ConstructorAccessorImpl 1 1 27 10 7 12 1 1 1 100 1 100 1 1 1 1 1 1 1 1 1 100 1 100 1 100 1 1 1
instanceKlass jdk/internal/reflect/FieldAccessorImpl
instanceKlass jdk/internal/reflect/ConstructorAccessorImpl
instanceKlass jdk/internal/reflect/MethodAccessorImpl
ciInstanceKlass jdk/internal/reflect/MagicAccessorImpl 1 1 16 10 7 12 1 1 1 100 1 1 1 1 1 1 1 1
instanceKlass jdk/internal/reflect/GeneratedMethodAccessor139
instanceKlass jdk/internal/reflect/GeneratedMethodAccessor138
instanceKlass jdk/internal/reflect/GeneratedMethodAccessor137
instanceKlass jdk/internal/reflect/GeneratedMethodAccessor136
instanceKlass jdk/internal/reflect/GeneratedMethodAccessor135
instanceKlass jdk/internal/reflect/GeneratedMethodAccessor134
instanceKlass jdk/internal/reflect/GeneratedMethodAccessor133
instanceKlass jdk/internal/reflect/GeneratedMethodAccessor132
instanceKlass jdk/internal/reflect/GeneratedMethodAccessor131
instanceKlass jdk/internal/reflect/GeneratedMethodAccessor130
instanceKlass jdk/internal/reflect/GeneratedMethodAccessor129
instanceKlass jdk/internal/reflect/GeneratedMethodAccessor128
instanceKlass jdk/internal/reflect/GeneratedMethodAccessor127
instanceKlass jdk/internal/reflect/GeneratedMethodAccessor126
instanceKlass jdk/internal/reflect/GeneratedMethodAccessor125
instanceKlass jdk/internal/reflect/GeneratedMethodAccessor124
instanceKlass jdk/internal/reflect/GeneratedMethodAccessor123
instanceKlass jdk/internal/reflect/GeneratedMethodAccessor122
instanceKlass jdk/internal/reflect/GeneratedMethodAccessor121
instanceKlass jdk/internal/reflect/GeneratedMethodAccessor120
instanceKlass jdk/internal/reflect/GeneratedMethodAccessor119
instanceKlass jdk/internal/reflect/GeneratedMethodAccessor118
instanceKlass jdk/internal/reflect/GeneratedMethodAccessor117
instanceKlass jdk/internal/reflect/GeneratedMethodAccessor116
instanceKlass jdk/internal/reflect/GeneratedMethodAccessor115
instanceKlass jdk/internal/reflect/GeneratedMethodAccessor114
instanceKlass jdk/internal/reflect/GeneratedMethodAccessor113
instanceKlass jdk/internal/reflect/GeneratedMethodAccessor112
instanceKlass jdk/internal/reflect/GeneratedMethodAccessor111
instanceKlass jdk/internal/reflect/GeneratedMethodAccessor110
instanceKlass jdk/internal/reflect/GeneratedMethodAccessor109
instanceKlass jdk/internal/reflect/GeneratedMethodAccessor108
instanceKlass jdk/internal/reflect/GeneratedMethodAccessor107
instanceKlass jdk/internal/reflect/GeneratedMethodAccessor106
instanceKlass jdk/internal/reflect/GeneratedMethodAccessor105
instanceKlass jdk/internal/reflect/GeneratedMethodAccessor104
instanceKlass jdk/internal/reflect/GeneratedMethodAccessor103
instanceKlass jdk/internal/reflect/GeneratedMethodAccessor102
instanceKlass jdk/internal/reflect/GeneratedMethodAccessor101
instanceKlass jdk/internal/reflect/GeneratedMethodAccessor100
instanceKlass jdk/internal/reflect/GeneratedMethodAccessor99
instanceKlass jdk/internal/reflect/GeneratedMethodAccessor98
instanceKlass jdk/internal/reflect/GeneratedMethodAccessor97
instanceKlass jdk/internal/reflect/GeneratedMethodAccessor96
instanceKlass jdk/internal/reflect/GeneratedMethodAccessor95
instanceKlass jdk/internal/reflect/GeneratedMethodAccessor94
instanceKlass jdk/internal/reflect/GeneratedMethodAccessor93
instanceKlass jdk/internal/reflect/GeneratedMethodAccessor92
instanceKlass jdk/internal/reflect/GeneratedMethodAccessor91
instanceKlass jdk/internal/reflect/GeneratedMethodAccessor90
instanceKlass jdk/internal/reflect/GeneratedMethodAccessor89
instanceKlass jdk/internal/reflect/GeneratedMethodAccessor88
instanceKlass jdk/internal/reflect/GeneratedMethodAccessor87
instanceKlass jdk/internal/reflect/GeneratedMethodAccessor86
instanceKlass jdk/internal/reflect/GeneratedMethodAccessor85
instanceKlass jdk/internal/reflect/GeneratedMethodAccessor84
instanceKlass jdk/internal/reflect/GeneratedMethodAccessor83
instanceKlass jdk/internal/reflect/GeneratedMethodAccessor82
instanceKlass jdk/internal/reflect/GeneratedMethodAccessor81
instanceKlass jdk/internal/reflect/GeneratedMethodAccessor79
instanceKlass jdk/internal/reflect/GeneratedMethodAccessor80
instanceKlass jdk/internal/reflect/GeneratedMethodAccessor78
instanceKlass jdk/internal/reflect/GeneratedMethodAccessor77
instanceKlass jdk/internal/reflect/GeneratedMethodAccessor76
instanceKlass jdk/internal/reflect/GeneratedMethodAccessor75
instanceKlass jdk/internal/reflect/GeneratedMethodAccessor74
instanceKlass jdk/internal/reflect/GeneratedMethodAccessor73
instanceKlass jdk/internal/reflect/GeneratedMethodAccessor72
instanceKlass jdk/internal/reflect/GeneratedMethodAccessor71
instanceKlass jdk/internal/reflect/GeneratedMethodAccessor70
instanceKlass jdk/internal/reflect/GeneratedMethodAccessor69
instanceKlass jdk/internal/reflect/GeneratedMethodAccessor68
instanceKlass jdk/internal/reflect/GeneratedMethodAccessor67
instanceKlass jdk/internal/reflect/GeneratedMethodAccessor66
instanceKlass jdk/internal/reflect/GeneratedMethodAccessor65
instanceKlass jdk/internal/reflect/GeneratedMethodAccessor64
instanceKlass jdk/internal/reflect/GeneratedMethodAccessor63
instanceKlass jdk/internal/reflect/GeneratedMethodAccessor62
instanceKlass jdk/internal/reflect/GeneratedMethodAccessor61
instanceKlass jdk/internal/reflect/GeneratedMethodAccessor60
instanceKlass jdk/internal/reflect/GeneratedMethodAccessor59
instanceKlass jdk/internal/reflect/GeneratedMethodAccessor58
instanceKlass jdk/internal/reflect/GeneratedMethodAccessor57
instanceKlass jdk/internal/reflect/GeneratedMethodAccessor56
instanceKlass jdk/internal/reflect/GeneratedMethodAccessor55
instanceKlass jdk/internal/reflect/GeneratedMethodAccessor54
instanceKlass jdk/internal/reflect/GeneratedMethodAccessor53
instanceKlass jdk/internal/reflect/GeneratedMethodAccessor52
instanceKlass jdk/internal/reflect/GeneratedMethodAccessor51
instanceKlass jdk/internal/reflect/GeneratedMethodAccessor50
instanceKlass jdk/internal/reflect/GeneratedMethodAccessor49
instanceKlass jdk/internal/reflect/GeneratedMethodAccessor48
instanceKlass jdk/internal/reflect/GeneratedMethodAccessor47
instanceKlass jdk/internal/reflect/GeneratedMethodAccessor46
instanceKlass jdk/internal/reflect/GeneratedMethodAccessor45
instanceKlass jdk/internal/reflect/GeneratedMethodAccessor44
instanceKlass jdk/internal/reflect/GeneratedMethodAccessor43
instanceKlass jdk/internal/reflect/GeneratedMethodAccessor42
instanceKlass jdk/internal/reflect/GeneratedMethodAccessor41
instanceKlass jdk/internal/reflect/GeneratedMethodAccessor40
instanceKlass jdk/internal/reflect/GeneratedMethodAccessor39
instanceKlass jdk/internal/reflect/GeneratedMethodAccessor38
instanceKlass jdk/internal/reflect/GeneratedMethodAccessor37
instanceKlass jdk/internal/reflect/GeneratedMethodAccessor36
instanceKlass jdk/internal/reflect/GeneratedMethodAccessor35
instanceKlass jdk/internal/reflect/GeneratedMethodAccessor34
instanceKlass jdk/internal/reflect/GeneratedMethodAccessor33
instanceKlass jdk/internal/reflect/GeneratedMethodAccessor32
instanceKlass jdk/internal/reflect/GeneratedMethodAccessor31
instanceKlass jdk/internal/reflect/GeneratedMethodAccessor30
instanceKlass jdk/internal/reflect/GeneratedMethodAccessor29
instanceKlass jdk/internal/reflect/GeneratedMethodAccessor28
instanceKlass jdk/internal/reflect/GeneratedMethodAccessor27
instanceKlass jdk/internal/reflect/GeneratedMethodAccessor26
instanceKlass jdk/internal/reflect/GeneratedMethodAccessor25
instanceKlass jdk/internal/reflect/GeneratedMethodAccessor24
instanceKlass jdk/internal/reflect/GeneratedMethodAccessor23
instanceKlass jdk/internal/reflect/GeneratedMethodAccessor22
instanceKlass jdk/internal/reflect/GeneratedMethodAccessor21
instanceKlass jdk/internal/reflect/GeneratedMethodAccessor20
instanceKlass jdk/internal/reflect/GeneratedMethodAccessor19
instanceKlass jdk/internal/reflect/GeneratedMethodAccessor18
instanceKlass jdk/internal/reflect/GeneratedMethodAccessor17
instanceKlass jdk/internal/reflect/GeneratedMethodAccessor16
instanceKlass jdk/internal/reflect/GeneratedMethodAccessor15
instanceKlass jdk/internal/reflect/GeneratedMethodAccessor14
instanceKlass jdk/internal/reflect/GeneratedMethodAccessor13
instanceKlass jdk/internal/reflect/GeneratedMethodAccessor12
instanceKlass jdk/internal/reflect/GeneratedMethodAccessor11
instanceKlass jdk/internal/reflect/GeneratedMethodAccessor10
instanceKlass jdk/internal/reflect/GeneratedMethodAccessor9
instanceKlass jdk/internal/reflect/GeneratedMethodAccessor8
instanceKlass jdk/internal/reflect/GeneratedMethodAccessor7
instanceKlass jdk/internal/reflect/GeneratedMethodAccessor6
instanceKlass jdk/internal/reflect/GeneratedMethodAccessor5
instanceKlass jdk/internal/reflect/GeneratedMethodAccessor4
instanceKlass jdk/internal/reflect/GeneratedMethodAccessor3
instanceKlass jdk/internal/reflect/GeneratedMethodAccessor2
instanceKlass jdk/internal/reflect/GeneratedMethodAccessor1
instanceKlass jdk/internal/reflect/DelegatingMethodAccessorImpl
instanceKlass jdk/internal/reflect/NativeMethodAccessorImpl
ciInstanceKlass jdk/internal/reflect/MethodAccessorImpl 1 1 25 10 7 12 1 1 1 100 1 100 1 1 1 1 1 1 1 1 1 100 1 100 1 1 1
ciInstanceKlass java/lang/Module 1 1 959 10 7 12 1 1 1 9 7 12 1 1 1 10 7 12 1 1 1 9 12 1 9 12 1 1 9 12 1 1 10 12 1 1 10 12 1 10 12 1 1 10 7 12 1 1 1 7 1 10 7 12 1 1 1 10 12 1 1 11 7 12 1 1 1 10 12 1 1 10 7 12 1 1 1 10 12 1 1 10 7 12 1 1 1 9 100 12 1 1 1 10 100 12 1 1 1 10 12 1 8 1 10 7 12 1 1 1 10 7 12 1 1 1 9 12 1 1 9 12 1 1 10 12 1 9 12 1 1 11 12 1 9 7 12 1 1 10 7 12 1 1 1 10 7 12 1 1 1 10 12 1 1 100 1 7 1 10 10 12 1 1 8 1 10 12 1 10 12 10 12 1 10 12 1 1 10 12 1 1 10 12 1 1 9 7 12 1 1 1 10 12 1 1 10 12 1 1 9 12 1 10 12 1 10 12 1 9 12 1 1 11 7 12 1 1 10 12 1 1 9 12 1 9 12 1 10 12 1 10 12 1 100 1 8 1 10 10 12 1 1 10 12 1 8 1 10 12 1 1 8 1 8 1 10 12 1 1 10 12 1 10 12 1 1 18 12 1 1 10 12 1 1 11 12 1 9 12 1 11 12 10 100 12 1 1 100 1 8 1 10 7 1 11 12 1 1 10 12 1 10 12 1 10 12 1 1 11 12 1 1 11 7 12 1 1 11 12 1 1 9 12 1 11 12 1 10 12 1 1 10 12 1 1 9 12 1 10 12 10 7 12 1 1 10 7 12 1 1 10 7 1 18 12 1 1 11 100 12 1 1 1 18 12 1 11 12 1 1 10 100 12 1 1 1 11 12 1 1 10 7 12 1 1 4 7 1 11 12 1 7 1 7 1 10 10 7 12 1 1 1 10 11 7 12 1 8 1 10 10 12 1 1 10 7 12 1 1 10 12 1 10 12 1 7 1 10 12 1 10 11 12 1 1 10 12 10 12 1 1 9 12 1 100 1 10 10 12 1 1 11 100 1 10 12 1 1 11 12 1 10 10 12 1 11 10 12 1 1 10 12 1 1 10 12 1 1 10 7 12 1 1 10 12 1 10 12 1 1 10 10 12 1 1 10 12 1 18 12 1 11 12 1 18 12 1 10 12 1 10 12 1 10 12 7 1 10 12 1 10 12 1 10 12 1 9 12 1 7 1 10 10 10 10 12 1 10 12 1 10 12 1 10 12 1 1 10 12 1 1 10 12 1 9 12 1 18 12 1 1 10 100 12 1 1 1 100 1 8 1 10 12 1 1 10 12 1 1 10 100 12 1 1 100 1 10 12 1 1 100 1 8 1 100 1 10 100 1 100 1 3 10 12 1 100 1 10 12 1 10 12 1 1 10 12 1 1 100 1 10 12 1 10 12 1 1 100 1 100 1 10 12 8 1 10 12 1 1 10 12 1 1 10 7 12 1 1 10 12 1 1 10 12 1 10 12 10 12 1 1 100 1 10 10 12 1 1 10 100 12 1 1 1 100 1 8 1 10 12 1 1 10 7 12 1 1 8 1 10 12 1 8 1 10 12 1 10 12 10 12 1 8 1 10 10 100 12 1 1 7 1 10 10 12 1 10 7 12 1 1 9 12 1 9 12 1 9 12 1 9 12 1 10 12 11 12 1 10 12 1 100 1 1 1 1 1 1 1 1 1 1 1 1 1 1 1 1 100 1 1 1 1 1 1 1 1 1 1 1 1 1 1 1 1 1 1 1 1 1 1 1 1 1 1 1 1 1 1 1 1 1 1 1 1 1 1 1 1 1 1 1 1 1 1 1 1 1 1 1 1 1 1 1 1 1 1 1 1 1 1 1 1 1 1 1 1 1 1 1 1 1 1 1 1 1 1 1 1 1 1 1 100 100 1 1 1 1 1 1 1 1 1 1 1 1 1 1 1 1 1 1 1 1 1 1 1 1 1 1 1 1 1 1 1 1 1 1 100 1 100 1 100 1 1 1 1 1 1 1 1 1 1 1 1 1 1 1 1 1 1 1 1 1 1 1 1 1 1 1 1 15 10 7 12 1 1 1 16 15 10 12 16 16 15 10 12 16 16 15 10 16 1 15 10 12 16 1 15 10 12 16 1 16 15 10 12 16 1 1 1 1 1 1 1 100 1 100 1 1
staticfield java/lang/Module ALL_UNNAMED_MODULE Ljava/lang/Module; java/lang/Module
staticfield java/lang/Module ALL_UNNAMED_MODULE_SET Ljava/util/Set; java/util/ImmutableCollections$Set12
staticfield java/lang/Module EVERYONE_MODULE Ljava/lang/Module; java/lang/Module
staticfield java/lang/Module EVERYONE_SET Ljava/util/Set; java/util/ImmutableCollections$Set12
staticfield java/lang/Module $assertionsDisabled Z 1
instanceKlass org/apache/hadoop/shaded/com/google/re2j/Parser$Stack
ciInstanceKlass java/util/ArrayList 1 1 492 10 7 12 1 1 1 7 1 9 7 12 1 1 1 9 12 1 100 1 100 1 10 8 1 10 12 1 1 10 12 1 10 12 1 1 10 12 1 9 12 1 11 7 12 1 1 1 9 12 1 1 10 12 1 1 7 10 7 12 1 1 1 9 12 1 10 12 1 10 12 1 1 10 7 12 1 1 1 10 7 12 1 1 1 10 12 1 1 10 12 1 1 10 12 1 1 10 12 1 10 12 1 1 100 1 100 1 10 12 1 10 7 12 1 1 1 10 7 12 1 1 10 12 1 10 12 10 12 1 1 10 12 1 1 10 12 1 1 7 1 10 12 1 1 10 12 1 1 10 12 1 100 1 10 11 12 1 1 11 100 12 1 1 1 11 12 1 10 12 1 10 12 1 10 12 1 1 100 1 10 12 1 1 10 10 12 1 1 10 12 1 8 1 8 1 8 1 8 1 10 12 1 1 10 12 1 1 11 12 1 100 1 10 7 12 1 1 10 12 1 10 12 1 1 10 7 12 1 1 10 12 1 10 100 12 1 1 1 11 100 12 1 1 1 10 12 1 100 1 8 1 10 7 1 10 12 1 7 1 10 12 1 10 12 1 1 7 1 10 12 1 10 12 1 1 11 7 12 1 1 7 1 10 12 1 10 12 1 1 11 100 12 1 1 10 12 1 1 10 12 1 1 10 12 1 1 10 12 1 1 11 100 12 1 1 10 12 1 1 100 1 100 1 100 1 1 1 1 5 0 1 3 1 1 1 1 1 1 1 1 1 1 1 1 1 1 1 1 1 1 1 1 1 1 1 1 1 1 1 1 1 1 1 1 1 1 1 1 1 1 1 1 1 1 1 1 1 1 1 1 1 1 1 1 1 1 1 1 1 1 1 1 1 1 1 1 1 1 1 1 1 1 1 1 1 1 1 1 1 1 1 1 1 1 1 1 1 1 1 1 1 1 1 1 1 1 1 1 7 1 1 1 1 7 1 1 1 1 1 1 1 1 1 1 1 1 1 1 1 1 1 1 1 1 1 1 1 1 1 1 1 1 1 100 1 1 1 1 1 1 1 1 1 1 1 1 1 1 1 1 1 1 100 1 100 1 1 1 1 1 1
staticfield java/util/ArrayList EMPTY_ELEMENTDATA [Ljava/lang/Object; 0 [Ljava/lang/Object;
staticfield java/util/ArrayList DEFAULTCAPACITY_EMPTY_ELEMENTDATA [Ljava/lang/Object; 0 [Ljava/lang/Object;
instanceKlass org/apache/spark/util/kvstore/InMemoryStore$NaturalKeys
instanceKlass com/fasterxml/jackson/core/util/InternCache
ciInstanceKlass java/util/concurrent/ConcurrentHashMap 1 1 1210 7 1 7 1 3 10 12 1 1 3 100 1 10 7 12 1 1 1 100 1 10 100 12 1 1 1 100 1 11 12 1 1 11 12 1 11 12 1 1 9 12 1 1 9 12 1 1 9 12 1 10 7 12 1 1 1 7 1 10 12 1 1 10 12 1 1 10 7 12 1 1 1 4 10 12 1 9 12 1 10 12 1 1 100 1 10 5 0 10 12 1 10 12 1 1 5 0 10 12 1 1 10 12 1 9 12 1 1 10 12 1 1 9 12 1 9 12 1 1 10 12 1 1 9 12 1 10 12 1 1 9 12 1 1 10 12 1 1 100 1 10 7 1 10 12 1 10 12 1 1 10 12 1 1 10 12 1 1 10 12 1 10 12 1 1 10 12 1 1 100 1 10 12 1 1 7 1 100 1 8 1 10 12 1 10 12 1 1 10 12 1 1 11 7 12 1 1 10 12 1 1 11 12 1 1 11 7 12 1 1 1 11 7 12 1 1 1 11 12 1 7 1 11 12 1 11 12 1 10 12 1 1 10 12 1 1 9 12 1 1 10 100 12 1 1 1 9 10 12 1 1 9 12 1 10 12 1 1 5 0 9 12 1 1 7 1 10 12 1 9 12 1 1 7 1 10 12 1 9 12 1 7 1 10 100 1 10 10 12 1 1 8 1 10 12 1 10 12 1 1 11 100 1 10 12 1 10 100 12 1 1 1 8 1 10 100 12 1 1 1 8 1 10 12 1 8 1 10 12 1 10 12 1 1 10 100 12 1 1 10 12 1 10 12 1 10 12 1 9 12 1 9 10 12 1 9 12 1 1 11 7 12 1 1 1 11 7 12 1 1 1 100 1 10 12 11 100 12 1 1 10 11 7 12 1 10 12 1 100 1 10 12 1 100 1 10 10 9 7 12 1 1 1 10 12 3 10 100 12 1 1 9 12 1 10 12 1 1 9 12 1 1 9 12 1 10 12 1 1 10 7 12 1 1 9 12 1 9 7 12 1 1 10 12 1 1 10 12 1 3 9 12 1 9 12 1 10 12 1 1 7 1 9 3 9 12 1 100 1 10 12 1 9 12 1 10 12 1 9 12 1 10 12 1 9 12 1 10 100 12 1 1 1 100 10 12 1 100 1 5 0 10 100 12 1 1 100 1 10 12 1 1 10 12 1 10 12 1 100 1 10 12 1 10 100 1 100 1 10 10 12 1 10 100 1 10 12 1 10 100 1 10 12 1 10 100 1 10 12 1 1 100 1 10 12 1 10 10 12 1 100 1 10 12 1 10 10 12 1 100 1 10 12 1 10 100 1 10 12 1 10 100 1 10 12 1 10 100 1 10 12 1 10 100 1 10 12 1 10 100 1 10 12 1 10 100 1 10 12 1 10 100 1 10 12 1 10 7 1 10 10 100 1 10 10 100 1 10 10 100 1 10 12 1 10 100 1 10 12 1 10 100 1 10 12 1 10 100 1 10 12 1 10 100 1 10 12 1 10 100 1 10 10 100 1 10 10 100 1 10 10 100 1 10 12 1 10 100 1 10 12 1 10 100 1 10 12 1 10 100 1 10 12 1 10 100 1 10 12 1 10 10 12 1 10 7 12 1 1 1 10 12 1 7 1 7 1 10 12 1 9 12 1 1 9 12 1 1 10 12 1 1 8 10 12 1 1 8 8 8 8 7 10 12 1 1 10 12 1 100 1 8 1 10 7 1 100 1 100 1 1 1 5 0 1 1 3 1 3 1 1 1 1 3 1 3 1 3 1 1 1 1 1 3 1 3 1 3 1 1 1 1 1 1 1 1 1 1 1 1 1 1 1 1 1 1 1 1 1 1 1 1 1 100 1 1 1 1 1 1 1 1 1 1 1 1 1 1 1 1 1 1 1 1 1 1 1 1 1 1 1 1 1 1 1 1 1 1 1 1 1 1 1 1 1 1 1 1 1 1 1 1 1 1 1 1 1 1 1 1 1 1 1 1 1 1 1 1 1 1 1 1 1 1 1 1 1 1 1 1 1 1 1 1 1 1 1 1 100 1 1 1 1 1 1 1 1 1 1 1 100 1 1 1 1 1 1 1 1 1 1 1 1 1 1 1 1 1 1 1 1 1 1 1 1 1 1 1 1 1 1 1 1 1 1 1 1 1 1 1 1 1 1 1 1 1 1 1 1 1 1 1 1 1 1 1 1 1 1 1 1 1 1 1 1 1 1 1 1 1 1 1 1 1 1 1 1 1 1 1 1 1 1 1 1 1 1 1 1 1 1 1 1 1 1 1 1 1 1 1 1 1 1 1 1 1 1 1 1 1 1 1 1 1 1 1 1 1 1 1 1 1 1 1 1 1 1 1 1 1 1 1 1 1 1 1 1 1 1 1 1 1 1 1 1 1 1 1 1 1 1 1 1 1 1 1 1 1 1 1 1 1 1 1 1 1 1 1 1 1 1 1 1 1 1 1 1 1 1 1 1 1 1 1 1 1 1 1 1 1 1 1 1 1 1 1 1 1 1 1 1 1 1 1 1 1 1 1 1 1 1 1 1 1 1 1 1 1 1 1 1 1 1 1 100 1 100 1 100 1 100 1 100 1 100 1 100 1 100 1 100 1 1 1 1 1 1 1 1 1 1 1 1 1 1 1 1 1 1 1 1 1 1 1 1 1 1 1 1 1 1 1 1 1 1 1 1 1 1 1 1 1 1 1 1 1 1 1 1 1 1 1 1 1 1 1 1 1 1
staticfield java/util/concurrent/ConcurrentHashMap NCPU I 8
staticfield java/util/concurrent/ConcurrentHashMap serialPersistentFields [Ljava/io/ObjectStreamField; 3 [Ljava/io/ObjectStreamField;
staticfield java/util/concurrent/ConcurrentHashMap U Ljdk/internal/misc/Unsafe; jdk/internal/misc/Unsafe
staticfield java/util/concurrent/ConcurrentHashMap SIZECTL J 20
staticfield java/util/concurrent/ConcurrentHashMap TRANSFERINDEX J 32
staticfield java/util/concurrent/ConcurrentHashMap BASECOUNT J 24
staticfield java/util/concurrent/ConcurrentHashMap CELLSBUSY J 36
staticfield java/util/concurrent/ConcurrentHashMap CELLVALUE J 144
staticfield java/util/concurrent/ConcurrentHashMap ABASE I 16
staticfield java/util/concurrent/ConcurrentHashMap ASHIFT I 2
ciInstanceKlass java/lang/String 1 1 1396 10 7 12 1 1 1 8 1 9 7 12 1 1 1 9 12 1 1 9 12 1 1 10 12 1 10 12 1 1 10 12 1 1 9 12 1 1 10 7 12 1 1 1 10 7 1 10 7 12 1 1 1 10 12 1 1 10 12 1 1 10 12 1 10 12 1 1 10 12 1 10 7 12 1 1 1 9 7 12 1 1 1 10 7 12 1 1 1 10 12 1 1 10 12 1 1 10 12 1 1 10 12 1 1 10 12 1 1 9 7 12 1 1 10 12 9 7 12 1 1 3 10 7 12 1 1 1 7 1 11 12 1 1 11 12 1 11 12 1 1 10 100 12 1 1 1 10 12 1 1 9 100 12 1 1 1 10 12 1 1 10 12 1 11 12 1 1 10 12 1 1 10 12 10 12 1 1 10 100 12 1 1 1 10 7 12 1 1 1 10 12 1 1 7 1 100 1 10 12 1 10 12 1 10 12 1 1 100 1 10 12 1 1 100 1 10 12 1 1 10 12 1 1 10 10 12 1 100 1 100 1 7 1 10 12 1 10 12 1 1 10 12 1 1 10 12 1 10 12 1 1 10 12 1 1 10 7 12 1 1 7 1 11 11 12 1 11 12 1 10 12 1 1 10 12 1 10 12 10 12 1 1 10 10 100 12 1 1 1 10 100 12 1 1 10 12 1 1 10 100 12 1 1 10 12 1 10 12 1 1 10 12 1 1 10 12 1 10 12 1 10 12 1 1 100 1 10 12 1 1 10 12 10 12 1 10 12 1 1 10 100 12 1 1 1 10 12 1 10 12 1 1 10 12 1 10 12 1 3 3 10 12 1 10 12 1 1 10 12 1 1 10 12 1 1 10 12 1 10 12 1 1 10 12 1 1 10 12 1 10 12 1 10 12 1 10 12 1 1 10 12 1 10 12 1 10 12 1 10 12 1 10 12 1 10 12 1 10 100 1 10 8 1 10 12 1 1 10 12 1 8 1 10 12 1 1 10 12 10 12 1 8 1 10 10 12 1 1 10 12 1 1 10 12 1 10 12 1 1 10 12 10 100 1 10 10 12 1 10 12 1 10 12 1 10 10 12 1 10 12 1 1 10 12 1 100 1 10 10 12 1 100 1 10 10 12 1 10 12 1 1 10 12 1 10 12 1 1 10 10 12 1 1 10 100 1 10 10 12 1 10 12 1 1 10 12 1 1 10 100 1 10 12 1 10 12 1 10 12 1 10 12 1 1 10 12 1 11 7 1 11 12 10 12 1 10 12 1 1 10 12 1 1 10 10 12 1 10 12 1 9 12 1 1 11 7 12 1 1 1 10 10 12 1 10 12 1 1 10 10 12 1 10 12 1 10 12 1 1 9 12 1 10 12 1 1 10 10 12 1 1 10 12 10 10 12 1 10 12 10 10 12 10 10 12 1 10 12 1 10 12 10 10 12 10 12 1 10 12 10 12 10 10 12 1 10 12 1 1 10 12 1 10 10 12 1 10 7 12 1 1 1 10 12 1 1 10 10 7 12 1 1 1 11 10 12 1 10 12 1 1 10 12 1 1 10 7 12 1 1 1 10 12 1 10 10 12 1 10 12 1 10 12 1 10 100 12 1 1 10 12 1 100 1 100 1 8 1 10 10 10 12 1 8 1 10 12 1 3 3 7 1 10 10 12 1 10 12 1 10 12 1 1 10 12 1 1 11 7 12 1 1 1 7 1 10 12 1 1 10 12 1 10 12 1 1 10 12 1 1 8 1 10 12 1 1 10 12 1 11 100 12 1 1 1 11 100 12 1 1 11 12 1 1 10 12 1 10 12 1 1 10 10 7 12 1 1 1 10 12 1 10 12 1 10 10 12 10 12 1 1 10 10 12 1 10 10 12 1 10 10 12 1 10 10 12 1 10 12 1 1 10 10 12 1 8 1 10 12 1 1 18 12 1 1 11 100 12 1 1 1 7 1 3 18 12 1 18 12 1 8 1 10 100 12 1 1 1 11 12 1 1 10 12 10 10 12 1 10 11 12 1 1 10 12 1 1 11 12 1 18 3 11 10 12 1 11 11 10 12 1 10 12 1 1 8 1 10 12 1 10 12 1 10 12 1 1 10 10 12 1 11 100 12 1 7 1 100 1 10 12 1 7 1 10 10 7 12 1 1 1 100 1 10 7 1 10 10 12 1 10 10 12 1 8 1 10 10 12 1 8 1 8 1 10 12 1 10 12 1 10 10 12 10 7 12 1 1 10 100 12 1 1 10 100 12 1 1 8 1 10 12 1 10 12 1 1 10 10 12 8 1 8 1 10 8 1 8 1 8 1 8 1 10 12 1 10 12 1 8 1 10 100 12 1 1 1 10 12 10 12 1 1 10 12 10 10 12 10 12 7 1 9 12 1 1 7 1 10 100 1 100 1 100 1 100 1 1 1 1 1 1 5 0 1 1 1 1 1 3 1 3 1 1 1 1 1 1 1 1 1 1 1 1 1 1 1 100 1 1 1 100 1 1 1 1 1 1 1 1 1 1 1 1 1 1 1 1 1 1 1 1 1 1 1 1 1 1 1 100 1 1 1 1 1 1 1 1 1 100 1 1 1 1 1 1 1 1 1 1 1 1 1 1 1 1 1 1 1 1 1 1 1 1 1 1 1 1 1 1 1 1 1 1 1 1 1 1 1 1 1 1 1 1 1 1 1 1 1 1 1 1 1 1 1 1 1 1 1 1 1 1 1 1 1 1 1 1 1 1 1 1 1 1 1 1 1 1 1 1 1 1 1 1 1 1 1 1 1 1 1 1 1 1 1 1 1 1 1 1 1 1 1 1 1 1 1 1 1 1 1 1 1 1 1 1 1 1 1 1 1 1 1 1 1 1 1 1 1 1 1 1 1 1 1 1 1 1 1 1 1 1 1 1 1 1 1 1 1 1 1 1 1 1 1 1 1 1 1 1 1 1 1 1 1 1 1 1 1 100 1 1 1 1 1 1 1 1 1 1 1 1 1 1 1 1 1 1 1 1 1 1 1 1 100 1 1 1 1 1 1 1 1 1 1 1 1 1 7 1 1 1 1 1 1 1 1 1 1 1 1 1 1 1 15 10 100 12 1 1 1 16 15 10 12 16 15 10 12 15 10 12 15 10 12 1 1 1 1 100 1 100 1 1 1
staticfield java/lang/String COMPACT_STRINGS Z 1
staticfield java/lang/String serialPersistentFields [Ljava/io/ObjectStreamField; 0 [Ljava/io/ObjectStreamField;
staticfield java/lang/String CASE_INSENSITIVE_ORDER Ljava/util/Comparator; java/lang/String$CaseInsensitiveComparator
ciInstanceKlass java/security/ProtectionDomain 1 1 324 10 7 12 1 1 1 9 7 12 1 1 1 7 1 10 9 12 1 1 9 12 1 1 9 12 1 1 10 7 12 1 1 7 1 9 12 1 9 12 1 1 7 1 9 12 1 1 9 12 1 10 100 12 1 1 10 100 12 1 1 1 10 12 1 1 10 12 1 9 12 1 9 100 12 1 1 10 12 1 1 10 100 1 10 12 1 1 8 1 100 1 8 1 10 12 1 10 10 100 12 1 1 1 10 12 1 1 8 1 11 8 1 10 12 1 8 1 8 1 10 12 1 1 10 12 1 10 12 1 1 10 12 1 8 1 10 12 1 8 1 8 1 10 100 12 1 1 1 9 100 12 1 1 1 10 12 1 1 9 100 12 1 1 1 10 100 12 1 1 1 100 1 100 1 10 12 1 10 100 12 1 1 1 10 100 1 10 12 1 10 12 1 1 11 100 12 1 1 11 12 1 100 1 11 100 12 1 1 1 10 12 1 10 11 12 1 1 11 12 1 1 10 12 1 10 7 12 1 1 10 100 12 1 1 11 12 1 10 12 8 1 8 1 10 7 12 1 1 1 7 1 10 10 7 12 1 1 1 1 1 1 1 1 1 1 100 1 1 100 1 1 1 1 1 1 1 1 1 1 1 1 1 1 1 1 1 1 1 1 1 1 1 1 1 1 1 1 1 1 1 1 1 1 1 1 1 1 1 1 1 1 100 1 1 1 1 1 100 1 1 1 1 1
staticfield java/security/ProtectionDomain filePermCompatInPD Z 0
ciInstanceKlass java/security/CodeSource 1 1 395 10 7 12 1 1 1 9 7 12 1 1 1 9 12 1 1 9 12 1 1 9 12 1 1 10 7 12 1 1 1 9 12 1 1 10 7 12 1 1 10 7 10 100 12 1 1 1 10 100 12 1 1 1 10 12 1 1 7 1 10 10 7 12 1 1 1 10 7 12 1 1 1 10 12 1 1 10 12 1 7 1 10 12 1 1 10 12 1 1 10 12 1 1 10 12 1 10 10 10 12 1 1 10 100 12 1 1 1 10 12 1 10 12 1 10 12 1 8 1 10 12 1 10 12 1 10 12 1 1 10 12 1 8 1 10 12 1 1 10 100 1 10 10 12 1 1 8 1 10 12 1 10 12 1 10 12 1 8 1 8 1 9 12 1 1 100 1 8 1 10 12 1 10 12 1 1 8 1 10 12 1 8 1 8 1 8 1 10 100 12 1 1 10 12 1 1 10 12 1 10 12 1 1 10 12 1 1 10 12 1 1 100 1 100 1 10 12 1 10 12 10 12 1 1 10 100 12 1 1 10 12 1 100 1 10 12 10 8 1 10 12 1 10 12 1 10 12 1 1 100 1 10 12 1 1 100 1 100 1 8 1 8 1 10 10 12 1 1 10 100 12 1 1 1 100 1 10 12 10 12 1 1 11 100 12 1 1 10 10 12 1 11 10 12 1 8 1 100 1 10 12 1 10 12 1 1 10 12 1 11 12 1 1 11 100 1 1 1 1 5 0 1 1 1 1 1 1 1 1 1 1 1 1 1 1 1 1 1 1 1 1 1 1 1 1 1 1 1 1 1 1 1 1 1 1 1 1 1 1 1 1 1 1 1 1 1 1 1 1 1 1 1 1 1 1 1 1 1 1 1 1 1 1 1 1 1 100 1 1 1 1 1 1 1
ciInstanceKlass java/lang/StringBuilder 1 1 409 10 7 12 1 1 1 10 12 1 10 12 1 10 12 1 1 10 7 12 1 1 1 10 7 12 1 1 1 10 12 1 10 12 1 10 12 1 10 12 1 10 12 1 10 12 1 10 12 1 10 12 1 10 12 1 10 12 1 10 12 1 10 12 1 10 12 1 10 12 1 1 10 12 1 10 12 1 1 10 12 1 1 10 12 1 10 12 1 10 12 1 10 12 1 10 12 1 10 12 1 10 12 1 10 12 10 12 1 10 12 1 10 12 1 10 12 1 1 10 12 1 10 12 1 10 12 10 12 1 1 10 12 1 1 9 12 1 1 9 12 1 1 10 7 12 1 1 1 10 7 1 10 100 12 1 1 1 10 12 1 10 12 1 1 10 12 1 1 10 10 12 1 1 10 100 12 1 1 10 12 1 10 12 1 1 100 1 100 1 8 1 10 10 12 1 1 10 12 1 1 10 12 1 10 12 1 10 12 1 10 12 1 10 12 1 10 12 1 10 12 1 10 12 1 10 12 1 10 12 1 10 12 1 10 12 1 10 12 1 10 12 1 10 12 1 1 10 12 1 1 10 12 1 10 12 1 10 12 1 10 12 10 12 10 12 1 10 12 1 10 12 1 10 12 10 12 1 10 12 1 10 12 1 10 12 1 10 12 1 10 12 1 10 12 1 10 12 1 10 12 1 1 10 12 1 10 12 1 1 10 12 1 10 12 1 1 10 12 1 10 12 1 1 10 12 1 10 12 1 10 12 1 10 10 12 1 10 12 1 100 1 100 1 100 1 1 1 1 5 0 1 1 1 1 1 1 1 1 1 1 1 1 1 1 1 1 1 1 1 1 1 1 1 1 1 1 1 1 1 1 1 1 1 1 1 1 1 1 1 1 1 1 1 7 1 1 1 7 1 1 1 1 1 1 1 1 1 1
ciInstanceKlass jdk/internal/loader/ClassLoaders 1 1 183 10 100 12 1 1 1 10 7 12 1 1 1 10 12 1 1 10 100 12 1 1 1 9 7 12 1 1 1 9 12 1 1 9 12 1 1 7 1 11 100 12 1 1 1 100 1 11 12 1 1 11 12 1 1 10 100 12 1 1 1 10 100 12 1 1 1 100 1 100 1 10 7 12 1 1 1 9 12 1 1 10 12 1 1 7 1 10 12 1 1 10 12 1 7 1 8 1 10 7 12 1 1 1 10 12 1 1 7 1 10 12 1 10 12 1 10 12 1 8 1 10 7 12 1 1 8 1 8 1 10 12 1 7 1 10 12 1 10 12 1 10 12 1 1 1 1 1 1 1 1 1 1 1 1 1 1 1 1 1 1 1 1 100 1 1 1 1 1 1 1 1 1 1 1 1 1 1 1 1 1 1 1
staticfield jdk/internal/loader/ClassLoaders JLA Ljdk/internal/access/JavaLangAccess; java/lang/System$2
staticfield jdk/internal/loader/ClassLoaders BOOT_LOADER Ljdk/internal/loader/ClassLoaders$BootClassLoader; jdk/internal/loader/ClassLoaders$BootClassLoader
staticfield jdk/internal/loader/ClassLoaders PLATFORM_LOADER Ljdk/internal/loader/ClassLoaders$PlatformClassLoader; jdk/internal/loader/ClassLoaders$PlatformClassLoader
staticfield jdk/internal/loader/ClassLoaders APP_LOADER Ljdk/internal/loader/ClassLoaders$AppClassLoader; jdk/internal/loader/ClassLoaders$AppClassLoader
ciInstanceKlass jdk/internal/misc/Unsafe 1 1 1285 10 7 12 1 1 1 9 7 12 1 1 1 9 12 1 1 10 12 1 1 10 7 12 1 1 1 10 12 1 1 10 12 1 1 10 12 1 1 10 12 1 1 10 12 1 1 10 12 1 1 10 12 1 1 10 12 1 1 10 12 1 1 10 12 1 1 10 12 1 1 10 12 1 1 10 12 1 1 10 12 1 10 12 1 100 1 10 10 12 1 1 10 12 1 1 5 0 10 12 1 1 10 12 1 1 10 7 12 1 1 1 10 12 1 1 10 12 1 10 12 1 10 12 1 1 10 12 1 1 10 12 1 10 12 1 100 1 100 1 10 8 1 10 12 1 1 10 12 1 8 1 10 12 1 1 10 12 1 10 12 1 10 12 1 1 10 12 1 10 12 1 1 10 12 1 1 10 12 1 10 12 1 10 12 1 10 12 1 1 10 12 1 10 12 1 10 12 1 1 10 12 1 5 0 5 0 5 0 10 12 1 10 12 1 10 12 1 10 12 1 10 12 1 10 12 1 10 12 1 10 12 1 10 12 1 1 10 12 1 10 12 1 100 1 8 1 10 100 1 10 10 12 1 1 10 12 1 1 10 12 1 10 12 1 1 10 12 1 1 10 12 1 10 12 1 1 10 12 1 9 7 12 1 1 9 12 1 100 1 10 10 12 1 1 8 1 10 8 1 8 1 10 12 1 1 9 7 12 1 1 1 9 100 1 9 7 1 9 7 1 9 9 100 1 9 7 1 9 100 1 10 12 1 1 10 12 1 1 10 12 1 1 10 12 1 1 5 0 5 0 9 12 1 1 10 12 1 10 12 1 10 12 1 1 10 12 1 1 10 12 1 8 1 3 10 12 1 1 10 12 1 1 10 12 1 10 12 1 1 10 12 1 1 10 12 1 10 12 1 10 12 1 10 12 1 10 12 1 10 12 1 1 10 12 1 1 10 12 1 10 12 1 10 12 1 10 12 1 10 12 1 10 12 1 1 10 12 1 1 10 12 1 10 12 1 10 12 1 10 12 1 10 12 1 10 12 1 1 10 12 1 1 10 12 1 1 10 12 1 1 10 12 1 10 12 1 10 12 1 10 12 1 10 12 1 10 12 1 10 12 1 1 10 12 1 1 10 12 1 10 12 1 10 12 1 10 12 1 10 12 1 10 12 1 10 12 1 1 10 12 1 1 10 12 1 10 12 1 10 12 1 10 12 1 10 12 1 10 12 1 10 12 1 10 12 1 1 10 12 1 10 12 1 10 12 1 10 12 1 10 12 1 1 10 12 1 10 12 1 10 12 1 10 12 1 10 12 1 10 12 1 10 12 1 10 12 1 1 10 12 1 10 12 1 10 12 1 10 12 1 10 12 1 10 12 1 1 10 12 1 10 12 1 10 12 1 1 10 12 1 10 12 1 10 12 1 10 12 1 10 12 1 10 12 1 10 12 1 10 12 1 10 12 1 10 12 1 10 12 1 10 12 1 10 12 1 10 12 1 10 12 1 10 12 1 10 12 1 10 12 1 10 12 1 10 12 1 10 12 1 10 12 1 100 1 10 100 1 10 9 12 1 5 0 10 12 1 1 5 0 10 12 1 5 0 10 12 1 10 12 1 10 12 1 1 10 12 1 1 10 12 1 10 12 1 10 12 1 10 12 1 1 10 12 1 10 12 1 10 12 1 10 12 1 10 12 1 1 10 12 1 10 12 1 10 12 1 10 12 1 1 10 12 1 10 12 1 10 12 1 1 10 12 1 10 12 1 10 12 1 10 12 1 1 10 12 1 10 10 12 1 1 10 12 1 10 12 1 1 10 12 1 10 12 5 0 5 0 5 0 10 12 1 1 10 12 1 10 12 1 10 12 10 7 12 1 1 8 1 7 1 11 12 1 1 8 1 11 12 1 1 10 7 12 1 1 10 12 1 10 12 1 10 12 1 10 12 1 10 12 1 1 10 12 1 10 12 1 10 12 1 10 12 1 10 12 1 10 12 1 10 7 1 10 12 1 9 12 1 7 1 9 12 1 7 1 9 12 1 7 1 9 12 1 7 1 9 12 1 7 1 9 12 1 7 1 9 12 1 7 1 9 12 1 7 1 9 12 1 10 12 1 9 12 1 9 12 1 9 12 1 9 12 1 9 12 1 9 12 1 9 12 1 9 12 1 9 12 1 9 12 1 1 1 3 1 1 1 1 1 1 1 1 1 1 1 1 1 1 1 1 1 1 1 1 1 1 1 1 1 1 1 1 1 1 1 1 1 1 1 1 1 1 1 1 1 1 1 1 1 1 1 1 1 1 1 1 1 1 1 1 1 1 1 1 1 1 1 1 1 1 1 1 1 1 1 1 1 1 1 1 1 1 1 1 1 1 1 1 1 1 1 1 1 7 1 1 1 1 1 1 1 1 1 1 1 1 1 1 1 1 1 1 1 1 1 1 1 1 1 1 1 1 1 1 1 1 1 1 1 1 1 1 1 1 1 1 1 1 1 1 1 1 1 1 1 1 1 1 1 1 1 1 1 1 1 1 1 1 1 1 1 1 1 1 1 1 1 1 1 1 1 1 1 1 1 1 1 1 1 1 1 1 1 1 1 1 1 1 1 1 1 1 1 1 1 1 1 1 1 1 1 1 1 1 1 1 1 1 1 1 1 1 1 1 1 1 1 1 1 1 1 1 1 1 1 1 1 1 1 1 1 1 1 1 1 1 1 1 1 1 1 1 1 1 1 1 1 1 1 1 1 1 1 1 1 1 1 1 1 1 1 1 1 1 1 1 1 1 1 1 1 1 1 1 1 1 1 1 1 1 1 1 1 1 1 1 1 1 1 1 1 1 1 1 1 1 1 1 1 1 1 3 1 1 1 1 1 1 1 1 1 1 1 1 1 1 1 1 1 1 1 1 1
staticfield jdk/internal/misc/Unsafe theUnsafe Ljdk/internal/misc/Unsafe; jdk/internal/misc/Unsafe
staticfield jdk/internal/misc/Unsafe ARRAY_BOOLEAN_BASE_OFFSET I 16
staticfield jdk/internal/misc/Unsafe ARRAY_BYTE_BASE_OFFSET I 16
staticfield jdk/internal/misc/Unsafe ARRAY_SHORT_BASE_OFFSET I 16
staticfield jdk/internal/misc/Unsafe ARRAY_CHAR_BASE_OFFSET I 16
staticfield jdk/internal/misc/Unsafe ARRAY_INT_BASE_OFFSET I 16
staticfield jdk/internal/misc/Unsafe ARRAY_LONG_BASE_OFFSET I 16
staticfield jdk/internal/misc/Unsafe ARRAY_FLOAT_BASE_OFFSET I 16
staticfield jdk/internal/misc/Unsafe ARRAY_DOUBLE_BASE_OFFSET I 16
staticfield jdk/internal/misc/Unsafe ARRAY_OBJECT_BASE_OFFSET I 16
staticfield jdk/internal/misc/Unsafe ARRAY_BOOLEAN_INDEX_SCALE I 1
staticfield jdk/internal/misc/Unsafe ARRAY_BYTE_INDEX_SCALE I 1
staticfield jdk/internal/misc/Unsafe ARRAY_SHORT_INDEX_SCALE I 2
staticfield jdk/internal/misc/Unsafe ARRAY_CHAR_INDEX_SCALE I 2
staticfield jdk/internal/misc/Unsafe ARRAY_INT_INDEX_SCALE I 4
staticfield jdk/internal/misc/Unsafe ARRAY_LONG_INDEX_SCALE I 8
staticfield jdk/internal/misc/Unsafe ARRAY_FLOAT_INDEX_SCALE I 4
staticfield jdk/internal/misc/Unsafe ARRAY_DOUBLE_INDEX_SCALE I 8
staticfield jdk/internal/misc/Unsafe ARRAY_OBJECT_INDEX_SCALE I 4
staticfield jdk/internal/misc/Unsafe ADDRESS_SIZE I 8
ciInstanceKlass java/lang/ThreadGroup 1 1 293 10 7 12 1 1 1 9 7 12 1 1 1 8 1 9 12 1 1 7 1 9 12 1 9 12 1 1 10 12 1 1 10 12 1 1 10 12 1 10 12 1 1 10 12 1 9 12 1 1 10 12 1 1 10 12 1 9 12 1 10 100 12 1 1 1 9 12 1 9 12 1 1 10 7 12 1 1 1 100 10 12 1 1 10 7 12 1 1 1 10 100 12 1 9 12 1 10 12 1 1 10 12 1 1 9 12 1 1 10 12 1 1 10 12 1 10 12 1 10 12 1 1 10 12 1 1 10 12 1 10 12 1 10 10 12 1 10 12 1 10 100 1 10 10 12 1 10 12 1 10 12 1 7 10 12 1 9 12 1 1 10 12 1 1 8 1 10 100 12 1 1 1 10 12 1 1 10 12 1 1 10 12 1 1 11 100 1 100 1 9 12 1 100 1 10 8 1 10 12 1 1 10 12 1 1 8 1 10 12 1 10 100 12 1 1 1 10 12 1 1 10 100 1 8 1 10 8 1 10 12 1 8 1 1 1 1 1 1 1 1 1 1 1 1 1 1 1 1 1 3 1 1 1 1 1 1 1 1 1 1 1 1 1 1 1 1 1 1 1 1 1 1 1 1 1 1 1 1 1 1 1 1 1 1 1 1 1 1 1 1 1 1
instanceKlass org/apache/ivy/util/PropertiesFile
instanceKlass java/security/Provider
ciInstanceKlass java/util/Properties 1 1 651 10 7 12 1 1 1 100 1 10 7 12 1 1 7 1 10 12 1 9 12 1 1 9 12 1 1 9 12 1 1 10 7 12 1 1 1 10 12 1 1 8 1 10 7 12 1 1 1 7 1 10 12 1 10 12 1 1 8 1 10 12 1 7 1 10 12 10 12 1 1 9 12 1 1 10 12 1 1 7 1 10 12 1 10 12 1 10 12 1 1 100 1 8 1 10 12 1 10 12 1 10 12 1 1 10 12 1 100 1 3 10 10 7 12 1 1 1 10 12 1 10 12 1 1 8 1 10 12 1 10 12 1 1 8 1 10 7 12 1 1 10 12 1 1 10 12 1 10 12 1 1 100 1 10 12 1 10 12 1 1 7 1 9 7 12 1 1 1 10 12 1 10 12 1 1 7 1 10 10 10 12 1 1 11 7 12 1 1 1 11 7 12 1 1 1 11 12 1 1 7 1 11 12 1 11 12 1 10 12 1 1 8 1 10 12 1 10 12 1 100 1 10 10 12 1 1 10 100 12 1 1 9 100 12 1 1 10 12 1 1 10 100 12 1 1 1 100 1 100 1 100 1 10 8 1 8 1 10 12 1 10 12 1 10 12 1 1 10 10 12 1 1 10 12 1 1 7 1 10 10 12 1 11 7 12 1 1 10 7 12 1 1 1 8 1 10 100 12 1 1 11 8 1 10 100 1 11 10 12 1 10 12 1 10 12 1 10 12 1 1 10 12 1 1 10 12 1 1 10 12 1 10 12 1 10 10 12 1 10 12 1 10 12 1 10 10 12 1 1 10 12 1 1 7 1 10 10 12 1 10 12 1 10 12 1 10 12 1 10 12 1 1 10 12 1 1 10 12 1 10 12 1 10 12 1 1 10 12 10 12 1 1 10 12 1 1 10 12 1 10 12 1 1 10 12 1 1 10 12 100 1 10 11 100 12 1 1 4 11 10 12 1 1 10 100 12 1 1 11 12 1 10 12 1 1 10 100 12 1 1 10 12 1 100 1 8 1 10 12 1 10 10 100 12 1 1 1 100 1 6 0 10 12 1 1 11 100 12 1 1 1 10 12 1 10 12 1 1 1 1 1 5 0 1 1 1 1 1 1 1 1 1 1 1 1 1 1 1 1 1 1 1 1 1 1 1 1 1 1 1 1 1 1 1 1 1 1 1 1 1 1 1 1 100 1 1 1 1 1 1 1 1 1 1 1 1 1 1 1 1 1 1 1 1 100 1 1 1 1 1 1 1 100 1 100 1 1 1 1 100 1 1 1 1 1 1 1 1 1 1 1 1 1 1 1 1 1 1 1 1 1 1 1 1 1 1 1 1 1 1 1 1 1 1 1 1 1 1 1 1 1 1 1 1 1 1 1 1 1 1 1 1 1 1 1 1 1 1 1 1 1 1 1 1 1 1 1 1 1 1 1 1 1 1 1 1 100 1 1 1 1 1 1 1 1 1 100 1 1 1
staticfield java/util/Properties UNSAFE Ljdk/internal/misc/Unsafe; jdk/internal/misc/Unsafe
instanceKlass scala/collection/convert/Wrappers$DictionaryWrapper
instanceKlass java/util/Hashtable
ciInstanceKlass java/util/Dictionary 1 1 36 10 7 12 1 1 1 100 1 1 1 1 1 1 1 1 1 1 1 1 1 1 1 1 1 1 1 1 1 1 1 1 1 1 1 1
instanceKlass org/apache/commons/logging/impl/WeakHashtable
instanceKlass java/util/Properties
ciInstanceKlass java/util/Hashtable 1 1 512 100 1 10 7 12 1 1 1 9 7 12 1 1 1 100 1 100 1 10 8 1 10 12 1 1 10 12 1 10 12 1 1 10 12 1 10 7 12 1 1 1 8 1 10 12 1 9 12 1 1 7 1 9 12 1 1 4 10 7 12 1 1 1 9 12 1 4 10 12 1 11 7 12 1 1 1 10 12 1 1 10 12 1 1 9 12 1 10 12 1 1 100 1 10 9 12 1 1 10 7 12 1 1 1 9 12 1 1 10 12 1 10 12 1 3 9 12 1 9 12 1 3 10 12 1 10 12 1 10 12 1 1 11 12 1 1 11 7 12 1 1 1 11 7 12 1 1 1 11 12 1 7 1 11 12 1 11 12 1 10 12 1 1 10 12 1 1 10 12 1 9 12 1 1 9 12 9 12 1 1 10 100 1 100 1 10 12 1 10 8 1 10 10 12 1 8 1 10 8 1 10 7 12 1 1 1 7 1 10 12 1 10 12 1 100 1 10 12 1 10 12 1 1 7 1 10 100 1 10 10 12 1 1 11 12 1 1 11 12 1 100 1 10 10 10 100 12 1 1 11 100 12 1 1 1 100 1 10 11 100 12 1 1 11 100 12 1 10 12 1 10 12 1 1 10 100 12 1 1 10 12 1 1 10 12 1 1 10 12 1 1 10 100 12 1 1 1 8 10 100 12 1 1 100 1 8 1 10 4 10 12 4 10 12 1 8 1 10 12 10 100 12 1 1 1 100 1 11 100 12 1 1 1 10 100 12 1 1 1 10 12 1 10 12 1 1 10 100 1 100 1 1 1 1 1 1 5 0 1 1 1 1 1 3 1 3 1 3 1 1 1 1 1 1 1 1 1 1 1 1 1 1 1 1 1 1 1 1 1 1 1 1 1 100 1 1 1 1 1 1 1 1 1 1 1 1 1 1 1 1 1 1 1 1 1 1 1 1 1 1 1 1 1 100 1 1 1 1 1 1 1 1 1 1 1 1 1 1 1 1 1 1 1 1 1 1 1 1 1 1 1 1 1 1 1 1 1 1 1 1 1 1 1 1 1 1 1 1 1 1 1 1 1 1 1 1 1 1 1 1 1 1 100 1 1 1 100 1 1 1 1 1 100 1 1 1 1 1 1 1 1 1 1 1 1 1 1 1 1 1 1
instanceKlass org/apache/parquet/bytes/LittleEndianDataInputStream
instanceKlass org/apache/parquet/bytes/ByteBufferInputStream
instanceKlass org/apache/parquet/io/SeekableInputStream
instanceKlass org/apache/hadoop/io/compress/CompressionInputStream
instanceKlass org/apache/spark/storage/BufferReleasingInputStream
instanceKlass com/fasterxml/jackson/core/io/MergedStream
instanceKlass org/apache/kafka/common/compress/KafkaLZ4BlockInputStream
instanceKlass org/apache/kafka/common/utils/ByteBufferInputStream
instanceKlass java/io/ObjectInputStream$PeekInputStream
instanceKlass java/io/ObjectInputStream$BlockDataInputStream
instanceKlass org/apache/spark/util/io/ChunkedByteBufferInputStream
instanceKlass com/esotericsoftware/kryo/io/Input
instanceKlass java/util/jar/JarVerifier$VerifierStream
instanceKlass sun/nio/ch/ChannelInputStream
instanceKlass org/apache/hadoop/shaded/org/apache/commons/compress/archivers/ArchiveInputStream
instanceKlass org/apache/spark/io/NioBufferedFileInputStream
instanceKlass org/apache/spark/util/ByteBufferInputStream
instanceKlass sun/nio/ch/NioSocketImpl$1
instanceKlass java/net/Socket$SocketInputStream
instanceKlass org/apache/hadoop/fs/FSInputStream
instanceKlass org/apache/hadoop/shaded/com/ctc/wstx/io/MergedStream
instanceKlass com/sun/org/apache/xerces/internal/impl/XMLEntityManager$RewindableInputStream
instanceKlass org/apache/ivy/util/FileUtil$UncloseInputStream
instanceKlass org/apache/spark/util/Utils$$anon$2
instanceKlass java/io/SequenceInputStream
instanceKlass java/io/ObjectInputStream
instanceKlass java/util/zip/ZipFile$ZipFileInputStream
instanceKlass java/io/FilterInputStream
instanceKlass java/io/FileInputStream
instanceKlass java/io/ByteArrayInputStream
ciInstanceKlass java/io/InputStream 1 1 184 100 1 10 7 12 1 1 1 100 1 10 10 7 12 1 1 1 10 7 12 1 1 1 10 12 1 7 1 3 10 12 1 1 100 1 8 1 10 12 1 10 7 12 1 1 1 3 100 1 8 1 10 10 7 12 1 1 1 7 1 10 11 7 12 1 1 1 10 12 1 1 11 12 1 1 11 7 12 1 1 1 11 12 1 1 7 1 10 7 12 1 1 1 5 0 10 12 1 10 12 1 1 100 1 10 8 1 10 8 1 8 1 10 12 1 1 10 100 12 1 1 1 100 1 1 1 1 3 1 3 1 1 1 1 1 1 1 1 1 1 1 1 1 1 1 1 1 1 1 1 1 1 1 1 1 1 1 1 1 1 1 1 1 1 1 1 1 1 1 1 1 1 1 1 1 1 1 1 1 1 1 1 1
ciInstanceKlass java/io/ByteArrayInputStream 1 1 117 10 7 12 1 1 1 9 7 12 1 1 1 9 12 1 1 9 12 1 9 12 1 10 7 12 1 1 1 10 7 12 1 1 1 10 7 12 1 1 1 10 7 12 1 1 1 10 12 1 1 3 10 100 1 10 100 12 1 1 1 9 12 1 1 100 1 10 10 7 12 1 1 1 1 1 1 1 1 1 1 1 1 1 1 1 1 1 1 1 1 1 1 1 1 1 1 1 1 1 1 1 100 1 1 1 1 1 1 1 1 1 1 1 1 1 1
staticfield java/io/ByteArrayInputStream $assertionsDisabled Z 1
instanceKlass org/apache/spark/security/SocketAuthServer$$anon$1
instanceKlass org/apache/kafka/common/utils/KafkaThread
instanceKlass org/apache/spark/ContextCleaner$$anon$1
instanceKlass org/apache/spark/util/UninterruptibleThread
instanceKlass org/apache/spark/util/EventLoop$$anon$1
instanceKlass java/util/TimerThread
instanceKlass org/apache/spark/storage/BlockManager$RemoteBlockDownloadFileManager$$anon$2
instanceKlass java/util/concurrent/ForkJoinWorkerThread
instanceKlass io/netty/util/concurrent/FastThreadLocalThread
instanceKlass org/apache/spark/scheduler/AsyncEventQueue$$anon$2
instanceKlass org/apache/spark/util/ThreadUtils$$anon$2
instanceKlass org/apache/hadoop/util/Shell$1
instanceKlass org/apache/hadoop/util/ShutdownHookManager$1
instanceKlass org/apache/spark/util/ShutdownHookManager$$anon$1
instanceKlass org/apache/spark/util/Utils$$anon$3
instanceKlass scala/sys/ShutdownHookThread
instanceKlass java/util/logging/LogManager$Cleaner
instanceKlass jdk/internal/misc/InnocuousThread
instanceKlass java/lang/ref/Finalizer$FinalizerThread
instanceKlass java/lang/ref/Reference$ReferenceHandler
ciInstanceKlass java/lang/Thread 1 1 612 9 7 12 1 1 1 9 12 1 1 10 12 1 1 9 12 1 1 9 12 1 1 100 1 8 1 10 12 1 1 3 8 1 100 1 5 0 10 12 1 1 10 7 12 1 1 9 12 1 1 9 12 1 9 12 1 1 9 12 1 100 1 8 1 10 9 12 1 1 10 7 12 1 1 1 10 100 12 1 1 1 10 10 7 12 1 1 10 12 1 1 10 12 1 1 9 100 12 1 1 1 10 12 1 1 10 12 1 9 12 1 1 10 12 1 1 10 12 1 1 9 12 1 10 12 1 1 9 12 1 1 10 7 12 1 1 1 9 12 1 1 9 12 1 1 10 12 1 1 10 7 12 1 1 1 9 12 1 10 12 1 1 9 12 1 7 1 10 7 1 10 8 1 10 12 1 1 10 12 1 10 12 1 10 12 1 1 10 12 1 10 12 1 9 12 1 100 1 10 10 12 1 1 10 12 1 10 12 1 100 1 11 7 12 1 1 9 7 12 1 1 1 10 12 1 10 12 1 10 12 9 12 1 1 10 9 12 1 10 12 1 100 1 10 10 12 1 1 9 12 1 10 12 1 11 100 12 1 1 10 12 1 9 12 1 10 12 1 10 12 1 10 10 12 1 10 12 1 10 12 1 10 12 1 10 12 1 1 100 1 10 10 12 1 10 12 1 10 12 1 9 100 12 1 1 1 10 12 1 1 10 12 1 7 1 8 1 10 10 12 1 10 12 8 1 10 12 1 8 1 10 8 1 8 1 10 100 12 1 1 10 100 12 1 1 1 100 1 8 1 10 9 12 1 9 12 1 1 10 12 1 1 10 10 12 1 1 9 12 1 10 12 1 1 100 1 10 12 11 100 12 1 1 1 9 100 12 1 1 1 9 12 1 1 10 12 1 1 100 1 10 12 1 11 100 12 1 1 1 100 1 10 12 1 10 12 1 1 11 12 1 10 12 1 100 1 10 12 1 10 12 1 1 10 7 12 1 1 1 8 1 9 12 1 10 12 1 1 11 100 12 1 1 1 10 100 12 1 1 1 11 12 1 10 12 1 7 1 1 1 1 3 1 3 1 3 1 1 1 1 1 1 1 1 1 1 1 1 1 1 1 1 1 1 1 7 1 1 1 1 1 1 1 1 1 1 1 1 100 1 100 1 1 1 1 1 1 1 1 1 1 1 1 1 1 1 1 1 1 1 1 1 1 1 1 1 1 1 1 1 1 1 1 1 1 1 1 1 1 1 1 1 1 1 100 100 1 1 1 1 1 1 1 1 1 100 1 1 1 1 1 1 1 1 1 1 1 1 1 1 1 1 1 1 1 1 1 1 1 1 1 1 1 1 100 1 1 1 1 1 1 100 1 1 100 1 1 1 1 1 1
staticfield java/lang/Thread EMPTY_STACK_TRACE [Ljava/lang/StackTraceElement; 0 [Ljava/lang/StackTraceElement;
ciMethod java/lang/System arraycopy (Ljava/lang/Object;ILjava/lang/Object;II)V 256 0 128 0 -1
instanceKlass scala/reflect/internal/Types$MissingTypeControl
instanceKlass scala/reflect/internal/Types$MissingAliasControl
instanceKlass scala/reflect/internal/Types$TypeError
instanceKlass scala/reflect/internal/Types$NoCommonType
instanceKlass io/netty/util/ResourceLeakDetector$TraceRecord
instanceKlass scala/util/control/BreakControl
instanceKlass scala/runtime/NonLocalReturnControl
instanceKlass scala/runtime/Nothing$
instanceKlass java/lang/Exception
instanceKlass java/lang/Error
ciInstanceKlass java/lang/Throwable 1 1 393 10 7 12 1 1 1 9 7 12 1 1 1 9 12 1 1 9 12 1 9 12 1 1 9 12 1 10 12 1 1 9 12 1 1 10 12 1 1 10 12 1 100 1 7 1 10 8 1 10 12 1 1 8 1 10 100 12 1 1 10 10 12 1 100 1 8 1 10 10 12 1 1 10 7 12 1 1 10 12 1 8 1 9 100 12 1 1 1 10 12 1 1 7 1 10 12 10 12 1 7 1 10 10 7 12 1 1 1 11 7 12 1 1 1 10 7 12 1 1 1 10 12 1 1 10 12 1 1 8 1 10 12 1 10 12 1 1 8 1 8 1 10 12 1 1 10 12 1 8 1 8 1 9 12 1 1 10 100 12 1 1 100 1 10 11 12 1 8 1 8 1 10 7 12 1 1 8 1 10 12 1 8 1 7 1 10 12 1 9 12 1 1 10 12 1 10 7 12 1 9 12 1 1 10 12 1 1 100 1 8 1 10 12 1 10 100 12 1 1 10 12 1 1 100 1 10 100 12 1 1 1 10 12 1 11 100 12 1 1 1 11 100 12 1 1 1 11 12 1 8 1 10 12 1 1 8 1 10 10 9 7 12 1 1 1 8 1 10 12 1 1 10 100 1 8 1 10 11 12 1 1 8 1 9 12 1 10 100 12 1 1 11 9 12 1 1 11 12 1 1 100 10 12 1 10 12 1 1 100 1 1 1 1 5 0 1 1 1 1 1 1 1 1 1 1 1 1 1 100 1 1 1 1 1 1 1 1 1 1 1 1 1 1 1 1 1 1 1 1 1 1 1 1 1 1 1 1 1 1 1 1 1 1 1 1 1 1 1 1 1 1 7 1 7 1 1 1 1 1 1 1 1 1 1 1 1 1 1 1 1 1 1
staticfield java/lang/Throwable UNASSIGNED_STACK [Ljava/lang/StackTraceElement; 0 [Ljava/lang/StackTraceElement;
staticfield java/lang/Throwable SUPPRESSED_SENTINEL Ljava/util/List; java/util/Collections$EmptyList
staticfield java/lang/Throwable EMPTY_THROWABLE_ARRAY [Ljava/lang/Throwable; 0 [Ljava/lang/Throwable;
staticfield java/lang/Throwable $assertionsDisabled Z 1
instanceKlass org/apache/spark/TaskOutputFileAlreadyExistException
instanceKlass org/apache/spark/sql/delta/managedcommit/CommitFailedException
instanceKlass org/apache/parquet/VersionParser$VersionParseException
instanceKlass org/apache/parquet/SemanticVersion$SemanticVersionParseException
instanceKlass shaded/parquet/org/apache/thrift/TException
instanceKlass scala/ScalaReflectionException
instanceKlass scala/reflect/internal/FatalError
instanceKlass scala/reflect/internal/Positions$ValidateException
instanceKlass org/apache/spark/sql/delta/CommitOwnerGetCommitsFailedException
instanceKlass org/apache/spark/sql/execution/streaming/state/StateSchemaNotCompatible
instanceKlass org/apache/spark/storage/BlockException
instanceKlass org/apache/spark/sql/catalyst/util/PartialResultArrayException
instanceKlass org/apache/spark/sql/catalyst/util/PartialValueException
instanceKlass org/apache/spark/sql/execution/adaptive/SubqueryAdaptiveNotSupportedException
instanceKlass org/json4s/MappingException
instanceKlass org/apache/spark/sql/streaming/StreamingQueryException
instanceKlass org/codehaus/commons/compiler/LocatedException
instanceKlass java/sql/SQLException
instanceKlass org/apache/spark/sql/catalyst/util/BadRecordException
instanceKlass org/apache/spark/sql/AnalysisException
instanceKlass org/apache/spark/TaskNotSerializableException
instanceKlass sun/nio/fs/WindowsException
instanceKlass org/sparkproject/jetty/util/MultiException
instanceKlass javax/servlet/ServletException
instanceKlass org/apache/spark/shuffle/FetchFailedException
instanceKlass sun/security/pkcs11/wrapper/PKCS11Exception
instanceKlass org/apache/spark/status/KVUtils$MetadataMismatchException
instanceKlass org/apache/commons/codec/EncoderException
instanceKlass org/apache/commons/codec/DecoderException
instanceKlass sun/security/krb5/KrbException
instanceKlass javax/security/auth/RefreshFailedException
instanceKlass javax/security/auth/callback/UnsupportedCallbackException
instanceKlass org/ietf/jgss/GSSException
instanceKlass java/util/concurrent/ExecutionException
instanceKlass javax/security/auth/DestroyFailedException
instanceKlass java/util/concurrent/TimeoutException
instanceKlass org/apache/oro/text/regex/MalformedPatternException
instanceKlass java/util/zip/DataFormatException
instanceKlass javax/xml/parsers/ParserConfigurationException
instanceKlass org/xml/sax/SAXException
instanceKlass java/text/ParseException
instanceKlass javax/xml/transform/TransformerException
instanceKlass javax/xml/stream/XMLStreamException
instanceKlass java/security/GeneralSecurityException
instanceKlass javax/management/JMException
instanceKlass javax/naming/NamingException
instanceKlass java/net/URISyntaxException
instanceKlass java/lang/InterruptedException
instanceKlass java/lang/CloneNotSupportedException
instanceKlass org/apache/spark/deploy/rest/SubmitRestProtocolException
instanceKlass org/apache/spark/SparkException
instanceKlass java/security/PrivilegedActionException
instanceKlass java/io/IOException
instanceKlass java/lang/ReflectiveOperationException
instanceKlass java/lang/RuntimeException
ciInstanceKlass java/lang/Exception 1 1 40 10 7 12 1 1 1 10 12 1 10 12 1 10 12 1 10 12 1 100 1 1 1 1 5 0 1 1 1 1 1 1 1 1 1 1 1 1 1 1
instanceKlass java/lang/IllegalAccessException
instanceKlass java/lang/InstantiationException
instanceKlass java/lang/reflect/InvocationTargetException
instanceKlass java/lang/NoSuchFieldException
instanceKlass java/lang/NoSuchMethodException
instanceKlass java/lang/ClassNotFoundException
ciInstanceKlass java/lang/ReflectiveOperationException 1 1 34 10 7 12 1 1 1 10 12 1 10 12 1 10 12 1 100 1 1 1 1 5 0 1 1 1 1 1 1 1 1 1 1 1
instanceKlass org/xerial/snappy/SnappyError
instanceKlass scala/reflect/runtime/ReflectError
instanceKlass com/google/common/util/concurrent/ExecutionError
instanceKlass org/sparkproject/guava/util/concurrent/ExecutionError
instanceKlass org/apache/hadoop/fs/FSError
instanceKlass org/apache/hadoop/thirdparty/com/google/common/util/concurrent/ExecutionError
instanceKlass scala/NotImplementedError
instanceKlass java/lang/AssertionError
instanceKlass java/util/ServiceConfigurationError
instanceKlass java/lang/VirtualMachineError
instanceKlass java/lang/LinkageError
instanceKlass java/lang/ThreadDeath
ciInstanceKlass java/lang/Error 1 1 40 10 7 12 1 1 1 10 12 1 10 12 1 10 12 1 10 12 1 100 1 1 1 1 5 0 1 1 1 1 1 1 1 1 1 1 1 1 1 1
ciInstanceKlass java/lang/ThreadDeath 0 0 21 10 100 12 1 1 1 100 1 1 1 1 5 0 1 1 1 1 1 1 1
instanceKlass org/apache/spark/SparkClassNotFoundException
ciInstanceKlass java/lang/ClassNotFoundException 1 1 96 7 1 10 7 12 1 1 1 10 12 1 10 12 1 1 10 100 12 1 1 1 8 1 10 100 12 1 1 1 10 7 12 1 1 10 100 12 1 1 1 10 100 12 1 1 1 10 12 1 1 7 1 10 12 1 9 12 1 1 1 1 1 5 0 1 1 1 1 1 1 1 1 1 1 1 1 1 1 1 1 1 1 100 1 1 1 1 1 1 1 1 1 1 1 1
staticfield java/lang/ClassNotFoundException serialPersistentFields [Ljava/io/ObjectStreamField; 1 [Ljava/io/ObjectStreamField;
instanceKlass java/lang/UnsatisfiedLinkError
instanceKlass java/lang/ExceptionInInitializerError
instanceKlass java/lang/IncompatibleClassChangeError
instanceKlass java/lang/BootstrapMethodError
instanceKlass java/lang/NoClassDefFoundError
ciInstanceKlass java/lang/LinkageError 1 1 31 10 7 12 1 1 1 10 12 1 10 12 1 100 1 1 1 1 5 0 1 1 1 1 1 1 1 1 1 1 1
instanceKlass sun/security/pkcs/SignerInfo$AlgorithmInfo
instanceKlass jdk/net/UnixDomainPrincipal
instanceKlass jdk/jfr/internal/dcmd/Argument
ciInstanceKlass java/lang/Record 1 1 22 10 7 12 1 1 1 100 1 1 1 1 1 1 1 1 1 1 1 1 1 1
ciInstanceKlass java/lang/StringLatin1 1 1 380 7 1 10 100 12 1 1 1 100 1 10 12 1 10 7 12 1 1 1 10 7 12 1 1 1 10 12 1 10 7 12 1 1 1 10 12 1 1 10 7 12 1 1 1 10 12 1 1 10 12 1 1 10 10 12 1 10 12 1 1 10 9 7 12 1 1 1 10 12 1 1 10 7 12 1 1 1 10 12 10 12 1 1 10 12 1 1 10 12 1 1 10 7 12 1 1 1 10 12 1 10 12 1 1 9 12 1 1 100 1 10 10 100 12 1 1 1 10 7 12 1 1 1 10 12 1 10 12 1 100 1 100 1 8 1 10 12 1 8 1 10 12 100 1 10 10 10 7 12 1 1 1 8 1 8 1 8 1 10 12 1 1 10 100 12 1 1 10 12 1 10 12 1 1 10 12 1 1 10 12 1 1 10 12 1 10 12 10 12 10 12 1 10 12 10 10 12 1 10 12 1 10 12 1 10 7 12 1 1 1 10 7 12 1 1 1 10 12 1 1 10 12 1 1 10 10 7 12 1 1 1 1 1 1 1 1 1 1 1 1 1 1 1 1 1 1 1 1 1 1 1 1 1 1 1 1 1 1 1 1 1 1 1 1 1 1 1 1 1 1 1 1 1 1 1 1 1 1 1 1 100 1 1 1 1 1 1 1 1 1 1 1 1 1 1 1 1 1 1 1 1 1 1 1 1 1 1 1 1 1 1 1 1 1 1 1 1 1 1 1 1 1 1 1 1 100 1 1 1 1 1 1 1 1 1 1 1 1 1 1 1 1 1 1 1 1 1 100 1 1 1 1 1 1 1 1 1 1 1 1 1 1 1 1 1 1 1 1 1 1 1 1 1 1 100 1 1 1 1
staticfield java/lang/StringLatin1 $assertionsDisabled Z 1
ciInstanceKlass java/lang/Math 1 1 395 10 100 12 1 1 1 10 7 12 1 1 1 10 12 1 10 12 1 10 12 1 10 12 1 10 12 1 7 1 6 0 6 0 10 12 1 10 12 1 10 12 1 10 12 1 10 12 1 10 12 1 1 10 12 1 10 12 1 10 12 1 10 12 1 10 12 1 10 7 12 1 1 1 100 1 3 3 3 10 7 12 1 1 1 100 1 5 0 5 0 5 0 5 0 5 0 9 7 12 1 1 1 10 7 12 1 1 1 100 1 8 1 10 12 1 8 1 10 12 1 1 10 12 1 1 100 1 5 0 5 0 100 1 3 5 0 3 5 0 10 12 1 10 12 1 8 1 10 12 1 8 1 9 12 1 1 9 12 1 10 12 1 1 6 0 10 12 1 9 12 1 1 100 1 10 10 12 1 100 1 10 12 1 10 12 1 1 10 12 1 10 12 1 10 12 1 10 12 1 1 10 12 1 1 10 12 1 1 10 12 6 0 10 12 1 1 10 12 1 1 10 12 10 12 1 4 10 12 1 1 10 12 1 10 12 1 10 12 10 12 1 10 12 1 10 12 1 10 12 1 10 12 1 10 12 1 10 12 1 5 0 6 0 4 6 0 4 6 0 4 10 12 1 1 9 12 1 1 10 12 1 9 12 1 10 7 12 1 1 1 4 6 0 1 1 6 0 1 6 0 1 1 1 1 1 1 1 1 1 1 1 1 1 1 1 1 1 1 1 1 1 1 1 1 1 1 1 1 1 1 1 1 1 1 1 1 1 1 1 1 1 1 1 1 1 1 1 1 1 1 1 1 1 1 1 1 1 1 1 1 1 1 1 1 1 1 1 1 1 1 1 1 1 1 1 1 1 1 1 1 1 1 1 1 1 1 1 1 1 1 1 1 1 1
staticfield java/lang/Math negativeZeroFloatBits J -2147483648
staticfield java/lang/Math negativeZeroDoubleBits J -9223372036854775808
staticfield java/lang/Math $assertionsDisabled Z 1
ciInstanceKlass java/util/Arrays 1 1 988 10 7 12 1 1 1 10 7 12 1 1 1 10 7 12 1 1 1 10 12 1 10 12 1 10 12 1 10 12 1 10 12 1 10 12 1 10 100 12 1 1 1 100 1 7 1 10 8 1 10 12 1 1 10 12 1 8 1 8 1 10 12 1 1 10 12 1 100 1 10 12 1 9 100 12 1 1 1 10 7 12 1 1 100 1 10 12 1 1 10 7 12 1 1 10 7 12 1 1 1 100 1 10 12 1 10 12 1 1 7 1 9 7 12 1 1 1 10 12 1 1 10 7 12 1 1 10 12 1 10 12 1 1 10 12 1 10 12 1 1 7 1 11 12 1 1 10 12 1 10 7 12 1 1 1 10 12 10 12 1 10 12 1 10 12 10 12 1 11 7 12 1 1 1 10 7 12 1 1 1 100 1 10 12 1 10 100 1 10 12 1 10 100 1 10 12 1 10 100 1 10 12 1 10 10 12 1 1 10 12 1 10 12 1 10 12 1 10 12 1 10 12 1 10 100 12 1 1 1 10 12 1 10 100 12 1 1 1 10 12 1 10 12 1 10 7 12 1 1 1 10 12 1 10 12 1 10 12 1 10 12 1 10 12 1 10 12 1 10 12 1 10 12 1 10 12 1 10 12 1 10 12 1 10 12 1 10 12 1 10 12 1 10 12 1 10 12 1 1 10 12 1 1 10 7 12 1 1 1 10 12 1 8 1 7 1 10 12 10 12 1 10 12 1 1 10 12 1 1 9 100 12 1 1 1 100 1 10 12 1 9 100 1 100 1 10 12 1 9 100 1 100 1 10 12 1 9 100 1 100 1 10 12 1 9 100 1 100 1 10 12 1 9 100 1 100 1 10 12 1 9 100 1 10 12 1 100 1 10 12 1 10 12 1 9 12 1 100 1 10 10 12 1 1 10 12 1 10 12 1 10 12 1 10 12 1 10 12 1 10 12 1 10 12 1 10 12 1 10 12 1 8 1 8 1 10 12 1 10 12 1 8 1 10 12 1 10 12 1 10 12 1 10 7 12 1 1 1 3 10 7 1 10 10 12 1 1 11 100 12 1 1 10 12 1 1 10 12 1 10 12 1 10 12 1 10 12 1 10 12 1 10 12 1 10 12 1 10 12 1 11 12 1 8 1 10 11 12 1 11 100 12 1 1 1 11 100 12 1 1 1 11 12 1 1 18 12 1 1 11 12 1 1 11 100 12 1 1 1 18 12 1 11 100 12 1 1 1 18 12 1 11 100 12 1 1 1 18 12 1 100 1 10 7 12 1 1 1 10 12 1 10 12 1 10 12 1 10 12 1 10 12 1 10 12 1 10 12 1 10 12 1 1 10 12 1 10 7 12 1 1 10 12 1 10 12 1 10 12 1 1 10 12 1 10 12 1 10 12 1 1 10 12 1 10 12 1 10 12 1 1 10 12 1 10 12 1 10 12 1 10 12 1 10 12 10 12 1 10 12 10 12 10 12 1 10 12 10 12 1 10 12 1 10 12 1 1 1 1 3 1 3 1 1 1 1 1 1 1 1 1 1 1 1 1 1 1 1 1 1 1 1 1 1 1 1 1 1 1 1 1 1 1 1 1 1 1 1 1 1 1 1 1 1 1 1 1 1 1 1 1 1 1 1 1 1 1 1 1 1 1 1 1 1 1 1 1 1 1 1 1 1 1 1 1 1 1 1 1 1 1 1 1 1 1 1 1 1 1 1 1 1 1 1 1 1 1 1 1 1 1 1 1 1 1 1 1 1 1 1 1 1 1 1 1 1 1 1 1 1 1 1 1 1 1 1 1 1 1 1 1 1 1 1 1 1 1 1 1 1 1 1 1 1 1 1 1 1 1 1 1 1 1 1 1 1 1 1 1 1 1 1 1 1 1 1 1 1 1 1 1 1 1 1 1 1 1 1 1 1 1 1 1 1 1 1 1 1 1 1 1 1 1 1 1 1 1 1 1 1 1 1 1 1 1 1 1 1 1 1 1 1 1 1 1 1 1 1 1 1 1 1 1 1 1 1 1 1 1 1 1 1 1 1 1 1 1 1 1 1 1 1 1 1 1 1 1 1 1 1 1 1 1 1 1 1 1 1 1 1 1 1 1 100 1 1 15 10 100 12 1 1 1 16 15 10 12 15 10 12 15 10 12 15 10 12 1 1 100 1 100 1 1 1 1 100 1 1 1 1 1 1 100 1 1 100 1 1 100 1 1 1 100 1 100 1 1
staticfield java/util/Arrays $assertionsDisabled Z 1
ciMethod java/lang/StringLatin1 inflate ([BI[BII)V 0 0 265 0 -1
ciMethod java/lang/StringLatin1 newString ([BII)Ljava/lang/String; 514 0 10509 0 1184
ciInstanceKlass java/lang/StringUTF16 1 1 598 100 1 7 1 10 100 12 1 1 1 100 1 10 7 1 3 100 1 100 1 10 8 1 10 12 1 1 10 12 1 8 1 10 12 1 1 10 12 1 9 12 1 1 10 12 1 1 100 1 8 1 10 12 1 9 12 1 1 9 12 1 10 10 12 1 1 10 12 1 1 10 7 12 1 1 1 10 12 1 10 12 1 1 10 12 1 1 10 12 1 1 10 12 1 1 10 12 1 10 12 1 1 10 12 1 1 10 12 1 1 10 12 1 1 10 12 1 10 12 1 10 12 1 1 10 12 1 100 1 10 12 1 10 10 12 1 1 10 12 1 10 12 1 1 10 12 1 10 100 12 1 1 1 10 100 12 1 1 1 10 12 10 12 1 1 10 12 1 10 12 1 1 10 12 1 1 10 12 1 10 12 1 10 12 1 3 10 12 1 1 10 12 1 10 12 1 10 12 1 10 12 1 10 12 1 10 12 1 1 9 12 1 10 12 1 10 12 1 10 12 1 10 12 1 10 12 1 10 10 12 10 12 10 10 100 12 1 1 1 10 7 12 1 1 1 10 12 1 10 12 1 100 1 8 1 8 1 10 12 1 1 100 1 10 10 100 12 1 1 1 10 100 12 1 1 8 1 8 1 8 1 10 12 1 1 10 12 1 1 10 12 10 12 1 10 100 12 1 1 10 12 1 1 10 12 1 1 10 12 1 10 12 10 12 10 12 1 10 12 10 12 1 10 12 1 10 12 1 10 12 1 10 12 1 10 100 12 1 1 1 10 100 12 1 1 1 10 12 1 1 10 12 1 1 11 100 12 1 1 10 12 1 10 12 1 10 12 1 1 9 12 1 1 9 12 1 5 0 5 0 10 12 1 10 12 10 12 10 7 12 1 1 1 10 12 1 1 1 1 1 1 1 1 1 1 1 1 1 1 1 1 1 1 1 1 1 1 1 1 1 1 1 1 1 1 1 100 1 1 1 1 1 1 1 1 1 1 1 1 1 1 1 1 1 1 1 1 1 1 1 1 1 1 1 1 1 1 1 1 1 1 1 1 1 1 1 1 1 1 1 1 1 1 1 1 1 1 1 1 1 1 1 1 1 1 1 1 1 1 1 1 1 1 1 1 1 1 1 1 1 1 1 1 1 1 1 1 1 1 100 1 1 1 1 1 1 1 1 1 1 1 1 1 1 1 1 1 100 1 1 1 1 1 1 1 1 1 1 1 1 1 1 1 1 1 1 1 1 1 1 1 1 1 1 1 1 1 1 1 1 1 1 1 1 1 1 1 1 1 1 1 1 1 1 1 1 1 1 1 1 1 1 1 1 1 1 1 1 1 100 1 100 1 1 1 1 1
staticfield java/lang/StringUTF16 HI_BYTE_SHIFT I 0
staticfield java/lang/StringUTF16 LO_BYTE_SHIFT I 8
staticfield java/lang/StringUTF16 $assertionsDisabled Z 1
ciMethod java/lang/StringUTF16 compress ([BII)[B 680 0 1545 0 0
ciMethod java/lang/StringUTF16 compress ([BI[BII)I 412 24278 1538 0 -1
ciMethod java/lang/StringUTF16 newBytesFor (I)[B 0 0 216 0 -1
ciMethod java/lang/StringUTF16 newString ([BII)Ljava/lang/String; 0 0 1613 0 0
ciMethod java/lang/StringUTF16 putCharsAt ([BICCCC)I 0 0 1 0 -1
ciInstanceKlass java/lang/Boolean 1 1 151 10 7 12 1 1 1 9 7 12 1 1 1 10 12 1 1 10 12 1 8 1 10 7 12 1 1 9 12 1 1 9 12 1 8 1 10 12 1 1 10 12 1 1 10 7 12 1 1 1 100 1 100 1 10 12 1 1 9 100 12 1 1 9 12 10 100 12 1 1 1 10 12 1 1 8 1 10 7 12 1 1 1 9 12 1 1 100 1 100 1 100 1 1 1 1 1 1 5 0 1 1 1 1 1 1 1 1 1 1 3 1 1 1 1 1 1 1 1 1 1 1 1 1 1 1 1 1 1 1 1 100 1 1 1 1 1 1 1 1 1 1 100 1 1 1 1 1 1 1 1
staticfield java/lang/Boolean TRUE Ljava/lang/Boolean; java/lang/Boolean
staticfield java/lang/Boolean FALSE Ljava/lang/Boolean; java/lang/Boolean
staticfield java/lang/Boolean TYPE Ljava/lang/Class; java/lang/Class
instanceKlass java/util/concurrent/locks/AbstractQueuedSynchronizer
ciInstanceKlass java/util/concurrent/locks/AbstractOwnableSynchronizer 1 1 32 10 7 12 1 1 1 9 7 12 1 1 1 100 1 1 1 1 5 0 1 1 1 1 1 1 1 1 1 1 1 1
instanceKlass scala/math/ScalaNumber
instanceKlass java/math/BigInteger
instanceKlass java/math/BigDecimal
instanceKlass java/util/concurrent/atomic/Striped64
instanceKlass java/util/concurrent/atomic/AtomicLong
instanceKlass java/util/concurrent/atomic/AtomicInteger
instanceKlass java/lang/Long
instanceKlass java/lang/Integer
instanceKlass java/lang/Short
instanceKlass java/lang/Byte
instanceKlass java/lang/Double
instanceKlass java/lang/Float
ciInstanceKlass java/lang/Number 1 1 37 10 7 12 1 1 1 10 100 12 1 1 1 100 1 1 1 1 5 0 1 1 1 1 1 1 1 1 1 1 1 1 1 1 1 1 1
instanceKlass java/lang/LiveStackFrameInfo
ciInstanceKlass java/lang/StackFrameInfo 1 1 132 10 7 12 1 1 1 9 7 12 1 1 1 9 7 1 9 12 1 1 11 7 12 1 1 1 9 12 1 1 11 12 1 1 10 12 1 1 10 7 12 1 1 1 10 12 1 11 12 1 11 12 1 1 11 12 1 10 12 1 1 9 12 1 1 10 12 1 1 10 100 12 1 1 10 12 1 1 11 12 1 1 10 12 1 9 12 1 1 10 12 1 1 100 1 8 1 10 12 1 10 7 12 1 1 1 100 1 1 1 1 1 1 1 1 1 1 1 1 1 1 1 1 1 1 100 1 1 1 1 1 1
staticfield java/lang/StackFrameInfo JLIA Ljdk/internal/access/JavaLangInvokeAccess; java/lang/invoke/MethodHandleImpl$1
ciInstanceKlass java/lang/LiveStackFrameInfo 0 0 97 10 100 12 1 1 1 9 100 12 1 1 1 9 12 1 9 12 1 9 12 1 9 12 1 1 100 1 10 12 1 1 10 12 1 8 1 10 12 1 1 8 1 8 1 8 1 10 100 1 10 12 1 100 1 10 12 1 100 1 100 1 1 1 3 1 3 1 1 1 1 1 1 1 1 1 1 1 1 1 1 1 1 1 1 1 1 1 1 1 1 1 1 1 100 1 1
ciInstanceKlass java/lang/Character 1 1 576 7 1 100 1 100 1 9 12 1 1 8 1 9 12 1 1 100 1 9 12 1 1 10 100 12 1 1 1 10 100 12 1 1 1 10 100 12 1 1 1 10 7 12 1 1 1 9 7 12 1 1 1 10 12 1 10 12 1 1 10 12 1 1 10 7 12 1 1 10 12 1 1 3 3 3 3 3 10 12 1 1 10 12 1 3 11 7 12 1 1 1 11 12 1 1 10 12 1 1 10 12 1 1 100 1 10 10 12 1 3 10 12 1 1 10 12 1 10 12 1 1 100 1 8 1 10 12 1 1 10 12 1 10 12 1 10 12 1 10 12 1 10 12 1 1 10 12 1 10 7 12 1 1 10 10 12 1 10 10 12 1 10 12 1 1 10 12 1 10 10 12 1 10 12 1 10 12 1 10 12 1 10 12 1 10 12 1 10 12 1 10 12 10 10 12 10 10 12 1 10 10 12 1 10 10 12 1 10 10 12 1 10 10 12 1 10 10 12 1 10 10 12 1 1 10 10 12 1 10 5 0 10 12 1 10 12 1 10 10 12 1 10 10 12 1 1 10 10 12 1 10 10 12 1 9 12 1 1 100 1 10 10 12 1 10 12 1 1 3 10 100 12 1 1 1 10 12 1 10 100 12 1 1 100 1 10 10 12 1 1 10 12 1 1 10 12 1 1 8 1 10 12 1 9 100 12 1 1 1 10 12 1 10 10 12 1 10 12 1 1 10 12 1 10 10 12 1 1 10 10 12 1 1 100 1 8 1 10 12 1 1 10 7 12 1 1 1 8 1 10 12 1 1 9 12 1 1 100 1 100 1 100 1 1 1 1 3 1 3 1 3 1 3 1 1 1 1 1 3 1 1 3 1 3 1 3 1 3 1 3 1 3 1 3 1 3 1 3 1 3 1 3 1 3 1 3 1 3 1 3 1 3 1 3 1 3 1 3 1 3 1 3 1 3 1 3 1 3 1 3 1 3 1 3 1 3 1 1 1 1 1 1 1 1 1 1 1 1 1 1 1 1 1 1 1 3 1 1 1 1 1 1 1 3 1 1 3 1 1 1 1 1 3 1 1 5 0 1 1 1 1 1 1 1 1 1 1 1 1 1 1 1 1 1 1 1 1 1 1 1 1 1 1 1 1 1 1 1 1 1 1 1 1 1 1 1 1 1 1 1 1 1 1 1 1 1 1 1 1 1 1 1 1 1 1 1 1 1 1 1 1 1 1 1 1 1 1 1 1 1 1 1 1 1 1 1 1 1 1 1 1 1 1 1 1 1 100 1 100 1 1 1 1 1 1
staticfield java/lang/Character TYPE Ljava/lang/Class; java/lang/Class
staticfield java/lang/Character $assertionsDisabled Z 1
ciInstanceKlass java/lang/Float 1 1 223 7 1 100 1 10 7 12 1 1 1 10 100 12 1 1 1 4 100 1 10 12 1 1 10 12 1 1 8 1 8 1 10 100 12 1 1 1 10 12 1 1 10 12 1 1 10 4 4 4 10 7 12 1 1 9 12 1 1 10 12 1 1 10 12 1 10 12 1 10 12 1 1 10 12 1 10 12 1 3 10 12 1 1 10 12 1 1 10 12 1 10 100 12 1 1 1 10 12 1 1 10 12 1 1 8 1 10 7 12 1 1 1 9 12 1 1 100 1 100 1 100 1 1 1 1 1 4 1 1 1 4 1 1 3 1 3 1 3 1 3 1 1 1 1 5 0 1 1 1 1 1 1 1 1 1 1 100 1 1 1 1 1 1 1 1 1 1 1 1 1 3 1 1 1 1 1 1 1 1 1 1 1 1 1 1 1 1 1 1 1 1 1 1 1 1 1 1 1 1 1 1 1 1 1 1 1 1 1 1 100 1 1 1 1 1 1 1 100 1 100 1 1
staticfield java/lang/Float TYPE Ljava/lang/Class; java/lang/Class
ciInstanceKlass java/lang/Double 1 1 285 7 1 100 1 10 7 12 1 1 1 10 12 1 1 10 12 1 100 1 10 12 1 1 10 7 12 1 1 1 6 0 8 1 10 12 1 1 8 1 10 12 1 1 8 1 6 0 10 12 1 1 100 1 5 0 5 0 8 1 8 1 10 100 12 1 1 1 10 100 12 1 1 1 8 1 10 12 1 1 8 1 8 1 8 1 10 12 1 1 10 12 1 10 12 1 1 10 12 1 10 12 1 10 12 1 1 10 12 1 10 6 0 6 0 6 0 10 7 12 1 1 9 12 1 1 10 12 1 10 12 1 10 12 1 10 12 1 5 0 10 12 1 1 10 12 1 10 12 1 10 100 12 1 1 1 10 12 1 1 10 12 1 1 8 1 10 7 12 1 1 1 9 12 1 1 100 1 100 1 100 1 1 1 1 1 6 0 1 1 1 6 0 1 1 3 1 3 1 3 1 3 1 1 1 1 5 0 1 1 1 1 1 1 1 1 1 1 1 1 1 1 1 1 7 1 1 1 1 1 1 1 1 1 1 1 1 3 1 1 1 1 1 1 1 1 1 1 1 1 1 1 1 1 1 1 1 1 1 1 1 1 1 1 1 1 1 1 1 1 1 1 7 1 1 1 1 1 1 1 100 1 100 1 1
staticfield java/lang/Double TYPE Ljava/lang/Class; java/lang/Class
ciInstanceKlass java/lang/Byte 1 1 215 7 1 100 1 10 100 12 1 1 1 9 12 1 1 8 1 9 12 1 1 100 1 10 12 1 1 10 12 1 1 10 100 12 1 1 1 10 100 12 1 1 1 9 7 12 1 1 1 10 12 1 1 100 1 100 1 10 12 1 1 8 1 10 12 1 1 8 1 10 12 1 10 12 1 10 12 1 10 12 1 1 10 12 1 10 12 1 10 12 1 1 10 8 1 8 1 10 7 1 9 12 1 1 10 12 1 10 12 1 1 10 12 1 1 10 12 1 1 10 12 1 5 0 10 12 1 1 8 1 10 7 12 1 1 1 9 12 1 1 100 1 100 1 1 1 3 1 3 1 1 1 1 3 1 3 1 1 5 0 1 1 1 1 1 1 1 1 1 1 1 1 1 1 1 1 1 1 1 1 1 1 1 1 1 1 1 1 1 1 1 1 1 1 1 1 1 1 1 1 1 1 1 1 1 1 1 1 1 1 1 1 1 1 1
staticfield java/lang/Byte TYPE Ljava/lang/Class; java/lang/Class
ciInstanceKlass java/lang/Short 1 1 224 7 1 100 1 100 1 10 7 12 1 1 1 10 12 1 1 100 1 100 1 10 12 1 1 8 1 10 12 1 1 8 1 10 12 1 10 12 1 10 12 1 10 12 1 1 10 12 1 1 10 12 1 9 12 1 1 8 1 9 12 1 1 100 1 10 12 1 1 10 12 1 10 100 12 1 1 1 10 100 12 1 1 1 9 7 12 1 1 1 10 12 1 10 12 1 1 10 8 1 8 1 10 7 1 9 12 1 1 10 12 1 10 12 1 1 10 12 1 1 10 12 1 1 10 12 1 3 3 5 0 10 12 1 1 8 1 10 7 12 1 1 1 9 12 1 1 100 1 100 1 1 1 3 1 3 1 1 1 1 3 1 3 1 1 5 0 1 1 1 1 1 1 1 1 1 1 1 1 1 1 1 1 1 1 1 1 1 1 1 1 1 1 1 3 1 1 1 1 1 1 1 1 1 1 1 1 1 1 1 1 1 1 1 1 1 1 1 1 1 1 1 1 1
staticfield java/lang/Short TYPE Ljava/lang/Class; java/lang/Class
ciInstanceKlass java/lang/Integer 1 1 445 7 1 100 1 7 1 7 1 10 12 1 1 9 12 1 1 9 12 1 1 10 100 12 1 1 1 10 12 1 1 10 100 12 1 1 1 10 10 12 1 1 10 100 12 1 1 1 10 12 1 10 12 1 1 10 7 12 1 1 1 10 12 1 1 10 12 1 1 10 12 1 10 12 1 10 12 1 1 10 10 12 1 9 12 1 1 9 12 1 7 1 8 1 10 12 1 100 1 10 12 1 8 1 10 12 1 1 10 12 1 8 1 10 12 1 8 1 10 12 1 1 3 10 12 1 1 3 10 12 1 1 10 12 1 1 10 7 12 1 1 1 11 7 1 100 1 10 11 10 12 1 1 8 1 10 12 1 1 8 1 100 1 10 12 1 1 10 12 1 1 5 0 8 1 10 12 1 10 12 1 10 12 1 10 12 1 1 7 1 9 12 1 1 9 12 1 1 10 12 1 10 7 1 9 12 1 10 12 1 10 12 1 10 12 1 1 10 7 12 1 1 1 100 1 100 1 10 12 1 1 10 12 1 1 8 1 8 1 10 12 1 1 8 1 8 1 8 1 8 1 8 1 8 1 10 12 1 10 12 1 10 12 1 5 0 3 3 3 3 10 12 1 3 10 12 1 10 100 12 1 1 1 10 12 1 1 10 12 1 1 8 1 10 7 12 1 1 1 9 12 1 1 3 3 3 3 3 3 9 12 1 1 100 1 100 1 100 1 1 1 1 1 1 1 3 1 3 1 1 5 0 1 1 1 1 1 1 1 1 1 100 1 1 1 1 1 1 1 1 1 1 1 1 1 1 1 1 1 1 1 1 1 1 1 1 1 1 1 1 1 1 1 1 1 1 1 1 1 1 1 3 1 1 1 1 1 1 1 1 1 1 1 1 1 1 1 1 100 1 1 1 1 1 1 1 1 1 1 1 1 1 1 1 1 1 1 1 1 1 1 1 1 1 1 1 1 1 1 1 7 1 1 1 1 1 1 1 1 1 100 1 100 1 1
staticfield java/lang/Integer TYPE Ljava/lang/Class; java/lang/Class
staticfield java/lang/Integer digits [C 36
staticfield java/lang/Integer DigitTens [B 100
staticfield java/lang/Integer DigitOnes [B 100
staticfield java/lang/Integer sizeTable [I 10
ciMethod java/lang/Integer intValue ()I 258 0 129 0 -1
ciInstanceKlass java/lang/Long 1 1 506 7 1 100 1 7 1 7 1 10 12 1 1 9 12 1 1 9 7 12 1 1 1 10 100 12 1 1 1 10 12 1 1 10 100 12 1 1 1 10 10 12 10 12 1 10 12 1 10 12 1 5 0 5 0 7 1 10 12 1 1 10 12 1 1 10 12 1 10 12 1 10 12 1 10 12 1 1 10 100 12 1 1 10 12 1 10 12 1 1 10 12 1 1 10 12 1 1 10 12 1 1 10 7 12 1 1 1 10 12 1 1 10 12 1 10 12 1 10 12 1 10 12 1 1 10 10 12 1 5 0 5 0 9 12 1 1 9 12 1 5 0 7 1 8 1 10 12 1 8 1 10 12 1 8 1 8 1 10 12 1 1 5 0 10 12 1 1 5 0 10 12 1 1 10 12 1 1 10 100 12 1 1 1 11 100 1 100 1 10 11 10 12 1 1 8 1 10 12 1 1 8 1 100 1 10 12 1 1 10 12 1 8 1 8 1 11 12 1 1 10 12 1 10 12 1 10 12 1 5 0 5 0 9 7 12 1 1 1 10 12 1 10 12 1 1 8 1 8 1 10 12 1 1 8 1 8 1 8 1 8 1 8 1 8 1 10 12 1 10 12 1 10 12 1 1 10 7 1 9 12 1 1 10 12 1 10 12 1 1 10 100 12 1 1 1 100 1 100 1 10 12 1 1 10 12 1 1 5 0 10 12 1 10 12 1 5 0 5 0 5 0 10 12 1 1 5 0 5 0 10 12 1 10 12 1 10 100 12 1 1 1 10 12 1 1 10 12 1 1 8 1 10 7 12 1 1 1 9 12 1 1 100 1 100 1 100 1 1 1 1 5 0 1 1 1 1 3 1 3 1 5 0 1 1 1 1 1 1 1 1 1 100 1 1 1 1 1 1 1 1 1 1 1 1 1 1 1 1 1 1 1 1 1 1 1 1 1 1 1 1 1 1 1 1 1 1 1 1 1 1 1 1 1 1 1 1 1 1 1 1 1 1 1 1 1 1 3 1 1 1 1 1 1 1 1 1 1 1 1 1 1 1 100 1 1 1 1 1 1 1 1 1 1 1 1 1 1 1 1 1 1 1 1 1 1 1 1 1 1 1 7 1 1 1 1 1 1 1 1 1 100 1 100 1 1
staticfield java/lang/Long TYPE Ljava/lang/Class; java/lang/Class
instanceKlass java/lang/ref/PhantomReference
instanceKlass java/lang/ref/FinalReference
instanceKlass java/lang/ref/WeakReference
instanceKlass java/lang/ref/SoftReference
ciInstanceKlass java/lang/ref/Reference 1 1 195 9 7 12 1 1 1 9 7 12 1 1 10 12 1 1 10 12 1 1 9 12 1 1 10 12 1 1 9 12 1 1 9 12 1 1 7 1 10 12 1 10 7 12 1 1 10 12 1 10 12 1 1 10 12 1 9 12 1 10 12 1 1 10 12 1 10 12 1 9 12 1 100 1 100 1 10 12 1 9 12 1 9 12 1 100 1 10 10 12 1 10 10 7 12 1 1 10 7 12 1 1 1 10 12 1 1 10 7 12 1 1 7 1 8 1 10 12 1 10 12 1 1 10 12 1 1 10 12 1 7 1 10 10 7 12 1 1 1 1 1 1 1 1 1 1 1 1 1 1 1 1 1 1 1 100 1 1 1 100 1 1 1 1 1 1 1 1 1 1 1 1 1 1 1 1 1 1 1 1 1 1 1 1 1 1 1 1 1 1 1 1 1 1 1
staticfield java/lang/ref/Reference processPendingLock Ljava/lang/Object; java/lang/Object
staticfield java/lang/ref/Reference $assertionsDisabled Z 1
instanceKlass com/google/common/cache/LocalCache$SoftValueReference
instanceKlass java/io/ClassCache$CacheRef
instanceKlass sun/security/util/MemoryCache$SoftCacheEntry
instanceKlass org/sparkproject/guava/cache/LocalCache$SoftValueReference
instanceKlass java/util/ResourceBundle$BundleReference
instanceKlass sun/util/locale/provider/LocaleResources$ResourceReference
instanceKlass sun/util/resources/Bundles$BundleReference
instanceKlass sun/util/locale/LocaleObjectCache$CacheEntry
instanceKlass java/lang/invoke/LambdaFormEditor$Transform
ciInstanceKlass java/lang/ref/SoftReference 1 1 47 10 7 12 1 1 1 9 7 12 1 1 1 9 12 1 10 12 1 10 12 1 1 1 1 1 1 1 1 1 1 1 1 1 1 1 1 1 1 1 1 100 1 1 1 1 1
instanceKlass org/sparkproject/guava/collect/MapMakerInternalMap$WeakValueReference
instanceKlass scala/ref/WeakReferenceWithWrapper
instanceKlass com/google/common/cache/LocalCache$WeakValueReference
instanceKlass org/apache/commons/collections4/map/AbstractReferenceMap$WeakRef
instanceKlass org/sparkproject/guava/collect/MapMakerInternalMap$WeakEntry
instanceKlass org/apache/spark/sql/catalyst/encoders/HashableWeakReference
instanceKlass org/apache/hadoop/fs/FileSystem$Statistics$StatisticsDataReference
instanceKlass org/apache/spark/CleanupTaskWeakReference
instanceKlass io/netty/util/ResourceLeakDetector$DefaultResourceLeak
instanceKlass org/apache/spark/storage/BlockManager$RemoteBlockDownloadFileManager$ReferenceWithCleanup
instanceKlass org/sparkproject/guava/cache/LocalCache$WeakValueReference
instanceKlass org/apache/commons/logging/impl/WeakHashtable$WeakKey
instanceKlass java/util/ResourceBundle$KeyElementReference
instanceKlass com/sun/jmx/mbeanserver/WeakIdentityHashMap$IdentityWeakReference
instanceKlass java/lang/ClassValue$Entry
instanceKlass java/util/logging/LogManager$LoggerWeakRef
instanceKlass java/util/logging/Level$KnownLevel
instanceKlass java/lang/ThreadLocal$ThreadLocalMap$Entry
instanceKlass java/lang/WeakPairMap$WeakRefPeer
instanceKlass java/lang/invoke/MethodType$ConcurrentWeakInternSet$WeakEntry
instanceKlass java/util/WeakHashMap$Entry
ciInstanceKlass java/lang/ref/WeakReference 1 1 31 10 7 12 1 1 1 10 12 1 100 1 1 1 1 1 1 1 1 1 1 1 1 1 1 1 1 1 1 1 1
instanceKlass java/lang/ref/Finalizer
ciInstanceKlass java/lang/ref/FinalReference 1 1 47 10 7 12 1 1 1 10 7 12 1 1 1 10 12 1 1 100 1 8 1 10 12 1 1 1 1 1 1 1 1 1 1 1 1 1 1 1 1 1 1 1 1 1 1 1 1
ciInstanceKlass java/lang/ref/Finalizer 1 1 152 9 7 12 1 1 1 10 7 12 1 1 1 9 12 1 1 9 12 1 1 9 12 1 9 12 1 10 12 1 10 12 1 1 9 12 1 1 100 1 10 12 1 7 1 11 7 12 1 1 100 1 10 12 1 100 1 10 12 1 10 100 12 1 1 1 10 100 12 1 1 1 100 1 10 10 12 1 10 7 12 1 1 1 7 1 10 7 1 10 10 7 12 1 1 1 10 12 1 1 10 7 12 1 1 7 1 10 12 1 10 12 1 1 10 12 1 1 10 12 1 1 1 1 1 1 1 1 1 1 1 1 1 1 1 1 1 1 1 1 1 1 1 1 1 1 1 1 1 1 1 1
staticfield java/lang/ref/Finalizer lock Ljava/lang/Object; java/lang/Object
staticfield java/lang/ref/Finalizer $assertionsDisabled Z 1
instanceKlass jdk/internal/ref/PhantomCleanable
instanceKlass jdk/internal/ref/Cleaner
ciInstanceKlass java/lang/ref/PhantomReference 1 1 39 10 100 12 1 1 1 10 7 12 1 1 1 1 1 1 1 1 1 1 1 1 1 1 1 1 1 1 1 1 1 1 1 1 1 1 1 1 1
instanceKlass java/lang/reflect/Executable
instanceKlass java/lang/reflect/Field
ciInstanceKlass java/lang/reflect/AccessibleObject 1 1 398 10 7 12 1 1 1 9 100 12 1 1 1 10 100 12 1 1 1 10 7 12 1 1 10 7 12 1 1 1 10 7 12 1 1 1 10 12 1 1 10 12 1 1 9 12 1 1 7 1 10 7 12 1 1 1 11 12 1 100 1 10 12 1 7 1 100 1 10 12 1 10 12 1 1 7 1 10 100 12 1 1 1 10 12 1 1 7 1 10 12 1 1 100 1 10 10 10 7 12 1 1 1 10 12 1 1 10 12 1 10 12 1 10 12 1 1 10 12 1 8 1 100 1 10 10 12 1 1 8 1 10 12 1 10 12 1 8 1 8 1 8 1 8 1 8 1 8 1 100 1 10 12 1 10 12 1 9 12 1 1 10 12 1 1 10 12 1 10 11 100 1 100 1 8 1 10 10 12 1 10 12 1 1 8 1 10 12 1 8 1 10 12 1 1 10 100 1 8 1 10 11 7 12 1 1 10 12 1 1 10 12 1 1 10 12 1 1 9 12 1 1 100 1 10 12 1 7 1 10 12 1 10 12 1 1 10 7 1 10 12 1 10 12 10 12 1 10 12 1 1 10 12 1 10 12 1 1 10 12 1 9 12 1 10 7 12 1 1 8 1 10 7 12 1 1 1 8 1 10 100 12 1 1 1 9 12 1 100 1 10 7 1 10 10 7 12 1 1 1 7 1 10 10 7 12 1 1 1 7 1 9 12 1 1 1 1 1 1 1 1 1 1 1 1 1 1 1 1 1 1 1 1 1 1 1 1 1 1 1 1 1 1 1 1 1 1 1 1 1 1 1 1 1 1 1 1 1 1 1 1 1 1 1 1 1 1 1 1 1 1 1 1 1 1 1 1 1 1 1 1 1 1 1 1 1 1 1 1 1 1 1 1 1 1 1 1 1
staticfield java/lang/reflect/AccessibleObject reflectionFactory Ljdk/internal/reflect/ReflectionFactory; jdk/internal/reflect/ReflectionFactory
instanceKlass java/lang/reflect/Constructor
instanceKlass java/lang/reflect/Method
ciInstanceKlass java/lang/reflect/Executable 1 1 548 10 7 12 1 1 1 10 7 12 1 1 1 10 7 12 1 1 1 11 7 12 1 1 1 10 7 12 1 1 1 10 12 1 1 10 7 12 1 1 1 10 7 12 1 1 1 10 12 1 8 1 10 10 12 1 1 10 12 1 1 10 7 12 1 1 1 18 12 1 1 11 7 12 1 1 1 8 1 8 1 8 1 10 7 12 1 1 1 11 12 1 1 7 1 8 1 8 1 10 12 1 100 1 8 1 10 12 1 8 1 11 100 12 1 1 1 100 1 10 12 1 1 11 12 1 8 1 18 8 1 10 12 1 10 12 1 1 18 8 1 10 12 1 100 1 10 12 1 10 12 1 11 7 12 1 1 10 12 1 1 8 1 8 1 10 12 1 1 10 12 1 1 10 10 12 1 100 1 10 10 12 1 10 12 1 1 10 7 12 1 1 10 12 1 10 12 1 10 12 1 1 10 7 12 1 1 10 12 1 10 12 1 10 7 12 1 1 1 10 12 1 8 1 10 12 1 10 12 1 3 100 1 8 1 10 12 1 10 12 1 10 10 12 1 10 12 1 1 8 1 8 1 8 1 9 12 1 10 12 1 100 1 8 1 9 12 1 10 12 1 10 12 1 1 10 12 1 1 10 12 1 10 12 10 12 1 7 1 10 12 1 10 12 1 1 100 1 10 100 12 1 1 1 7 1 10 7 12 1 1 1 10 12 1 1 11 7 12 1 1 10 7 12 1 1 10 100 12 1 1 1 10 12 1 1 9 12 1 10 12 1 1 10 12 1 10 12 1 1 9 100 12 1 1 1 10 100 12 1 1 1 10 12 1 10 12 1 1 9 12 1 10 10 10 10 100 12 1 1 1 10 12 1 9 12 1 10 12 1 1 9 12 1 100 1 100 1 1 1 1 1 1 1 1 1 1 1 1 1 1 1 1 1 1 1 1 1 1 1 1 1 1 1 1 1 1 1 1 1 1 100 1 1 1 1 1 1 1 1 100 1 1 1 1 1 1 1 1 1 1 1 1 100 1 1 1 1 1 1 1 1 1 1 1 1 1 1 1 1 1 1 1 1 1 1 1 1 1 1 1 1 1 1 1 1 1 1 1 1 1 1 1 1 1 100 1 1 1 1 1 1 1 1 1 1 1 1 1 1 1 1 1 1 1 1 1 100 1 100 1 1 15 10 7 12 1 1 1 16 15 16 1 16 1 15 10 12 16 1 100 1 1 100 1 100 1 1
ciInstanceKlass java/lang/reflect/Constructor 1 1 433 10 7 12 1 1 1 10 7 12 1 1 9 7 12 1 1 1 10 12 1 1 10 12 1 1 10 7 12 1 1 9 12 1 1 10 7 12 1 1 1 9 12 1 1 9 12 1 1 9 12 1 9 12 1 1 9 12 1 9 12 1 1 9 12 1 1 9 12 1 100 1 8 1 10 12 1 10 12 1 9 12 1 1 10 7 12 1 1 10 7 12 1 1 1 10 12 1 1 10 12 1 1 10 12 1 7 1 100 1 8 1 10 10 12 1 10 12 1 10 12 1 1 10 12 1 1 9 7 12 1 1 1 10 7 12 1 1 10 12 1 1 10 12 1 10 12 1 1 10 7 12 1 1 1 10 7 12 1 1 10 12 1 1 10 12 1 10 7 12 1 1 1 8 1 10 10 12 1 100 1 8 1 10 12 1 10 12 1 1 10 12 1 1 10 12 1 10 12 1 10 12 1 1 10 12 1 1 9 12 1 1 10 12 1 1 10 12 1 1 10 12 1 8 1 10 12 1 1 11 7 12 1 1 1 10 12 1 1 10 12 1 10 12 1 9 12 1 1 10 7 12 1 1 1 10 12 1 1 10 12 1 1 10 12 1 1 10 12 1 1 10 12 1 9 100 12 1 1 10 12 1 10 12 1 10 12 1 100 1 8 1 10 10 12 1 1 10 12 1 10 10 12 1 1 10 12 1 1 10 100 12 1 1 1 11 100 12 1 1 1 10 12 1 1 9 100 12 1 1 1 10 100 12 1 1 1 10 12 1 1 1 1 1 1 1 1 1 1 1 1 1 1 1 1 1 1 1 1 1 1 1 1 1 1 1 1 1 1 1 1 1 1 1 1 1 1 1 1 1 1 1 1 1 1 1 1 1 1 1 100 1 100 1 100 1 100 1 1 1 1 1 1 1 1 1 1 1 1 1 1 1 1 1 1 1 1 1 1 1 1 1 1 1 1 1 1 1 1 1 100 1 1
ciInstanceKlass java/lang/reflect/Method 1 1 450 9 7 12 1 1 1 10 7 12 1 1 1 10 7 12 1 1 9 12 1 1 10 12 1 1 10 12 1 1 10 7 12 1 1 10 7 12 1 1 1 9 12 1 1 9 12 1 9 12 1 1 9 12 1 9 12 1 9 12 1 1 9 12 1 9 12 1 1 9 12 1 9 12 1 9 12 1 1 100 1 8 1 10 12 1 10 12 1 9 12 1 1 8 1 10 7 12 1 1 10 7 12 1 1 1 10 12 1 1 10 12 1 1 10 12 1 10 12 1 1 10 12 1 1 9 7 12 1 1 1 10 12 1 1 10 12 10 7 12 1 1 10 12 1 1 10 12 1 10 12 1 10 12 1 10 7 12 1 1 1 10 12 1 1 10 7 1 10 7 12 1 1 1 10 7 12 1 1 10 12 1 1 10 12 1 1 10 12 1 10 7 12 1 1 1 10 12 1 10 8 1 10 12 1 10 12 1 7 1 8 1 8 1 8 1 10 12 1 10 12 1 1 10 12 1 1 10 10 12 1 1 10 12 1 11 100 1 9 12 1 1 10 12 1 1 10 12 1 10 12 1 1 10 12 1 1 11 7 12 1 1 1 10 12 1 10 12 1 10 12 1 10 12 1 10 12 1 9 12 1 1 10 7 12 1 1 1 10 12 1 1 10 7 12 1 1 1 10 7 12 1 1 1 10 7 12 1 1 1 11 7 12 1 1 1 10 7 12 1 1 1 7 1 100 1 100 1 10 12 1 10 12 1 1 10 12 1 100 1 8 1 10 12 1 10 10 12 1 1 10 12 1 1 10 12 1 1 10 12 1 1 8 1 10 12 1 1 1 1 1 1 1 1 1 1 1 1 1 1 1 1 1 1 1 1 1 1 1 1 1 1 1 1 1 1 1 1 1 1 1 1 1 1 1 1 1 1 1 1 1 1 1 1 1 1 1 1 1 100 1 100 1 100 1 1 1 1 1 1 1 1 1 1 1 1 1 1 1 1 1 1 1 1 1 1 1 1 1 1
ciInstanceKlass java/lang/reflect/Field 1 1 437 9 7 12 1 1 1 10 12 1 1 10 7 12 1 1 1 10 7 12 1 1 9 12 1 1 10 12 1 1 10 12 1 1 10 7 12 1 1 10 7 12 1 1 1 9 12 1 1 9 12 1 9 12 1 9 12 1 1 9 12 1 1 9 12 1 9 12 1 1 9 12 1 1 100 1 8 1 10 12 1 10 12 1 9 12 1 1 9 12 1 10 12 1 10 7 12 1 1 10 12 1 1 10 12 1 1 10 12 1 10 12 1 1 7 1 10 12 1 1 10 12 1 1 10 12 1 1 10 12 1 10 12 1 10 7 1 10 7 12 1 1 100 1 10 8 1 10 12 1 1 10 12 1 1 8 1 10 12 10 12 1 8 1 8 1 10 11 100 1 9 12 1 10 12 1 1 10 12 1 1 11 7 12 1 1 1 11 12 1 1 11 12 1 1 11 12 1 1 11 12 1 1 11 12 1 1 11 12 1 1 11 12 1 1 11 12 1 1 11 12 1 1 11 12 1 1 11 12 1 1 11 12 1 1 11 12 1 1 11 12 1 1 11 12 1 1 11 12 1 1 11 12 1 1 10 12 1 10 100 12 1 1 10 12 1 10 12 1 1 10 12 9 12 1 1 10 7 12 1 1 1 10 12 1 1 10 7 12 1 1 10 12 1 1 11 7 1 10 12 1 7 1 10 100 12 1 1 1 10 7 12 1 1 1 9 12 1 10 7 12 1 1 1 11 7 12 1 1 1 10 12 1 1 10 12 1 1 9 100 12 1 1 1 10 100 12 1 1 1 10 12 1 1 100 1 1 1 1 1 1 1 1 1 1 1 1 1 1 1 1 1 1 1 1 1 1 1 1 1 1 1 1 1 1 1 1 1 1 1 100 1 1 1 1 1 1 1 1 1 1 1 1 1 1 1 1 1 1 1 1 1 1 1 1 1 1 1 1 1 1 1 1 1 1 100 1 1 1 1 1 1 1 1 100 1 1
ciInstanceKlass java/lang/reflect/Parameter 1 1 226 10 7 12 1 1 1 9 7 12 1 1 1 9 12 1 1 9 12 1 1 9 12 1 10 12 1 1 10 12 1 1 10 7 12 1 1 1 100 1 10 10 12 1 1 11 100 12 1 1 1 10 12 1 10 100 12 1 1 1 10 12 1 1 10 12 1 10 12 1 8 1 8 1 10 100 12 1 1 1 10 12 1 10 12 10 12 1 8 1 10 12 1 9 12 1 1 10 12 1 1 9 12 1 1 10 12 1 1 10 12 1 1 10 12 1 1 10 12 1 10 10 12 1 10 100 12 1 1 1 10 12 1 1 11 100 12 1 1 10 100 12 1 1 100 1 10 100 12 1 1 1 10 12 1 1 10 12 1 1 10 12 1 1 10 12 1 1 9 12 1 100 1 10 11 12 1 1 11 12 1 1 100 1 1 1 1 1 1 1 1 1 1 1 1 1 1 1 1 1 1 1 1 1 1 1 1 1 1 1 1 1 1 1 1 1 1 1 1 1 1 100 1 1 1 1
ciInstanceKlass java/lang/StringBuffer 1 1 470 10 7 12 1 1 1 10 12 1 10 12 1 10 12 1 1 9 7 12 1 1 1 10 12 1 1 10 12 1 10 12 1 1 9 12 1 1 10 12 1 10 12 1 1 10 12 1 1 10 12 1 10 12 1 1 10 12 1 10 12 1 1 10 12 1 1 10 100 12 1 1 1 10 12 1 1 10 12 1 10 12 1 10 12 1 10 12 1 10 12 1 10 12 1 10 12 1 10 12 1 10 12 1 10 12 1 10 12 1 10 12 1 10 12 1 10 12 1 1 10 12 1 10 12 1 1 10 12 1 1 10 10 12 1 1 10 12 1 10 12 1 10 12 1 10 12 1 10 12 1 10 12 1 10 12 10 12 1 10 12 1 10 12 1 10 12 1 1 10 12 1 10 12 1 10 10 12 1 1 10 12 1 1 9 12 1 1 10 7 12 1 1 1 10 100 1 10 10 100 12 1 1 1 10 10 12 1 10 8 10 100 12 1 1 1 8 10 12 1 8 1 10 12 1 10 12 1 10 100 12 1 1 1 10 100 12 1 1 1 7 1 10 12 100 1 8 1 10 10 12 1 1 10 12 1 1 10 12 1 1 10 12 1 10 12 1 10 12 1 10 12 1 10 12 1 10 12 1 10 12 1 10 12 1 10 12 1 10 12 1 10 12 1 10 12 1 10 12 1 10 12 1 10 12 1 10 12 1 10 12 10 12 10 12 1 10 12 1 10 12 1 10 12 10 12 1 10 12 1 10 12 1 10 12 1 10 12 1 10 12 1 10 12 1 10 12 1 10 12 1 10 12 1 10 12 1 7 1 10 12 1 9 7 12 1 1 1 9 7 1 9 12 1 1 100 1 100 1 100 1 1 1 1 5 0 1 1 1 1 1 1 1 1 1 1 1 1 1 1 1 1 1 1 1 1 1 1 1 1 1 1 1 1 1 1 1 1 1 1 1 1 1 1 1 1 1 1 1 1 1 1 1 1 1 1 1 1 1 1 1 1 1 1 1 1 100 1 1 1 1 1 100 1 1 1 1 1 1 1 1 1 1 1 1 1 1 1 1 1
staticfield java/lang/StringBuffer serialPersistentFields [Ljava/io/ObjectStreamField; 3 [Ljava/io/ObjectStreamField;
instanceKlass java/lang/StringBuilder
instanceKlass java/lang/StringBuffer
ciInstanceKlass java/lang/AbstractStringBuilder 1 1 547 7 1 7 1 10 7 12 1 1 1 9 7 12 1 1 1 9 12 1 9 12 1 1 9 12 1 1 10 7 12 1 1 1 10 12 1 1 3 3 10 12 1 10 12 1 1 11 7 1 100 1 100 1 10 8 1 10 12 1 10 12 1 10 12 1 1 10 12 1 10 12 1 10 12 1 9 12 1 1 10 12 1 1 10 7 12 1 1 1 10 10 12 1 10 12 1 10 12 1 1 10 12 1 1 10 7 12 1 1 1 10 7 12 1 1 1 100 1 8 1 10 10 12 1 1 100 1 10 12 10 12 1 1 10 10 12 1 1 10 12 1 1 10 12 1 1 10 12 1 1 100 1 10 10 12 1 10 7 12 1 1 1 10 12 1 1 10 12 1 10 12 1 1 10 10 12 1 1 10 12 10 12 1 10 12 1 1 10 12 1 1 10 12 1 1 10 12 1 10 10 12 1 1 10 12 1 10 12 1 1 8 1 10 12 1 1 10 12 1 10 12 1 10 12 1 10 12 1 10 12 1 10 12 1 10 7 12 1 1 10 12 1 10 12 1 10 7 12 1 1 1 10 12 1 10 12 1 10 12 1 10 12 1 10 12 1 1 10 12 1 10 12 1 1 10 12 1 1 10 10 7 12 1 1 1 10 12 1 10 12 1 10 12 1 1 10 12 1 10 12 1 10 12 1 10 12 1 10 12 1 10 12 1 10 12 1 10 12 1 10 12 1 1 10 12 1 10 12 1 10 12 10 12 1 1 18 12 1 1 100 1 10 100 12 1 1 1 18 10 12 1 1 10 12 1 10 12 1 1 11 12 1 10 12 1 10 12 1 10 10 12 1 10 8 1 8 1 8 1 10 10 100 1 10 12 1 100 1 10 100 1 10 100 1 1 1 3 1 1 1 1 1 1 1 1 1 1 100 1 1 1 1 1 1 1 1 1 1 1 1 1 1 1 1 1 1 1 1 1 1 1 1 1 1 1 1 1 1 1 1 1 1 1 1 1 1 1 1 1 1 1 1 1 1 1 1 1 1 1 1 1 1 1 1 1 1 1 1 1 1 1 1 1 1 1 1 1 1 1 1 1 1 1 1 1 1 1 1 1 1 1 1 1 1 1 1 1 1 1 1 1 1 1 1 1 100 1 1 100 1 1 1 1 1 100 1 1 1 1 1 1 15 10 100 12 1 1 1 16 1 15 10 12 16 15 10 12 1 1 1 1 100 1 100 1 1
staticfield java/lang/AbstractStringBuilder EMPTYVALUE [B 0
ciMethod java/lang/AbstractStringBuilder append (Ljava/lang/String;)Ljava/lang/AbstractStringBuilder; 506 0 18720 0 2048
ciMethod java/lang/AbstractStringBuilder append (I)Ljava/lang/AbstractStringBuilder; 4 0 6150 0 -1
ciMethod java/lang/AbstractStringBuilder <init> (I)V 256 0 5259 0 544
ciMethod java/lang/AbstractStringBuilder inflate ()V 0 0 265 0 0
ciMethod java/lang/AbstractStringBuilder isLatin1 ()Z 264 0 506587 0 96
ciMethod java/lang/AbstractStringBuilder getCoder ()B 514 0 23364 0 64
ciMethod java/lang/AbstractStringBuilder newCapacity (I)I 250 0 463 0 0
ciMethod java/lang/AbstractStringBuilder ensureCapacityInternal (I)V 514 0 5559 0 1152
ciMethod java/lang/AbstractStringBuilder appendNull ()Ljava/lang/AbstractStringBuilder; 0 0 252 0 0
ciMethod java/lang/AbstractStringBuilder putStringAt (ILjava/lang/String;)V 514 0 13569 0 832
ciMethod java/lang/AbstractStringBuilder putStringAt (ILjava/lang/String;II)V 514 0 6436 0 448
instanceKlass org/apache/spark/deploy/SparkSubmitArguments$$anon$1
ciInstanceKlass java/lang/SecurityManager 0 0 576 10 100 12 1 1 1 9 100 12 1 1 1 10 100 12 1 1 1 100 1 8 1 10 12 1 10 12 1 1 10 100 12 1 1 1 10 100 1 10 100 1 10 9 100 12 1 1 1 10 100 12 1 1 1 10 12 1 1 10 100 12 1 1 100 1 8 1 10 9 12 1 1 9 12 1 8 1 9 12 1 100 1 10 8 1 10 12 1 1 10 12 1 10 12 1 1 100 1 10 10 12 1 1 100 1 8 1 10 12 1 8 1 8 1 8 1 8 1 8 1 8 1 10 12 1 8 1 8 1 8 1 8 1 8 1 10 100 12 1 1 1 10 12 1 1 8 1 100 1 8 1 10 8 1 8 1 8 1 8 1 8 1 10 100 12 1 1 8 1 100 1 8 1 8 1 10 8 1 10 12 1 100 1 8 1 10 10 12 1 1 10 12 1 10 12 1 10 12 1 10 100 12 1 1 1 10 12 1 10 100 12 1 1 11 100 12 1 1 1 18 12 1 1 11 100 12 1 1 1 18 12 1 1 11 12 1 1 18 18 11 12 1 18 12 1 11 12 1 1 9 12 1 1 9 12 1 9 12 1 9 12 1 100 1 10 100 12 1 1 10 12 1 10 12 1 18 12 1 18 10 100 12 1 1 1 18 12 1 10 12 1 18 18 8 1 10 12 1 9 12 1 1 11 100 12 1 1 1 8 1 100 1 10 12 1 10 12 1 1 10 12 1 1 9 12 1 1 10 12 1 10 12 1 1 8 1 100 1 10 9 12 1 8 1 10 12 1 8 1 100 1 10 10 100 12 1 1 10 100 1 9 100 12 1 1 1 11 12 1 1 10 12 1 11 12 1 10 12 1 100 1 10 10 12 1 1 10 12 1 1 1 1 1 1 1 1 1 1 1 100 1 1 1 1 1 1 1 1 1 1 1 1 1 1 1 1 1 1 1 1 1 1 1 1 1 1 1 1 1 1 1 1 1 1 1 1 1 1 1 1 1 1 1 1 1 1 1 1 1 1 1 1 1 1 1 1 3 1 1 1 1 1 1 1 1 1 1 100 1 1 1 1 1 1 1 1 1 1 1 1 1 1 1 1 1 1 1 1 1 1 1 1 1 1 1 1 1 1 1 1 1 1 1 1 1 1 15 10 100 12 1 1 1 16 15 10 100 12 1 1 1 16 1 16 15 10 12 16 1 15 10 12 16 15 11 100 1 16 1 16 1 15 10 12 16 15 10 12 16 15 10 12 1 16 1 15 11 12 1 15 10 12 16 15 10 16 1 1 1 1 100 1 100 1 1
instanceKlass net/razorvine/pickle/PickleException
instanceKlass org/apache/spark/sql/delta/schema/InvariantViolationException
instanceKlass org/apache/parquet/format/InvalidParquetMetadataException
instanceKlass org/apache/parquet/ParquetRuntimeException
instanceKlass org/apache/spark/sql/execution/datasources/SchemaColumnConvertNotSupportedException
instanceKlass org/apache/parquet/hadoop/codec/CompressionCodecNotSupportedException
instanceKlass scala/UninitializedFieldError
instanceKlass org/apache/spark/sql/delta/DeltaTablePropertyValidationFailedException
instanceKlass java/io/UncheckedIOException
instanceKlass org/apache/spark/sql/delta/ProtocolDowngradeException
instanceKlass com/google/common/cache/CacheLoader$InvalidCacheLoadException
instanceKlass com/google/common/util/concurrent/UncheckedExecutionException
instanceKlass org/apache/spark/sql/delta/DeltaRuntimeException
instanceKlass org/apache/spark/sql/delta/InvalidProtocolVersionException
instanceKlass org/apache/spark/sql/catalyst/util/CannotParseJSONFieldException
instanceKlass org/apache/spark/sql/catalyst/util/EmptyJsonFieldValueException
instanceKlass org/apache/spark/sql/catalyst/util/JsonArraysAsStructsException
instanceKlass org/apache/spark/SparkUpgradeException
instanceKlass org/apache/spark/util/TaskCompletionListenerException
instanceKlass org/apache/spark/memory/TooLargePageException
instanceKlass com/esotericsoftware/kryo/KryoException
instanceKlass net/jpountz/lz4/LZ4Exception
instanceKlass org/roaringbitmap/InvalidRoaringFormat
instanceKlass org/codehaus/janino/util/ClassFile$ClassFileException
instanceKlass org/codehaus/janino/UnicodeUnescapeException
instanceKlass org/apache/spark/TaskKilledException
instanceKlass com/fasterxml/jackson/databind/RuntimeJsonMappingException
instanceKlass java/util/concurrent/CompletionException
instanceKlass java/nio/BufferUnderflowException
instanceKlass org/apache/kafka/common/KafkaException
instanceKlass com/thoughtworks/paranamer/ParameterNamesNotFoundException
instanceKlass org/apache/spark/sql/execution/streaming/state/InvalidUnsafeRowException
instanceKlass org/codehaus/commons/compiler/InternalCompilerException
instanceKlass java/util/EmptyStackException
instanceKlass org/antlr/v4/runtime/RecognitionException
instanceKlass org/apache/spark/SparkRuntimeException
instanceKlass org/apache/spark/network/client/ChunkFetchFailureException
instanceKlass org/sparkproject/jetty/http/BadMessageException
instanceKlass java/nio/BufferOverflowException
instanceKlass org/sparkproject/guava/util/concurrent/UncheckedExecutionException
instanceKlass org/sparkproject/guava/cache/CacheLoader$InvalidCacheLoadException
instanceKlass java/security/ProviderException
instanceKlass io/netty/channel/ChannelException
instanceKlass io/netty/handler/codec/CodecException
instanceKlass java/util/concurrent/RejectedExecutionException
instanceKlass py4j/Py4JException
instanceKlass org/apache/hadoop/shaded/com/google/re2j/PatternSyntaxException
instanceKlass org/apache/hadoop/thirdparty/com/google/common/cache/CacheLoader$InvalidCacheLoadException
instanceKlass org/apache/hadoop/thirdparty/com/google/common/util/concurrent/UncheckedExecutionException
instanceKlass org/apache/hadoop/metrics2/MetricsException
instanceKlass org/apache/commons/logging/LogConfigurationException
instanceKlass com/sun/org/apache/xerces/internal/xni/XNIException
instanceKlass org/apache/ivy/plugins/resolver/BasicResolver$UnresolvedDependencyException
instanceKlass org/apache/ivy/plugins/circular/CircularDependencyException
instanceKlass org/apache/ivy/core/resolve/ResolveProcessException
instanceKlass org/apache/ivy/plugins/conflict/LatestConflictManager$NoConflictResolvedYetException
instanceKlass java/time/DateTimeException
instanceKlass org/apache/logging/log4j/core/config/ConfigurationException
instanceKlass java/util/ConcurrentModificationException
instanceKlass org/apache/logging/log4j/LoggingException
instanceKlass java/lang/UnsupportedOperationException
instanceKlass java/lang/IllegalStateException
instanceKlass java/lang/SecurityException
instanceKlass java/util/MissingResourceException
instanceKlass java/lang/IndexOutOfBoundsException
instanceKlass java/util/NoSuchElementException
instanceKlass java/lang/reflect/UndeclaredThrowableException
instanceKlass scala/MatchError
instanceKlass java/lang/IllegalArgumentException
instanceKlass java/lang/ArithmeticException
instanceKlass java/lang/NullPointerException
instanceKlass java/lang/IllegalMonitorStateException
instanceKlass java/lang/ArrayStoreException
instanceKlass java/lang/ClassCastException
ciInstanceKlass java/lang/RuntimeException 1 1 40 10 7 12 1 1 1 10 12 1 10 12 1 10 12 1 10 12 1 100 1 1 1 1 5 0 1 1 1 1 1 1 1 1 1 1 1 1 1 1
instanceKlass org/apache/spark/sql/delta/DeltaIllegalArgumentException
instanceKlass scala/StringContext$InvalidEscapeException
instanceKlass java/nio/channels/UnresolvedAddressException
instanceKlass java/nio/file/InvalidPathException
instanceKlass java/nio/channels/UnsupportedAddressTypeException
instanceKlass org/sparkproject/jetty/util/Utf8Appendable$NotUtf8Exception
instanceKlass org/apache/spark/SparkIllegalArgumentException
instanceKlass java/security/InvalidParameterException
instanceKlass org/apache/hadoop/HadoopIllegalArgumentException
instanceKlass java/util/regex/PatternSyntaxException
instanceKlass java/util/IllegalFormatException
instanceKlass java/lang/NumberFormatException
ciInstanceKlass java/lang/IllegalArgumentException 1 1 35 10 7 12 1 1 1 10 12 1 10 12 1 10 12 1 100 1 1 1 1 5 0 1 1 1 1 1 1 1 1 1 1 1 1
instanceKlass org/apache/spark/SparkArithmeticException
ciInstanceKlass java/lang/ArithmeticException 1 1 26 10 100 12 1 1 1 10 12 1 100 1 1 1 1 5 0 1 1 1 1 1 1 1 1 1
ciInstanceKlass java/lang/NullPointerException 1 1 52 10 7 12 1 1 1 10 12 1 9 7 12 1 1 1 10 12 1 1 9 12 1 1 10 12 1 1 10 12 1 1 1 1 5 0 1 1 1 1 1 1 1 1 100 1 100 1 100 1 1 1
instanceKlass com/fasterxml/jackson/module/scala/deser/GenericMapFactoryDeserializerResolver$BuilderWrapper
instanceKlass java/util/TreeMap$NavigableSubMap
instanceKlass com/google/common/cache/LocalCache
instanceKlass com/fasterxml/jackson/databind/util/internal/PrivateMaxEntriesMap
instanceKlass org/sparkproject/guava/cache/LocalCache
instanceKlass org/apache/commons/collections4/map/AbstractHashedMap
instanceKlass org/apache/hadoop/thirdparty/com/google/common/cache/LocalCache
instanceKlass org/apache/hadoop/thirdparty/com/google/common/collect/MapMakerInternalMap
instanceKlass org/sparkproject/guava/collect/MapMaker$NullConcurrentMap
instanceKlass org/sparkproject/guava/collect/MapMakerInternalMap
instanceKlass scala/collection/convert/Wrappers$MapWrapper
instanceKlass java/util/Collections$SingletonMap
instanceKlass java/util/concurrent/ConcurrentSkipListMap
instanceKlass java/util/EnumMap
instanceKlass java/util/TreeMap
instanceKlass java/util/IdentityHashMap
instanceKlass java/util/WeakHashMap
instanceKlass java/util/Collections$EmptyMap
instanceKlass sun/util/PreHashedMap
instanceKlass java/util/HashMap
instanceKlass java/util/ImmutableCollections$AbstractImmutableMap
instanceKlass java/util/concurrent/ConcurrentHashMap
ciInstanceKlass java/util/AbstractMap 1 1 192 10 7 12 1 1 1 10 7 12 1 1 1 11 7 12 1 1 1 10 11 12 1 1 11 7 12 1 1 1 11 12 1 1 7 1 11 12 1 10 12 1 1 11 12 1 100 1 10 11 12 1 11 7 1 10 12 1 1 11 12 1 9 12 1 1 7 1 10 12 1 9 12 1 1 100 1 10 11 11 12 1 1 11 12 1 100 1 100 1 11 12 1 8 1 7 1 10 10 12 1 1 8 1 10 12 1 10 12 1 1 10 12 1 1 1 1 1 1 1 1 1 1 1 1 1 1 1 1 1 1 1 1 1 1 1 1 1 1 1 1 1 1 1 1 1 1 1 1 1 1 1 1 100 1 1 1 1 1 1 1 1 1 1 1 1 1 1 1 1 7 1 1 1 1 1 1 1 1 1 100 1 100 1 100 1 100 1 1 1 1 1
ciInstanceKlass java/security/AccessControlContext 1 1 373 9 7 12 1 1 1 9 12 1 1 10 100 12 1 1 1 8 1 10 100 12 1 1 1 10 7 12 1 1 1 9 12 1 9 12 1 1 9 12 1 1 10 7 12 1 1 100 1 10 12 1 11 100 12 1 1 1 11 12 1 11 12 1 11 12 1 1 7 1 11 12 1 1 10 12 1 10 7 12 1 1 1 9 100 12 1 1 1 10 100 12 1 1 1 11 100 12 1 1 1 10 7 1 100 1 8 1 10 12 1 10 12 1 1 7 1 10 7 12 1 1 1 9 12 1 9 12 1 9 12 1 9 12 1 1 9 12 1 1 9 12 1 9 12 1 10 7 12 1 1 1 9 12 1 10 12 1 1 10 12 1 1 8 1 10 12 1 1 10 12 1 1 10 100 12 1 1 1 100 1 10 10 12 1 1 10 100 12 1 1 1 10 8 1 10 100 12 1 1 8 1 10 100 12 1 1 8 1 8 1 10 12 1 8 1 10 12 1 8 1 10 12 1 10 12 1 10 12 1 1 8 1 8 1 100 1 10 12 1 10 12 1 1 100 1 10 12 1 8 1 10 12 1 10 12 1 10 8 1 10 12 1 1 10 12 1 1 10 12 1 1 10 12 1 1 10 12 1 10 12 1 10 12 1 10 12 1 1 10 10 10 12 1 1 1 1 1 1 1 1 1 1 1 1 1 1 1 1 1 1 1 1 1 1 1 1 100 1 1 1 1 1 1 1 1 1 1 1 1 1 1 1 1 1 1 1 1 1 1 1 1 1 1 1 1 1 1 1 1 1 1 1 1 1 1 1 1 1 1 1 1 1 1 1 1 1 1 1 1 3 1 1
ciInstanceKlass java/net/URL 1 1 743 10 7 12 1 1 1 10 12 1 10 7 12 1 1 9 12 1 1 9 12 1 10 7 12 1 1 1 10 12 1 1 10 12 1 1 9 12 1 1 10 7 12 1 1 1 8 1 10 12 1 1 100 1 10 10 12 1 1 8 1 10 12 1 1 9 12 1 100 1 8 1 10 12 1 10 12 1 8 1 9 12 1 10 12 1 1 9 12 1 10 12 1 10 12 1 9 12 1 9 12 1 8 1 9 12 1 10 12 1 1 8 1 9 12 1 1 10 12 1 1 10 7 12 1 1 1 8 1 10 12 1 7 1 10 12 1 10 12 1 10 12 1 10 12 1 1 10 12 1 1 8 1 10 12 1 1 10 12 1 8 1 9 12 1 8 1 10 12 1 10 7 12 1 1 1 100 1 10 12 1 10 12 1 1 10 7 12 1 1 1 100 1 8 1 10 10 12 1 8 1 10 12 1 1 10 12 1 10 12 1 10 12 1 10 12 1 10 12 1 8 1 10 12 1 10 10 7 12 1 1 1 10 12 1 9 100 12 1 1 1 10 100 12 1 1 1 9 12 1 1 10 12 1 10 100 12 1 1 1 100 1 100 1 10 12 1 10 12 1 10 12 1 10 12 1 10 12 1 10 12 10 10 10 12 1 100 1 10 12 1 10 12 1 1 8 1 9 100 12 1 1 1 10 100 12 1 1 1 10 12 1 1 9 100 12 1 1 1 10 12 1 1 100 1 10 12 1 10 12 1 10 10 12 1 1 10 12 1 1 10 12 1 10 12 1 10 12 1 10 7 12 1 1 1 10 12 1 1 10 12 1 9 12 1 1 9 12 1 1 100 1 8 1 10 10 12 1 9 12 1 1 10 7 12 1 1 8 1 10 7 12 1 1 8 1 10 12 1 1 10 12 1 8 1 8 1 10 7 12 1 1 1 100 1 10 100 12 1 1 1 10 12 1 10 12 1 7 1 10 9 12 1 1 10 7 12 1 1 8 1 10 12 1 1 7 1 10 10 7 12 1 1 1 8 9 100 12 1 1 1 10 12 1 10 12 1 10 12 1 10 12 1 10 7 12 1 1 11 7 12 1 1 10 12 1 10 12 1 9 12 1 10 12 1 1 10 100 12 1 1 10 100 12 1 1 1 8 10 100 12 1 1 100 1 10 8 8 10 12 1 8 8 8 100 1 10 12 1 9 12 1 1 10 12 1 10 12 1 1 10 12 1 10 12 10 12 1 1 10 12 1 1 10 10 10 12 1 10 12 1 10 12 1 10 12 1 10 12 1 10 10 12 1 100 1 8 1 10 10 10 12 1 1 10 12 1 10 12 1 1 8 1 7 1 10 10 10 7 1 10 12 1 9 7 12 1 1 1 9 12 1 1 7 1 10 10 7 12 1 1 1 100 1 1 1 1 1 5 0 1 1 1 1 1 1 1 1 1 1 1 1 1 1 1 1 1 1 1 1 1 1 1 1 1 1 1 1 1 1 1 1 1 1 1 1 1 1 1 100 1 1 1 1 1 1 1 1 1 1 1 1 1 1 1 1 1 1 1 1 1 1 1 1 1 1 1 1 1 1 1 1 1 1 1 1 1 100 1 1 1 1 1 1 1 1 1 1 1 1 1 1 1 1 100 1 1 1 1 1 1 1 1 1 1 1 1 1 1 1 1 1 1
staticfield java/net/URL defaultFactory Ljava/net/URLStreamHandlerFactory; java/net/URL$DefaultFactory
staticfield java/net/URL streamHandlerLock Ljava/lang/Object; java/lang/Object
staticfield java/net/URL serialPersistentFields [Ljava/io/ObjectStreamField; 7 [Ljava/io/ObjectStreamField;
ciInstanceKlass java/util/jar/Manifest 1 1 336 10 7 12 1 1 1 7 1 10 9 7 12 1 1 1 7 1 10 9 12 1 1 9 12 1 1 10 12 1 10 12 1 1 10 12 1 1 10 12 1 1 10 12 1 1 11 7 1 11 12 1 1 10 12 1 1 10 100 12 1 1 1 100 1 100 1 10 8 1 10 12 1 1 10 12 1 1 10 12 1 10 12 1 11 100 1 10 12 1 10 12 1 1 11 12 1 1 10 12 1 11 12 1 1 11 100 12 1 1 1 11 100 12 1 1 11 12 1 1 100 1 10 12 1 8 1 11 12 1 7 1 10 12 1 1 11 12 1 10 12 1 10 12 1 10 100 12 1 1 1 8 1 10 12 1 1 10 9 7 12 1 1 1 10 12 1 1 10 100 12 1 10 12 1 10 12 1 9 100 12 1 1 1 8 1 10 12 1 8 1 8 1 7 1 10 12 1 10 12 1 10 12 1 1 100 1 8 1 10 12 1 1 8 1 10 10 12 1 1 8 1 10 12 1 1 10 7 12 1 1 1 10 12 1 10 11 12 1 1 10 12 1 10 7 12 1 1 1 10 12 1 1 10 12 1 1 11 10 12 1 11 10 12 1 100 1 1 1 1 1 1 1 1 1 1 1 1 1 1 1 1 1 1 1 1 1 1 1 1 1 1 1 1 1 1 1 1 1 1 1 1 1 1 1 1 1 1 1 100 1 1 1 1 1 1 1 1 1 1 1 1 1 1 100 1 1 1 1 1 1 1 1 1 1 1
instanceKlass shaded/parquet/it/unimi/dsi/fastutil/objects/AbstractObjectCollection
instanceKlass shaded/parquet/it/unimi/dsi/fastutil/doubles/AbstractDoubleCollection
instanceKlass shaded/parquet/it/unimi/dsi/fastutil/booleans/AbstractBooleanCollection
instanceKlass shaded/parquet/it/unimi/dsi/fastutil/ints/AbstractIntCollection
instanceKlass shaded/parquet/it/unimi/dsi/fastutil/longs/AbstractLongCollection
instanceKlass com/fasterxml/jackson/module/scala/deser/GenericFactoryDeserializerResolver$BuilderWrapper
instanceKlass org/apache/kafka/common/utils/ImplicitLinkedHashCollection
instanceKlass com/fasterxml/jackson/databind/util/internal/LinkedDeque
instanceKlass scala/collection/convert/Wrappers$IterableWrapper
instanceKlass org/sparkproject/guava/collect/AbstractMultiset
instanceKlass org/apache/commons/collections4/map/AbstractHashedMap$Values
instanceKlass org/apache/hadoop/thirdparty/com/google/common/collect/ImmutableCollection
instanceKlass java/util/TreeMap$Values
instanceKlass java/util/concurrent/ConcurrentLinkedDeque
instanceKlass java/util/LinkedHashMap$LinkedValues
instanceKlass org/apache/logging/log4j/ThreadContext$EmptyThreadContextStack
instanceKlass java/util/AbstractQueue
instanceKlass java/util/HashMap$Values
instanceKlass java/util/IdentityHashMap$Values
instanceKlass java/util/ArrayDeque
instanceKlass java/util/AbstractSet
instanceKlass java/util/ImmutableCollections$AbstractImmutableCollection
instanceKlass java/util/AbstractList
ciInstanceKlass java/util/AbstractCollection 1 1 160 10 7 12 1 1 1 10 7 12 1 1 1 10 12 1 1 11 7 12 1 1 1 11 12 1 1 10 12 1 1 10 100 12 1 1 1 10 12 1 1 10 12 1 1 10 7 12 1 1 10 7 12 1 1 1 7 1 10 100 12 1 1 1 10 100 12 1 1 1 100 1 10 11 12 1 11 7 1 10 12 1 10 12 1 10 7 12 1 1 1 11 8 1 7 1 10 10 12 1 1 8 1 10 12 1 10 12 1 1 1 1 1 1 1 1 1 1 1 1 1 1 1 1 1 1 1 1 1 1 1 1 1 1 1 1 1 1 1 1 1 1 1 1 1 1 1 1 1 1 1 1 1 1 1 1 1 1 1 1
instanceKlass com/google/common/collect/Lists$Partition
instanceKlass com/google/common/collect/Lists$TransformingRandomAccessList
instanceKlass sun/security/jca/ProviderList$ServiceList
instanceKlass io/netty/handler/codec/CodecOutputList
instanceKlass org/sparkproject/jetty/util/BlockingArrayQueue
instanceKlass org/sparkproject/guava/collect/Lists$Partition
instanceKlass org/sparkproject/guava/collect/Lists$TransformingRandomAccessList
instanceKlass com/sun/org/apache/xerces/internal/impl/xs/util/XSObjectListImpl
instanceKlass sun/security/jca/ProviderList$3
instanceKlass scala/collection/convert/Wrappers$MutableBufferWrapper
instanceKlass java/util/AbstractList$SubList
instanceKlass scala/collection/convert/Wrappers$SeqWrapper
instanceKlass java/util/Collections$SingletonList
instanceKlass java/util/Collections$CopiesList
instanceKlass java/util/AbstractSequentialList
instanceKlass java/util/Vector
instanceKlass java/util/Arrays$ArrayList
instanceKlass java/util/ArrayList$SubList
instanceKlass java/util/Collections$EmptyList
instanceKlass java/util/ArrayList
ciInstanceKlass java/util/AbstractList 1 1 218 10 7 12 1 1 1 9 7 12 1 1 1 10 12 1 1 10 12 1 1 100 1 10 10 12 1 1 11 7 12 1 1 1 11 12 1 1 11 12 1 10 7 12 1 1 1 10 12 1 11 12 1 11 12 1 11 12 1 10 12 1 1 10 12 1 1 11 100 12 1 1 1 11 7 1 11 7 1 10 12 1 7 1 10 12 1 10 12 1 1 7 1 100 1 10 12 1 7 1 10 100 1 100 1 10 8 1 10 12 1 1 10 12 1 10 12 1 1 10 12 1 8 1 100 1 8 1 8 1 8 1 10 7 1 11 10 10 12 1 11 12 1 10 12 1 1 8 1 8 1 1 1 1 1 1 1 1 1 1 1 1 1 1 1 1 1 1 1 1 1 1 1 1 1 1 1 1 1 1 1 1 1 1 1 1 1 1 1 1 1 1 1 1 1 1 1 1 1 1 1 1 1 1 1 1 1 1 100 1 100 1 1 1 1 1 1 1
ciInstanceKlass java/lang/AssertionStatusDirectives 0 0 24 10 100 12 1 1 1 100 1 1 1 1 1 1 1 1 1 1 1 1 1 1 1 1
ciInstanceKlass java/lang/invoke/MethodHandleNatives$CallSiteContext 1 1 49 10 7 12 1 1 1 7 1 10 10 7 12 1 1 1 10 7 12 1 1 1 10 7 12 1 1 1 100 1 1 1 1 1 1 1 1 1 1 1 1 1 1 1 1 1 100 1 1
ciInstanceKlass jdk/internal/invoke/NativeEntryPoint 0 0 92 10 100 12 1 1 1 9 100 12 1 1 1 10 100 12 1 1 1 100 1 9 12 1 9 12 1 9 12 1 1 9 12 1 1 9 12 1 1 100 1 8 1 10 12 1 11 100 12 1 1 1 10 12 1 1 10 12 1 11 100 12 1 1 11 12 1 10 12 1 1 10 12 1 1 1 1 1 1 1 1 1 1 1 1 1 1 1 1 1 1 1
instanceKlass java/lang/invoke/VolatileCallSite
instanceKlass java/lang/invoke/MutableCallSite
instanceKlass java/lang/invoke/ConstantCallSite
ciInstanceKlass java/lang/invoke/CallSite 1 1 302 10 7 12 1 1 1 10 7 12 1 1 1 9 7 12 1 1 1 10 12 1 1 9 12 1 1 10 7 12 1 1 1 10 12 1 100 1 10 12 1 1 10 12 1 1 9 100 12 1 1 1 10 100 12 1 1 10 12 1 1 100 1 100 1 10 10 100 12 1 1 1 10 12 1 1 8 1 10 12 1 10 12 1 1 10 12 1 10 12 1 1 10 12 1 1 10 10 7 12 1 1 10 12 1 1 9 12 1 9 7 12 1 1 1 8 1 10 7 12 1 1 1 10 12 1 1 100 1 10 12 1 1 9 12 1 8 1 100 1 10 12 1 10 12 1 100 1 8 1 10 10 12 1 10 12 1 1 100 1 10 12 1 1 10 12 1 10 12 1 10 12 1 1 10 12 1 1 9 12 1 1 8 10 12 1 1 9 12 1 1 100 1 10 10 12 1 10 100 12 1 1 1 10 12 1 1 10 12 1 1 10 12 1 10 7 12 1 1 1 100 1 8 1 10 10 12 10 12 1 1 100 1 100 1 100 1 8 1 10 12 1 10 7 12 1 1 1 1 1 1 1 1 1 1 1 1 1 1 1 1 1 1 1 1 1 1 1 1 1 1 1 1 1 1 1 1 1 1 1 1 1 1 1 1 1 1 1 1 1 1 1 1 1 1 1 1 1 1 1 1 1
staticfield java/lang/invoke/CallSite $assertionsDisabled Z 1
ciInstanceKlass java/lang/invoke/VolatileCallSite 0 0 37 10 100 12 1 1 1 10 12 1 10 100 12 1 1 1 10 12 1 10 12 1 1 1 1 1 1 1 1 1 1 1 1 1 1 1 1
ciInstanceKlass java/lang/invoke/MethodType 1 1 771 7 1 10 7 12 1 1 1 9 12 1 1 9 12 1 1 9 12 1 1 10 7 12 1 1 1 9 7 12 1 1 8 1 10 100 12 1 1 1 9 7 1 9 7 1 10 12 1 1 100 1 10 8 1 10 12 1 1 10 12 1 10 12 1 1 100 1 8 1 10 12 1 100 1 10 10 12 1 10 12 1 1 10 12 1 1 11 7 12 1 1 1 9 12 1 11 12 1 1 7 7 1 10 7 12 1 1 1 10 12 1 9 12 1 1 10 7 12 1 1 10 12 1 1 10 7 12 1 1 1 10 7 12 1 1 1 10 12 1 9 12 1 1 10 12 1 1 7 1 10 12 1 1 10 12 1 1 10 12 1 1 10 12 1 1 10 12 1 1 10 12 1 10 12 1 10 12 1 1 10 12 1 8 1 8 1 10 12 1 1 9 12 1 1 100 1 10 10 12 1 1 10 12 1 10 12 1 1 10 12 1 1 10 12 1 10 12 1 1 10 12 1 8 1 10 12 1 1 10 7 12 1 1 1 10 12 1 10 12 1 1 10 12 1 10 12 1 10 12 1 1 10 12 1 10 12 1 9 12 1 10 12 1 10 10 12 1 1 10 12 1 9 12 1 1 10 12 1 1 10 12 1 1 10 12 1 1 10 12 1 1 7 1 10 12 10 12 1 10 12 1 100 1 8 1 8 1 8 1 10 12 1 10 12 1 10 12 1 10 11 12 1 1 11 12 1 10 100 12 1 1 1 9 12 1 10 12 1 10 12 1 1 10 12 1 1 10 12 1 10 12 1 10 100 12 1 1 1 10 12 1 1 10 12 1 10 12 1 10 12 1 10 9 12 1 1 7 1 10 12 1 10 12 1 1 9 100 12 1 1 1 10 100 12 1 1 1 10 100 12 1 1 1 10 12 1 1 10 7 12 1 1 1 10 12 1 1 8 1 10 7 12 1 1 1 11 12 1 1 9 12 1 1 10 12 1 1 10 12 1 10 12 1 1 10 12 1 1 10 100 12 1 1 100 1 10 12 1 1 11 100 12 1 1 1 18 12 1 1 11 12 1 1 18 12 1 11 12 1 100 1 11 100 12 1 1 10 12 1 100 1 10 12 1 10 100 12 1 1 10 12 1 1 9 12 1 1 9 100 12 1 1 1 10 100 12 1 1 1 9 12 1 10 100 12 1 1 10 12 1 100 10 12 1 1 10 12 1 10 7 1 7 1 9 12 1 1 100 1 100 1 100 1 1 1 5 0 1 1 1 1 1 1 1 3 1 3 1 3 1 1 1 1 1 1 1 1 1 1 1 1 1 1 1 1 1 1 1 1 1 1 1 1 1 1 1 1 1 1 1 1 1 1 1 1 1 1 1 1 1 1 1 1 1 1 1 1 1 1 1 1 1 1 1 1 1 1 1 1 1 1 1 1 1 1 1 1 1 1 1 1 1 1 1 1 1 1 1 1 1 1 1 1 1 1 1 1 1 1 1 1 1 1 1 1 1 1 1 1 1 1 1 1 1 1 1 1 1 1 1 1 1 1 1 1 1 1 1 1 1 1 1 1 1 1 1 100 1 100 1 1 1 1 1 1 1 1 1 1 1 1 1 100 1 1 1 100 1 1 1 1 1 1 1 1 1 1 1 1 1 1 1 1 1 1 1 1 1 15 10 100 12 1 1 1 16 15 10 12 16 16 15 10 12 16 1 1 1 1 100 1 1 100 1 1 100 1 100 1 1
staticfield java/lang/invoke/MethodType internTable Ljava/lang/invoke/MethodType$ConcurrentWeakInternSet; java/lang/invoke/MethodType$ConcurrentWeakInternSet
staticfield java/lang/invoke/MethodType NO_PTYPES [Ljava/lang/Class; 0 [Ljava/lang/Class;
staticfield java/lang/invoke/MethodType objectOnlyTypes [Ljava/lang/invoke/MethodType; 20 [Ljava/lang/invoke/MethodType;
staticfield java/lang/invoke/MethodType METHOD_HANDLE_ARRAY [Ljava/lang/Class; 1 [Ljava/lang/Class;
staticfield java/lang/invoke/MethodType serialPersistentFields [Ljava/io/ObjectStreamField; 0 [Ljava/io/ObjectStreamField;
staticfield java/lang/invoke/MethodType $assertionsDisabled Z 1
ciInstanceKlass java/lang/BootstrapMethodError 0 0 45 10 100 12 1 1 1 10 12 1 10 12 1 10 100 12 1 1 1 10 100 12 1 1 1 1 1 1 5 0 1 1 1 1 1 1 1 1 1 1 1 100 1 1 1
ciInstanceKlass jdk/internal/loader/ClassLoaders$AppClassLoader 1 1 119 8 1 10 7 12 1 1 1 10 7 12 1 1 1 10 100 12 1 1 1 10 12 1 1 10 100 12 1 1 1 10 12 1 1 10 12 1 1 7 1 8 1 10 12 10 7 12 1 1 1 10 100 12 1 1 10 12 1 1 10 12 1 1 10 7 12 1 1 1 100 1 10 12 1 1 1 1 1 1 1 1 1 1 1 1 1 1 1 1 1 1 1 1 1 100 1 1 1 1 1 1 1 1 1 1 1 1 1 1 1 1 1 1 1 100 1 1 1
ciInstanceKlass jdk/internal/loader/ClassLoaders$PlatformClassLoader 1 1 42 8 1 10 7 12 1 1 1 10 7 12 1 1 1 100 1 10 12 1 100 1 1 1 1 1 1 1 1 1 1 1 1 1 1 100 1 1 1 100 1 1
ciInstanceKlass java/lang/ArrayStoreException 1 1 26 10 100 12 1 1 1 10 12 1 100 1 1 1 1 5 0 1 1 1 1 1 1 1 1 1
ciInstanceKlass java/lang/ClassCastException 1 1 26 10 100 12 1 1 1 10 12 1 100 1 1 1 1 5 0 1 1 1 1 1 1 1 1 1
ciInstanceKlass java/lang/NoClassDefFoundError 0 0 26 10 100 12 1 1 1 10 12 1 100 1 1 1 1 5 0 1 1 1 1 1 1 1 1 1
ciInstanceKlass java/lang/IllegalMonitorStateException 1 1 26 10 100 12 1 1 1 10 12 1 100 1 1 1 1 5 0 1 1 1 1 1 1 1 1 1
ciInstanceKlass java/lang/StackOverflowError 1 1 26 10 100 12 1 1 1 10 12 1 100 1 1 1 1 5 0 1 1 1 1 1 1 1 1 1
instanceKlass java/lang/StackOverflowError
instanceKlass java/lang/OutOfMemoryError
instanceKlass java/lang/InternalError
ciInstanceKlass java/lang/VirtualMachineError 1 1 34 10 100 12 1 1 1 10 12 1 10 12 1 10 12 1 100 1 1 1 1 5 0 1 1 1 1 1 1 1 1 1 1 1
instanceKlass org/apache/spark/memory/SparkOutOfMemoryError
instanceKlass io/netty/util/internal/OutOfDirectMemoryError
ciInstanceKlass java/lang/OutOfMemoryError 1 1 26 10 100 12 1 1 1 10 12 1 100 1 1 1 1 5 0 1 1 1 1 1 1 1 1 1
ciInstanceKlass java/lang/InternalError 0 0 34 10 100 12 1 1 1 10 12 1 10 12 1 10 12 1 100 1 1 1 1 5 0 1 1 1 1 1 1 1 1 1 1 1
ciInstanceKlass java/lang/StackTraceElement 1 1 224 10 7 12 1 1 1 10 7 12 1 1 9 12 1 1 9 12 1 1 9 12 1 9 12 1 8 1 10 7 12 1 1 1 7 1 9 12 1 8 1 9 12 1 9 12 1 9 12 1 1 8 1 10 12 1 1 10 12 1 7 1 10 10 12 1 1 8 1 10 12 1 1 10 12 1 8 1 8 1 8 1 10 12 1 8 1 8 1 10 12 1 8 1 8 1 10 12 1 1 10 12 1 10 12 1 1 10 12 1 9 12 1 1 10 7 12 1 1 1 10 12 1 1 7 1 10 12 1 1 10 7 12 1 1 10 7 12 1 1 1 10 7 12 1 1 10 7 12 1 1 10 10 12 1 1 10 12 1 10 12 1 1 100 1 1 1 1 1 3 1 3 1 1 5 0 1 1 1 1 1 1 1 1 1 1 1 1 1 1 1 1 1 1 1 1 1 1 1 1 1 1 100 1 100 1 1 1 1 1 1 1 1 1 1 100 1 1 1 1 1 1 1 1
instanceKlass java/nio/DoubleBuffer
instanceKlass java/nio/FloatBuffer
instanceKlass java/nio/ShortBuffer
instanceKlass java/nio/IntBuffer
instanceKlass java/nio/CharBuffer
instanceKlass java/nio/LongBuffer
instanceKlass java/nio/ByteBuffer
ciInstanceKlass java/nio/Buffer 1 1 224 100 1 10 7 12 1 1 1 9 7 12 1 1 1 9 12 1 9 12 1 1 9 12 1 9 12 1 1 10 12 1 1 10 12 1 1 10 12 100 1 100 1 10 8 1 10 12 1 1 10 12 1 8 1 8 1 10 12 1 1 10 12 1 8 1 9 12 1 1 100 1 8 1 10 12 1 8 1 8 1 9 12 10 12 1 8 1 8 1 8 1 10 12 1 8 1 8 1 8 1 100 1 10 100 1 10 100 1 10 100 1 10 10 100 12 1 1 1 10 11 100 12 1 1 10 7 12 1 1 1 10 7 12 1 1 1 9 12 1 1 10 7 12 1 1 1 9 12 1 1 7 1 10 10 7 12 1 1 1 1 1 3 1 1 1 1 1 1 1 1 1 1 1 1 1 1 1 1 1 1 100 1 1 1 1 1 1 1 1 1 1 1 1 1 1 1 1 1 1 1 1 1 1 1 1 1 1 1 1 1 1 1 1 1 1 1 1 1 1 1 1 1 1
staticfield java/nio/Buffer UNSAFE Ljdk/internal/misc/Unsafe; jdk/internal/misc/Unsafe
staticfield java/nio/Buffer SCOPED_MEMORY_ACCESS Ljdk/internal/misc/ScopedMemoryAccess; jdk/internal/misc/ScopedMemoryAccess
staticfield java/nio/Buffer $assertionsDisabled Z 1
ciInstanceKlass jdk/internal/util/ArraysSupport 1 1 271 7 1 100 1 8 1 10 12 1 1 10 12 1 1 10 100 12 1 1 9 7 12 1 1 1 9 12 1 1 10 7 12 1 1 1 9 12 1 1 10 100 12 1 1 1 9 12 1 10 12 9 12 1 10 12 1 1 10 12 9 12 1 9 12 1 10 12 1 1 9 12 1 9 12 1 9 12 1 9 12 1 9 12 1 9 12 1 9 12 1 10 12 1 1 10 100 12 1 1 1 9 12 1 9 12 1 10 12 1 1 10 12 1 9 12 1 10 12 1 10 100 12 1 1 1 9 12 1 9 12 1 10 12 1 10 12 1 10 7 12 1 1 1 3 10 12 1 100 1 100 1 10 8 1 10 12 1 1 10 12 1 8 1 8 1 10 12 1 1 10 10 12 1 1 10 12 1 1 9 12 1 10 12 1 9 12 1 9 12 1 9 12 1 9 12 1 9 12 1 9 12 1 9 12 1 100 1 1 1 1 1 1 1 1 1 1 1 1 1 1 1 1 1 1 1 1 1 1 1 1 1 1 1 1 1 1 1 1 1 1 1 1 1 1 1 1 1 1 1 1 1 1 1 1 1 1 1 1 1 1 1 1 1 1 1 1 1 1 1 1
staticfield jdk/internal/util/ArraysSupport U Ljdk/internal/misc/Unsafe; jdk/internal/misc/Unsafe
staticfield jdk/internal/util/ArraysSupport BIG_ENDIAN Z 0
staticfield jdk/internal/util/ArraysSupport LOG2_ARRAY_BOOLEAN_INDEX_SCALE I 0
staticfield jdk/internal/util/ArraysSupport LOG2_ARRAY_BYTE_INDEX_SCALE I 0
staticfield jdk/internal/util/ArraysSupport LOG2_ARRAY_CHAR_INDEX_SCALE I 1
staticfield jdk/internal/util/ArraysSupport LOG2_ARRAY_SHORT_INDEX_SCALE I 1
staticfield jdk/internal/util/ArraysSupport LOG2_ARRAY_INT_INDEX_SCALE I 2
staticfield jdk/internal/util/ArraysSupport LOG2_ARRAY_LONG_INDEX_SCALE I 3
staticfield jdk/internal/util/ArraysSupport LOG2_ARRAY_FLOAT_INDEX_SCALE I 2
staticfield jdk/internal/util/ArraysSupport LOG2_ARRAY_DOUBLE_INDEX_SCALE I 3
staticfield jdk/internal/util/ArraysSupport LOG2_BYTE_BIT_SIZE I 3
ciMethod jdk/internal/util/ArraysSupport newLength (III)I 776 0 2460 0 0
ciMethod jdk/internal/util/ArraysSupport hugeLength (II)I 0 0 1 0 -1
ciInstanceKlass jdk/internal/misc/UnsafeConstants 1 1 34 10 100 12 1 1 1 9 7 12 1 1 1 9 12 1 9 12 1 1 9 12 1 9 12 1 1 1 1 1 1 1 1 1
staticfield jdk/internal/misc/UnsafeConstants ADDRESS_SIZE0 I 8
staticfield jdk/internal/misc/UnsafeConstants PAGE_SIZE I 4096
staticfield jdk/internal/misc/UnsafeConstants BIG_ENDIAN Z 0
staticfield jdk/internal/misc/UnsafeConstants UNALIGNED_ACCESS Z 1
staticfield jdk/internal/misc/UnsafeConstants DATA_CACHE_LINE_FLUSH_SIZE I 0
instanceKlass java/lang/invoke/DelegatingMethodHandle
instanceKlass java/lang/invoke/BoundMethodHandle
instanceKlass java/lang/invoke/DirectMethodHandle
ciInstanceKlass java/lang/invoke/MethodHandle 1 1 641 100 1 9 7 12 1 1 1 10 7 12 1 1 1 10 7 12 1 1 1 7 1 7 1 10 12 1 1 9 12 1 1 10 12 1 10 12 1 1 10 12 1 1 10 7 12 1 1 1 10 12 1 1 10 12 1 1 11 100 12 1 1 1 10 12 1 1 10 12 1 10 12 1 9 12 1 1 10 12 1 1 100 1 100 1 10 8 1 10 12 1 1 10 12 1 8 1 10 12 1 1 10 12 1 10 7 12 1 1 1 10 12 1 10 12 1 1 10 12 1 1 10 12 1 1 10 12 1 1 10 7 12 1 1 1 10 7 12 1 1 1 7 1 10 12 1 1 10 12 1 1 10 12 1 1 8 1 10 7 12 1 1 1 8 1 10 12 1 1 10 12 1 1 10 12 1 1 10 12 1 8 1 10 12 1 1 8 1 10 12 1 8 1 10 100 12 1 1 1 9 12 1 1 100 1 10 9 100 12 1 1 1 9 100 1 8 1 10 12 1 1 10 12 1 10 12 1 1 10 12 1 10 12 1 1 10 12 1 10 12 1 1 10 12 1 10 12 1 1 10 12 1 1 8 1 10 12 1 1 8 1 10 12 1 10 12 1 1 10 12 1 10 12 1 10 12 1 1 9 100 12 1 1 1 10 12 1 1 11 12 1 10 12 1 10 12 1 1 10 100 12 1 1 1 100 1 11 12 1 10 100 1 11 12 1 100 1 10 12 1 11 12 1 9 100 12 1 1 1 11 12 1 1 11 100 12 1 1 1 10 12 1 1 9 12 1 11 12 1 9 12 1 9 12 1 9 12 1 11 12 1 1 9 12 1 9 12 1 9 12 1 9 12 1 9 12 1 9 12 1 9 12 1 8 1 10 12 1 10 12 1 8 1 10 12 1 10 12 1 10 10 7 12 1 1 10 12 1 1 100 1 8 1 10 12 1 1 10 12 1 1 10 12 1 10 12 1 100 1 10 100 12 1 1 1 10 12 1 9 7 12 1 1 1 10 12 1 1 10 12 1 1 8 1 9 12 1 9 12 1 1 9 12 1 1 10 12 1 7 1 10 12 1 10 12 1 1 9 12 1 1 9 12 1 1 10 7 12 1 1 1 11 7 12 1 1 9 12 1 10 12 1 1 9 12 1 10 12 1 8 10 12 1 1 8 1 1 1 1 1 1 7 1 1 1 1 1 1 1 1 1 1 1 1 1 1 1 1 1 1 1 1 1 1 1 1 1 1 1 1 1 1 1 1 1 1 1 1 1 1 1 1 1 1 1 1 1 1 1 1 1 1 1 1 1 1 1 1 1 1 1 1 1 1 1 1 1 1 1 1 1 100 1 1 1 1 1 1 1 1 1 7 1 1 1 1 1 1 1 1 1 1 1 1 1 1 1 1 1 1 1 1 1 1 1 1 1 1 1 7 1 1 100 1 1 100 1 1 1 1
staticfield java/lang/invoke/MethodHandle FORM_OFFSET J 20
staticfield java/lang/invoke/MethodHandle UPDATE_OFFSET J 13
staticfield java/lang/invoke/MethodHandle $assertionsDisabled Z 1
instanceKlass java/lang/invoke/DirectMethodHandle$Special
instanceKlass java/lang/invoke/DirectMethodHandle$Interface
instanceKlass java/lang/invoke/DirectMethodHandle$Constructor
instanceKlass java/lang/invoke/DirectMethodHandle$Accessor
ciInstanceKlass java/lang/invoke/DirectMethodHandle 1 1 940 7 1 7 1 100 1 7 1 7 1 10 7 12 1 1 1 10 7 12 1 1 1 100 1 10 12 1 10 12 1 1 10 7 12 1 1 10 12 1 1 10 12 1 10 12 1 7 1 10 12 1 1 10 12 1 1 10 12 1 10 12 1 1 10 7 12 1 1 1 10 12 1 9 12 1 1 100 1 10 9 12 1 1 9 12 1 10 12 1 10 12 1 10 12 1 1 10 12 1 10 12 1 10 12 1 10 7 12 1 1 1 10 12 1 10 12 1 1 8 1 10 12 1 1 7 1 10 12 1 7 1 10 10 12 1 10 12 1 10 12 1 10 7 12 1 1 1 10 12 1 1 100 1 10 12 1 10 12 1 7 1 10 12 1 10 12 1 1 10 12 1 1 10 12 1 8 10 100 12 1 1 1 10 12 1 10 12 1 10 12 1 1 10 12 1 9 7 12 1 1 1 7 1 10 12 1 10 7 12 1 1 1 10 12 1 10 12 1 1 9 12 1 1 100 1 10 8 1 10 12 1 1 10 12 1 10 12 1 10 10 12 1 10 12 1 10 12 1 10 12 1 10 12 1 1 10 12 1 10 12 1 1 10 12 1 10 12 1 1 10 10 7 12 1 1 1 10 12 1 10 12 1 1 10 12 1 10 12 1 1 8 1 9 7 12 1 1 1 8 1 9 12 1 9 12 1 8 1 9 12 1 9 12 1 8 1 9 12 1 9 12 1 8 1 10 12 1 10 12 1 1 9 12 1 1 7 1 10 12 1 1 100 1 10 7 12 1 1 1 10 12 1 1 10 12 1 10 12 1 1 7 1 10 12 1 1 10 12 1 10 12 1 1 7 1 10 12 1 1 10 7 12 1 1 1 10 12 1 10 12 1 10 12 1 9 12 1 1 10 7 1 9 12 9 12 1 10 7 12 1 1 1 10 12 1 7 1 7 1 7 1 9 12 1 1 10 7 12 1 10 12 1 1 10 12 1 7 1 10 12 1 10 12 1 1 9 7 12 1 1 1 10 12 1 1 100 1 10 100 12 1 1 1 10 12 1 10 12 1 8 1 9 12 1 9 12 1 10 12 1 9 12 1 1 10 100 12 1 1 1 9 12 1 1 9 12 1 1 10 12 1 10 12 1 10 12 1 10 12 1 10 12 1 1 10 12 1 10 7 12 1 1 9 12 1 10 12 1 10 12 1 10 12 1 10 12 1 1 10 12 1 1 9 12 1 1 10 12 1 1 9 7 12 1 1 1 9 12 1 9 12 1 9 12 1 9 12 1 9 12 1 9 12 1 9 12 1 9 12 1 9 12 1 9 12 1 9 12 1 9 12 1 9 12 1 9 12 1 9 12 1 9 12 1 9 12 1 9 12 1 9 12 1 9 12 1 9 12 1 9 12 1 9 12 1 9 12 1 9 12 1 9 12 1 9 12 1 9 12 1 9 12 1 9 12 1 9 12 1 9 12 1 9 12 1 9 12 1 9 12 1 9 12 1 8 1 9 12 1 1 9 12 1 1 10 12 1 10 12 1 1 9 7 1 10 12 1 9 12 1 1 10 12 10 12 1 10 12 1 10 12 1 10 8 1 8 1 8 1 8 1 10 12 1 1 9 12 1 1 10 12 1 10 100 12 1 1 1 8 9 12 1 1 10 12 1 1 8 1 8 8 9 12 1 8 1 8 8 8 8 8 1 8 10 12 1 10 12 1 8 1 8 1 10 12 1 10 12 1 10 12 1 10 12 1 1 7 1 1 1 1 3 1 3 1 3 1 3 1 3 1 3 1 3 1 3 1 3 1 3 1 1 1 1 1 1 1 1 1 1 3 1 3 1 1 1 1 3 1 1 1 1 1 1 1 1 1 1 1 1 1 1 1 1 1 1 1 1 1 1 1 1 1 1 1 1 1 1 1 1 1 1 1 1 1 1 1 1 1 1 1 1 1 1 1 1 1 1 1 1 1 1 1 1 100 1 1 1 1 1 1 1 1 1 1 1 1 100 1 1 1 1 1 1 1 1 1 1 1 1 1 1 1 1 1 1 1 1 1 1 1 1 1 1 1 1 1 1 1 1 1 1 1 1 1 1 1 1 1 1 1 1 1 1 1 1 1 1 1
staticfield java/lang/invoke/DirectMethodHandle IMPL_NAMES Ljava/lang/invoke/MemberName$Factory; java/lang/invoke/MemberName$Factory
staticfield java/lang/invoke/DirectMethodHandle FT_UNCHECKED_REF I 8
staticfield java/lang/invoke/DirectMethodHandle ACCESSOR_FORMS [Ljava/lang/invoke/LambdaForm; 132 [Ljava/lang/invoke/LambdaForm;
staticfield java/lang/invoke/DirectMethodHandle ALL_WRAPPERS [Lsun/invoke/util/Wrapper; 10 [Lsun/invoke/util/Wrapper;
staticfield java/lang/invoke/DirectMethodHandle NFS [Ljava/lang/invoke/LambdaForm$NamedFunction; 12 [Ljava/lang/invoke/LambdaForm$NamedFunction;
staticfield java/lang/invoke/DirectMethodHandle OBJ_OBJ_TYPE Ljava/lang/invoke/MethodType; java/lang/invoke/MethodType
staticfield java/lang/invoke/DirectMethodHandle LONG_OBJ_TYPE Ljava/lang/invoke/MethodType; java/lang/invoke/MethodType
staticfield java/lang/invoke/DirectMethodHandle $assertionsDisabled Z 1
ciInstanceKlass java/lang/invoke/LambdaForm 1 1 1052 100 1 9 7 12 1 1 1 10 7 12 1 1 1 10 7 12 1 1 9 12 1 1 9 12 1 1 10 12 1 1 100 1 10 9 12 1 10 12 1 1 9 12 1 10 7 12 1 1 1 9 12 1 9 12 1 9 12 1 1 9 12 1 10 12 1 1 7 1 10 12 1 10 100 12 1 1 1 10 100 12 1 1 1 10 12 1 10 12 1 1 9 100 12 1 1 1 10 12 1 1 9 12 1 10 12 1 1 10 12 1 10 12 1 1 10 12 1 1 10 100 12 1 1 1 7 1 10 10 12 1 1 8 1 10 12 1 10 12 1 10 12 1 1 7 1 10 7 12 1 1 1 10 12 1 1 10 12 1 10 12 1 1 9 12 1 1 9 12 1 9 12 1 1 10 12 1 9 12 1 10 100 12 1 1 1 10 12 1 1 10 12 1 9 12 1 1 10 100 12 1 1 1 10 12 1 10 12 1 10 12 1 10 12 1 10 12 1 10 12 1 1 10 12 1 10 12 1 1 8 1 10 12 1 10 12 1 8 1 8 1 9 12 1 9 12 1 9 12 1 1 10 12 1 1 10 12 1 9 12 1 10 12 1 1 10 7 12 1 1 1 10 12 1 1 10 12 1 10 12 1 10 12 1 1 9 12 1 10 12 1 8 1 8 1 8 1 8 1 8 1 8 1 8 1 8 1 10 12 1 9 12 1 7 1 10 12 1 1 9 12 1 10 12 1 10 12 1 1 10 12 10 12 1 10 12 1 1 10 12 1 1 10 10 12 1 1 10 12 1 1 7 1 8 1 10 12 1 1 10 12 1 10 12 1 1 10 8 1 10 12 1 1 8 1 8 1 8 1 10 12 1 9 12 1 1 10 12 1 1 10 12 1 1 100 1 10 12 1 1 10 12 1 10 7 12 1 1 1 10 12 1 1 9 12 1 1 8 1 10 100 12 1 1 1 10 7 12 1 1 10 12 10 10 12 1 1 9 12 1 8 10 12 1 1 100 1 10 12 1 1 10 12 1 9 7 12 1 1 9 12 1 1 8 1 10 100 12 1 1 10 12 1 1 100 1 100 1 10 10 12 1 1 10 12 1 1 8 1 8 1 100 1 8 1 10 12 10 12 1 10 12 1 10 12 1 1 8 1 8 1 9 100 12 1 1 1 10 12 1 10 12 1 1 8 1 8 1 8 1 100 1 8 1 100 1 8 1 100 1 8 1 10 12 1 8 1 9 10 7 12 1 1 1 10 12 1 9 12 1 1 10 12 1 10 10 12 1 10 12 1 10 12 1 10 12 1 1 10 12 1 10 12 1 1 10 12 1 1 10 12 1 1 8 1 100 10 12 1 10 12 1 9 12 1 1 10 7 12 1 1 8 1 8 1 7 1 8 1 8 1 8 1 8 1 8 1 8 1 8 1 8 1 10 12 1 1 10 12 1 1 10 12 1 10 12 1 8 1 8 1 8 1 10 12 1 8 1 10 12 1 8 1 8 1 8 1 8 1 8 1 10 12 1 10 12 1 10 12 1 1 10 7 12 1 1 1 10 12 1 10 12 1 10 12 1 10 12 1 10 12 1 10 12 1 10 12 1 9 12 1 1 8 1 10 12 1 1 9 12 1 1 10 12 1 1 9 12 1 9 12 1 1 9 12 1 9 12 1 1 7 1 10 7 12 1 1 1 9 12 1 10 12 1 10 12 1 8 1 10 12 1 9 12 1 1 7 1 10 7 12 1 1 1 8 1 100 1 10 12 1 9 12 1 9 12 1 10 12 1 10 12 1 10 7 12 1 1 1 10 12 1 9 7 12 1 1 10 12 1 1 10 12 1 10 12 1 9 12 10 12 1 10 10 12 1 9 9 12 1 7 9 12 1 1 10 12 1 1 9 12 1 10 12 1 10 7 1 9 1 1 1 1 3 1 3 1 3 1 1 1 1 1 1 1 1 1 1 1 1 1 1 1 1 1 1 1 1 1 1 1 1 1 1 1 1 1 1 1 1 1 1 1 1 1 1 1 1 1 1 1 1 1 1 1 1 1 1 1 1 1 1 1 1 100 1 1 1 1 1 1 1 1 1 1 1 1 1 1 1 1 1 1 1 1 1 1 1 1 1 1 1 1 1 1 1 1 1 1 1 1 1 1 1 1 1 1 1 1 1 1 1 1 1 1 1 1 1 1 1 1 1 1 1 100 1 1 1 1 1 1 1 1 1 1 1 1 1 1 1 1 1 1 1 1 1 1 1 1 1 1 1 1 1 1 1 1 1 1 100 1 1 1 1 1 1 1 1 1 1 1 1 1 1 1 1 1 1 1 1 1 1 100 1 1 1 7 1 1 100 1 1 1 1 1 1 1 1 1 1 1
staticfield java/lang/invoke/LambdaForm COMPILE_THRESHOLD I 0
staticfield java/lang/invoke/LambdaForm INTERNED_ARGUMENTS [[Ljava/lang/invoke/LambdaForm$Name; 5 [[Ljava/lang/invoke/LambdaForm$Name;
staticfield java/lang/invoke/LambdaForm IMPL_NAMES Ljava/lang/invoke/MemberName$Factory; java/lang/invoke/MemberName$Factory
staticfield java/lang/invoke/LambdaForm LF_identity [Ljava/lang/invoke/LambdaForm; 6 [Ljava/lang/invoke/LambdaForm;
staticfield java/lang/invoke/LambdaForm LF_zero [Ljava/lang/invoke/LambdaForm; 6 [Ljava/lang/invoke/LambdaForm;
staticfield java/lang/invoke/LambdaForm NF_identity [Ljava/lang/invoke/LambdaForm$NamedFunction; 6 [Ljava/lang/invoke/LambdaForm$NamedFunction;
staticfield java/lang/invoke/LambdaForm NF_zero [Ljava/lang/invoke/LambdaForm$NamedFunction; 6 [Ljava/lang/invoke/LambdaForm$NamedFunction;
staticfield java/lang/invoke/LambdaForm createFormsLock Ljava/lang/Object; java/lang/Object
staticfield java/lang/invoke/LambdaForm DEBUG_NAME_COUNTERS Ljava/util/HashMap; null
staticfield java/lang/invoke/LambdaForm DEBUG_NAMES Ljava/util/HashMap; null
staticfield java/lang/invoke/LambdaForm TRACE_INTERPRETER Z 0
staticfield java/lang/invoke/LambdaForm $assertionsDisabled Z 1
ciInstanceKlass java/lang/invoke/MethodHandleNatives 1 1 684 100 1 10 7 12 1 1 1 9 7 12 1 1 1 10 12 1 1 100 1 10 10 12 1 1 10 12 1 10 12 1 8 1 8 1 8 1 8 1 8 1 8 1 8 1 8 1 8 1 8 1 10 12 1 1 7 1 10 7 12 1 1 1 10 100 12 1 1 1 7 1 10 10 12 1 1 8 1 10 12 1 8 1 10 12 1 1 8 1 10 12 1 1 9 100 12 1 1 1 8 1 10 100 12 1 1 1 100 1 10 12 100 1 100 1 8 1 7 1 10 10 12 1 7 1 9 7 12 1 1 10 12 1 1 10 12 1 10 7 12 1 1 1 7 1 10 12 1 1 10 7 12 1 1 1 10 12 1 10 12 1 1 10 12 1 1 9 12 1 8 1 10 12 1 8 1 10 12 1 8 1 8 1 8 1 100 1 10 12 1 8 1 10 12 1 1 10 12 1 10 100 12 1 1 1 100 1 8 1 10 100 12 1 1 1 7 1 8 1 10 12 1 8 1 8 1 8 1 8 1 8 1 10 12 1 1 10 12 1 1 10 12 1 10 12 1 1 10 12 1 1 7 1 10 12 1 100 1 100 1 10 12 1 10 12 1 8 1 8 1 10 10 12 1 1 10 12 1 1 8 1 10 100 12 1 1 1 8 1 8 1 10 12 1 1 10 7 12 1 1 1 100 1 10 12 1 1 7 1 9 12 1 1 10 7 12 1 1 1 10 10 12 1 9 12 1 10 12 1 1 9 12 1 9 12 1 10 12 1 1 10 12 1 10 12 1 1 7 1 7 1 10 12 1 1 10 12 1 10 12 1 1 10 7 12 1 1 1 10 12 1 8 1 10 12 1 10 12 1 10 12 1 1 10 12 1 10 7 12 1 1 1 10 12 1 1 100 1 8 1 10 9 7 12 1 1 1 10 12 1 1 10 12 1 1 100 1 10 12 1 1 10 12 1 1 100 1 100 1 10 10 100 1 100 1 10 100 1 10 10 12 1 1 10 100 1 10 12 1 10 12 1 10 12 1 1 10 12 1 1 10 12 1 1 10 12 1 10 12 1 1 10 8 1 100 1 10 12 1 10 12 1 10 12 1 10 12 1 10 12 1 1 10 12 1 9 12 1 1 10 7 12 1 1 1 9 12 1 1 11 7 12 1 1 1 10 12 1 10 12 1 10 10 12 1 10 7 12 1 1 1 1 1 1 1 1 1 1 1 1 1 1 1 100 1 1 1 1 1 1 1 1 1 1 1 1 1 1 1 1 1 1 1 1 1 1 1 1 1 1 1 1 1 1 1 1 1 1 1 1 1 1 1 1 1 1 1 1 1 1 1 1 1 1 1 1 1 1 1 1 1 1 1 1 1 1 1 1 1 1 1 1 1 1 1 1 1 1 1 1 1 1 1 1 1 1 1 1 1 1 1 1 1 1 1 1 1 1 1 1 1 1 100 1 1 1 1 1 1 1 1 1 1 1 1 1 1 1 1 1 1 1 1 1 1 1 1 1 1 1 1 100 1 1 1 1 1 1 1 100 1 1 1
staticfield java/lang/invoke/MethodHandleNatives JLA Ljdk/internal/access/JavaLangAccess; java/lang/System$2
staticfield java/lang/invoke/MethodHandleNatives $assertionsDisabled Z 1
ciInstanceKlass jdk/internal/reflect/CallerSensitive 1 1 17 100 1 100 1 100 1 1 1 1 1 1 1 1 1 1 1
ciInstanceKlass jdk/internal/reflect/ConstantPool 1 1 142 10 100 12 1 1 1 9 7 12 1 1 1 10 12 1 1 10 12 1 1 10 12 1 10 12 1 1 10 12 1 1 10 12 1 10 12 1 1 10 12 1 10 12 1 1 10 12 1 10 12 1 10 12 1 10 12 1 1 10 12 1 1 10 12 1 1 10 12 1 1 10 12 1 10 12 1 1 10 100 12 1 1 1 8 11 7 12 1 1 1 10 7 12 1 1 1 1 1 1 1 1 1 1 1 1 1 1 1 1 1 1 1 1 1 1 1 1 1 1 1 1 1 1 1 1 1 1 1 1 1 1 1 1 1 1 1 1 1 1 1 1
instanceKlass jdk/internal/reflect/UnsafeStaticObjectFieldAccessorImpl
instanceKlass jdk/internal/reflect/UnsafeQualifiedStaticFieldAccessorImpl
ciInstanceKlass jdk/internal/reflect/UnsafeStaticFieldAccessorImpl 1 1 47 10 7 12 1 1 1 9 7 12 1 1 1 10 7 12 1 1 1 9 12 1 1 8 11 7 12 1 1 1 10 7 12 1 1 1 1 1 1 1 1 1 1 1 1 1 1
instanceKlass jdk/internal/reflect/UnsafeFieldAccessorImpl
ciInstanceKlass jdk/internal/reflect/FieldAccessorImpl 1 1 59 10 7 12 1 1 1 100 1 100 1 1 1 1 1 1 1 1 1 100 1 1 1 1 1 1 1 1 1 1 1 1 1 1 1 1 1 1 1 100 1 1 1 1 1 1 1 1 1 1 1 1 1 1 1 1 1 1 1
instanceKlass jdk/internal/reflect/UnsafeQualifiedFieldAccessorImpl
instanceKlass jdk/internal/reflect/UnsafeIntegerFieldAccessorImpl
instanceKlass jdk/internal/reflect/UnsafeBooleanFieldAccessorImpl
instanceKlass jdk/internal/reflect/UnsafeObjectFieldAccessorImpl
instanceKlass jdk/internal/reflect/UnsafeStaticFieldAccessorImpl
ciInstanceKlass jdk/internal/reflect/UnsafeFieldAccessorImpl 1 1 254 10 7 12 1 1 1 9 7 12 1 1 1 10 7 12 1 1 1 10 7 12 1 1 1 9 12 1 1 10 7 12 1 1 1 9 12 1 1 10 12 1 10 12 1 9 12 1 10 12 1 1 10 7 12 1 1 10 7 12 1 1 1 10 12 1 1 100 1 10 10 12 1 1 10 12 1 1 8 1 10 10 12 1 100 1 8 1 10 12 1 8 1 10 12 1 8 1 10 12 1 100 1 10 12 1 1 10 8 1 10 12 1 1 8 1 10 100 12 1 1 8 1 10 100 12 1 1 8 1 10 100 12 1 1 8 1 10 100 12 1 1 8 1 10 100 12 1 1 8 1 10 100 12 1 1 8 1 10 100 12 1 1 8 1 10 100 12 1 1 10 12 1 1 8 1 8 1 8 1 8 1 8 1 8 1 10 100 12 1 1 1 8 1 8 1 8 1 10 12 10 12 1 1 1 1 1 1 1 1 1 1 1 1 1 1 1 1 1 1 1 1 1 1 1 1 1 1 1 1 1 1 1 1 1 1 1 1 1 1 1 1 1 1 1 1 1 1 1 1 1 1 1 1
staticfield jdk/internal/reflect/UnsafeFieldAccessorImpl unsafe Ljdk/internal/misc/Unsafe; jdk/internal/misc/Unsafe
ciInstanceKlass jdk/internal/reflect/NativeConstructorAccessorImpl 1 1 126 10 7 12 1 1 1 9 7 12 1 1 1 9 12 1 1 10 7 12 1 1 1 10 7 12 1 1 1 10 7 12 1 1 1 9 12 1 9 12 1 1 9 12 1 1 10 7 12 1 1 1 7 1 10 10 12 1 1 10 12 1 10 12 1 10 12 1 1 9 12 1 1 10 7 12 1 1 1 100 1 10 12 1 1 10 12 1 1 8 10 12 1 1 1 1 1 1 1 1 1 1 1 1 1 1 1 1 1 1 1 1 1 1 100 1 100 1 100 1 1 1 1 1 1 1
staticfield jdk/internal/reflect/NativeConstructorAccessorImpl U Ljdk/internal/misc/Unsafe; jdk/internal/misc/Unsafe
staticfield jdk/internal/reflect/NativeConstructorAccessorImpl GENERATED_OFFSET J 16
ciInstanceKlass java/lang/invoke/ConstantCallSite 1 1 65 10 7 12 1 1 1 9 7 12 1 1 1 9 12 1 1 10 7 12 1 1 1 10 12 1 100 1 10 12 9 12 1 1 100 1 10 10 12 1 1 10 12 1 1 1 1 1 1 1 1 1 1 1 1 1 100 1 1 1 1 1 1 1 1
staticfield java/lang/invoke/ConstantCallSite UNSAFE Ljdk/internal/misc/Unsafe; jdk/internal/misc/Unsafe
ciInstanceKlass java/lang/invoke/MutableCallSite 1 1 63 10 7 12 1 1 1 10 12 1 9 7 12 1 1 1 10 12 1 10 12 1 1 9 12 1 1 10 7 12 1 1 1 10 100 12 1 1 1 10 12 1 1 1 1 1 1 1 1 1 1 1 1 1 1 1 1 1 1 100 1 1 1
staticfield java/lang/invoke/MutableCallSite STORE_BARRIER Ljava/util/concurrent/atomic/AtomicInteger; java/util/concurrent/atomic/AtomicInteger
instanceKlass java/lang/invoke/VarHandleReferences$FieldStaticReadOnly
instanceKlass java/lang/invoke/VarHandleLongs$Array
instanceKlass java/lang/invoke/VarHandleInts$FieldStaticReadOnly
instanceKlass java/lang/invoke/VarHandleBooleans$FieldInstanceReadOnly
instanceKlass java/lang/invoke/VarHandleByteArrayAsLongs$ByteArrayViewVarHandle
instanceKlass java/lang/invoke/VarHandleByteArrayAsInts$ByteArrayViewVarHandle
instanceKlass java/lang/invoke/VarHandleReferences$Array
instanceKlass java/lang/invoke/VarHandleInts$FieldInstanceReadOnly
instanceKlass java/lang/invoke/VarHandleLongs$FieldInstanceReadOnly
instanceKlass java/lang/invoke/VarHandleReferences$FieldInstanceReadOnly
ciInstanceKlass java/lang/invoke/VarHandle 1 1 390 10 7 12 1 1 1 10 7 12 1 1 9 12 1 1 9 12 1 1 100 1 10 8 1 10 12 1 1 10 7 12 1 1 1 10 12 1 1 10 100 12 1 1 1 9 7 12 1 1 1 10 12 1 1 10 100 12 1 1 1 10 12 1 1 9 12 1 10 12 1 9 12 1 1 10 7 12 1 1 10 12 1 9 7 12 1 1 1 9 12 1 1 10 12 1 1 100 1 100 1 10 8 1 10 12 1 1 10 12 1 8 1 10 12 1 10 12 1 10 12 1 1 9 7 12 1 1 1 10 12 1 10 12 1 1 10 12 1 10 10 100 12 1 1 1 10 12 1 1 10 12 1 1 10 100 12 1 1 1 10 100 12 1 1 1 10 100 12 1 1 1 9 12 1 1 10 9 12 1 1 10 12 1 10 12 1 10 12 1 1 10 12 1 10 100 12 1 1 1 9 12 1 1 10 12 1 1 9 12 1 10 12 1 10 12 1 10 100 12 1 1 100 1 10 9 7 12 1 1 1 9 12 1 1 10 7 12 1 1 1 10 12 1 10 12 1 10 12 1 10 12 1 10 12 1 10 12 1 1 7 1 10 10 7 12 1 1 1 9 12 1 1 8 10 12 1 1 7 1 10 12 1 1 100 1 1 1 1 1 1 1 1 1 1 1 1 1 1 1 1 1 1 1 1 1 1 1 1 1 1 1 1 1 1 1 1 1 1 1 1 1 1 1 1 1 1 1 1 1 1 1 1 1 1 1 1 1 1 1 1 1 1 1 1 1 1 1 1 1 1 1 1 1 1 1 1 1 1 1 1 1 1 1 1 1 1 1 1 1 1 1 1 1 100 1 7 1 100 1 1 1 1 1 1 1 100 1 1 1
staticfield java/lang/invoke/VarHandle AIOOBE_SUPPLIER Ljava/util/function/BiFunction; jdk/internal/util/Preconditions$1
staticfield java/lang/invoke/VarHandle VFORM_OFFSET J 16
staticfield java/lang/invoke/VarHandle $assertionsDisabled Z 1
ciInstanceKlass java/lang/invoke/MemberName 1 1 757 7 1 7 1 100 1 9 12 1 1 10 7 12 1 1 1 9 12 1 1 10 12 1 1 10 12 1 1 10 12 1 1 10 12 1 10 12 1 1 10 7 12 1 1 1 10 12 1 9 100 12 1 1 10 12 1 100 1 100 1 10 12 1 8 1 10 12 1 1 10 12 1 10 12 1 1 10 12 1 9 12 1 1 8 1 10 100 12 1 1 1 7 1 10 10 12 1 1 7 1 7 1 10 12 1 1 9 12 1 1 100 1 8 1 10 12 1 10 12 1 10 12 1 10 12 1 10 12 1 1 10 12 1 10 12 1 10 12 1 1 10 12 1 1 10 12 1 8 1 8 1 8 1 10 100 12 1 1 1 10 12 1 9 12 1 1 3 10 12 1 10 12 1 10 12 1 10 10 7 12 1 1 1 10 12 1 10 12 1 10 12 1 10 12 1 7 1 8 10 12 1 1 10 12 1 1 8 1 9 100 1 8 9 100 1 10 12 1 1 10 12 1 10 12 1 8 1 10 12 1 1 10 12 1 10 12 1 10 12 1 10 12 1 1 100 1 10 12 1 1 10 12 1 8 1 10 12 1 10 12 1 8 1 10 12 1 1 10 12 1 1 7 1 10 12 1 1 10 12 8 1 8 1 100 1 10 12 1 10 100 12 1 1 1 100 1 10 12 10 12 1 10 12 1 10 12 1 10 12 1 10 10 12 1 10 12 1 10 12 1 3 10 12 1 3 10 12 1 3 3 3 3 3 3 3 100 1 10 12 1 10 7 12 1 1 1 10 12 1 3 9 12 1 10 12 1 1 3 10 12 1 10 10 7 12 1 1 1 10 12 1 1 10 7 1 10 10 12 1 10 12 1 10 12 1 10 10 12 1 1 10 12 1 10 12 1 10 12 1 100 1 10 10 10 12 100 1 10 10 10 12 1 1 10 12 1 1 10 10 12 1 8 10 100 1 10 12 1 10 100 1 10 12 1 10 12 1 10 12 1 10 10 12 1 10 12 1 1 10 12 1 1 10 12 1 10 12 1 10 12 1 7 1 10 12 1 1 100 1 8 1 10 7 1 10 12 1 10 12 10 12 1 1 10 12 1 10 12 1 8 1 8 1 8 1 8 1 10 12 1 10 12 1 10 12 1 1 8 1 8 1 10 12 1 8 1 10 10 12 1 10 12 1 8 1 8 1 10 10 12 1 8 1 10 100 12 1 1 1 8 1 10 12 1 10 12 1 1 10 12 1 8 1 8 1 8 1 8 1 100 1 10 8 1 8 1 8 1 8 1 10 12 1 100 1 100 1 100 1 10 100 1 10 100 1 10 100 12 1 1 1 9 7 12 1 1 1 100 1 100 1 1 1 1 1 1 1 3 1 3 1 3 1 3 1 3 1 3 1 1 1 1 1 1 1 1 3 1 3 1 1 1 1 3 1 1 1 1 1 1 1 1 1 1 1 1 1 1 1 1 1 1 1 1 1 1 1 1 1 1 1 1 1 1 1 1 1 1 1 1 1 1 1 1 1 1 1 1 1 1 1 1 1 1 1 1 1 1 1 1 1 1 1 1 1 1 1 1 1 1 1 1 1 1 1 1 1 1 1 1 1 1 1 1 1 1 1 1 1 1 1 1 1 1 1 1 1 1 1 1 1 1 1 1 1 1 1 1 1 1 100 1 1 1 1 1 1 1 1 1 1 1 1 1 1 1
staticfield java/lang/invoke/MemberName $assertionsDisabled Z 1
ciInstanceKlass java/lang/invoke/ResolvedMethodName 1 1 16 10 100 12 1 1 1 100 1 1 1 1 1 1 1 1
ciInstanceKlass java/lang/StackWalker 1 1 235 9 7 12 1 1 1 10 7 12 1 1 1 7 1 10 7 12 1 1 1 10 12 1 1 11 7 12 1 1 1 10 12 1 1 10 12 1 1 10 12 1 1 100 1 8 1 10 12 1 10 12 1 10 12 1 10 7 12 1 1 9 12 1 1 9 12 1 1 9 12 1 1 9 12 1 1 10 12 1 1 9 12 1 1 10 7 12 1 1 1 11 12 1 1 100 1 8 1 10 10 100 12 1 1 9 12 1 1 10 12 1 1 10 7 12 1 1 1 10 7 12 1 1 1 18 12 1 1 100 1 8 1 10 10 12 1 1 10 100 12 1 1 1 9 7 12 1 1 11 100 12 1 1 1 10 12 1 1 1 1 1 1 1 1 1 1 1 1 1 1 1 1 1 1 1 1 1 1 1 1 1 1 1 1 1 1 1 1 1 1 1 1 1 1 1 1 1 1 1 1 1 1 1 1 1 1 1 100 1 1 15 10 100 12 1 1 1 16 15 10 12 16 1 1 1 1 1 1 1 100 1 100 1 1
staticfield java/lang/StackWalker DEFAULT_EMPTY_OPTION Ljava/util/EnumSet; java/util/RegularEnumSet
staticfield java/lang/StackWalker DEFAULT_WALKER Ljava/lang/StackWalker; java/lang/StackWalker
instanceKlass java/lang/StackStreamFactory$StackFrameTraverser
ciInstanceKlass java/lang/StackStreamFactory$AbstractStackWalker 1 1 306 7 1 100 1 3 10 7 12 1 1 1 10 7 12 1 1 10 7 12 1 1 1 9 12 1 1 10 12 1 1 9 12 1 1 9 12 1 1 9 12 1 1 9 12 1 9 7 12 1 1 1 10 7 12 1 1 1 10 12 1 1 9 12 1 1 10 7 12 1 1 1 10 12 1 1 9 12 1 1 9 100 12 1 1 1 100 1 10 8 1 10 12 1 1 10 12 1 8 1 10 12 1 1 10 100 12 1 1 1 100 1 8 1 10 12 1 8 1 10 12 9 7 12 1 1 1 10 7 12 1 1 9 12 1 8 1 5 0 8 1 8 1 9 12 1 1 10 12 1 1 10 12 1 1 10 12 1 9 12 1 10 12 1 10 12 1 10 12 1 10 12 1 1 10 12 1 10 12 1 1 8 1 10 12 1 10 12 1 10 12 1 10 12 1 1 8 1 10 12 1 1 10 12 1 1 10 12 1 1 10 12 1 10 12 1 10 7 12 1 1 1 9 12 1 8 1 10 12 1 10 12 1 10 12 1 10 12 1 10 12 1 10 12 1 10 12 1 1 10 12 1 1 10 12 1 1 10 12 1 8 1 1 1 1 1 1 1 1 1 1 1 1 1 1 1 1 1 1 100 1 1 1 1 100 1 1 1 1 1 1 1 1 1 1 1 1 1 1 1 1 1 1 1 1 1
ciInstanceKlass jdk/internal/module/Modules 1 1 504 10 100 12 1 1 1 9 7 12 1 1 1 11 7 12 1 1 1 11 12 1 1 11 12 1 1 11 12 1 1 11 12 1 11 12 1 11 12 1 11 12 1 11 12 1 1 10 100 12 1 1 1 10 100 12 1 1 1 18 12 1 1 10 100 12 1 1 1 100 1 10 100 12 1 1 1 10 100 12 1 1 1 10 100 12 1 1 10 12 1 1 11 12 1 9 12 1 1 11 100 12 1 1 1 10 12 1 1 10 10 12 1 10 9 12 1 1 10 7 12 1 1 10 12 1 1 10 100 12 1 1 100 1 11 100 12 1 1 1 10 100 12 1 1 1 11 100 12 1 1 10 12 1 1 10 100 12 1 1 10 100 12 1 1 1 10 12 1 1 10 12 1 1 11 12 1 1 18 12 1 1 11 100 12 1 1 10 100 12 1 1 1 11 100 12 1 1 1 100 1 11 12 1 1 11 100 12 1 1 1 11 12 1 1 10 12 1 1 10 100 12 1 1 18 12 1 1 11 12 1 1 18 12 1 1 11 12 1 1 10 12 1 18 18 10 12 1 1 9 12 1 1 11 100 12 1 1 1 100 1 10 11 12 1 11 12 1 1 11 12 1 1 10 100 1 10 12 1 1 10 100 12 1 1 10 12 1 1 11 12 10 12 1 1 100 1 10 18 12 1 10 12 1 1 100 1 8 1 10 12 1 10 100 12 1 1 18 12 1 11 11 12 10 12 1 10 10 100 1 18 12 1 10 10 10 7 12 1 1 10 7 12 1 1 1 10 12 1 1 1 1 1 1 1 1 1 1 1 1 1 1 1 1 1 1 1 1 1 1 1 1 1 1 1 1 1 1 1 1 1 100 1 1 1 1 1 1 1 1 1 1 1 1 1 1 1 1 1 1 1 1 1 1 1 1 1 1 1 1 1 1 1 1 1 1 1 100 1 1 1 1 1 1 1 1 1 1 1 1 1 1 1 1 1 1 1 1 1 1 1 15 10 100 12 1 1 1 16 15 10 12 1 16 16 15 10 12 1 16 1 16 1 15 10 12 1 16 1 16 1 15 10 12 16 1 15 10 16 1 15 10 12 16 1 15 10 12 16 15 10 12 16 15 10 12 1 1 1 100 1 100 1 1
staticfield jdk/internal/module/Modules JLA Ljdk/internal/access/JavaLangAccess; java/lang/System$2
staticfield jdk/internal/module/Modules JLMA Ljdk/internal/access/JavaLangModuleAccess; java/lang/module/ModuleDescriptor$1
staticfield jdk/internal/module/Modules $assertionsDisabled Z 1
ciInstanceKlass java/lang/invoke/Invokers$Holder 1 1 99 1 100 1 100 1 1 1 1 1 1 1 7 1 7 1 7 1 1 12 10 1 1 12 10 1 1 12 10 1 1 100 1 1 12 9 1 1 1 12 10 1 1 1 12 10 1 1 12 10 1 1 1 12 10 1 1 100 1 1 12 10 1 1 12 10 1 1 12 10 1 12 10 1 1 12 10 1 1 12 10 1 12 10 1 12 10 12 10 1 1 12 10 1 12 10 1 1 1
ciMethod java/lang/invoke/Invokers$Holder linkToTargetMethod (Ljava/lang/Object;ILjava/lang/Object;)Ljava/lang/Object; 768 0 15177 0 -1
ciMethod java/util/Arrays copyOfRange ([BII)[B 514 0 6161 0 800
ciMethod java/util/Arrays copyOf ([BI)[B 254 0 6276 0 768
ciMethod java/lang/Math max (II)I 524 0 262289 0 -1
ciMethod java/lang/Math min (II)I 518 0 317527 0 -1
ciMethod java/lang/StringBuilder <init> (I)V 366 0 220841 0 544
ciMethod java/lang/StringBuilder toString ()Ljava/lang/String; 256 0 465810 0 2112
ciMethod java/lang/StringBuilder append (Ljava/lang/String;)Ljava/lang/StringBuilder; 506 0 1675765 0 2080
ciMethod java/lang/StringBuilder append (Ljava/lang/Object;)Ljava/lang/StringBuilder; 544 0 134756 0 2208
ciMethod java/lang/StringBuilder append (I)Ljava/lang/StringBuilder; 4 0 74365 0 96
ciMethod java/lang/String length ()I 544 0 1275657 0 96
ciMethod java/lang/String <init> ([BB)V 512 0 58249 0 256
ciMethod java/lang/String toString ()Ljava/lang/String; 512 0 76021 0 64
ciMethod java/lang/String valueOf (Ljava/lang/Object;)Ljava/lang/String; 544 0 163053 0 128
ciMethod java/lang/String coder ()B 614 0 1481172 0 64
ciMethod java/lang/String getBytes ([BIIBI)V 514 0 12749 0 768
ciMethod java/lang/Object <init> ()V 1024 0 6167226 0 128
ciInstanceKlass scala/MatchError 0 0 96 1 100 1 100 1 1 1 1 1 1 1 1 1 1 1 1 12 9 12 9 1 8 1 12 10 12 9 1 1 1 100 1 100 12 10 1 1 1 100 12 10 1 1 1 100 3 1 1 12 10 1 8 1 1 12 10 1 100 1 1 12 10 1 100 1 12 10 1 12 10 3 10 1 8 12 10 1 8 3 1 8 1 1 12 10 1 1 1 1 1 1 1 1 1 1
ciInstanceKlass scala/Function1 1 1 284 1 100 1 1 100 1 1 1 1 1 100 1 100 1 1 1 1 1 1 1 1 1 1 1 12 11 1 1 16 1 1 12 11 15 3 3 1 100 1 100 1 1 12 10 15 12 18 1 1 1 12 11 1 1 12 11 15 18 1 1 1 1 12 11 1 8 1 1 1 1 12 11 1 1 100 1 1 12 10 12 11 1 1 12 10 1 1 1 1 12 11 1 1 12 10 1 1 1 1 12 11 1 1 12 10 1 1 1 1 12 11 1 1 12 10 1 1 1 1 12 11 1 1 12 10 1 1 1 1 12 11 1 1 1 1 12 11 1 1 1 12 10 1 1 1 1 12 11 1 1 1 1 12 11 1 1 1 1 12 11 1 1 1 1 12 11 1 1 1 1 12 11 1 1 1 1 12 11 1 1 1 12 10 1 1 1 1 12 11 1 1 1 1 12 11 1 1 1 1 12 11 1 1 1 1 12 11 1 1 1 1 12 11 1 1 1 1 12 11 1 1 1 12 10 1 1 1 1 12 11 1 1 1 1 12 11 1 1 1 1 12 11 1 1 1 1 12 11 1 1 1 1 12 11 1 1 1 1 1 1 1 1 1 100 1 1 12 10 15 1 12 18 1 1 1 1 1 1 1 1 1 1 1
ciInstanceKlass scala/collection/GenTraversableOnce 1 1 162 1 7 1 1 100 1 1 1 1 1 100 1 100 1 1 1 1 1 1 1 1 1 1 1 1 1 1 1 1 12 11 1 1 1 1 1 1 1 1 1 1 1 1 1 1 1 1 1 1 1 1 1 1 1 1 1 1 1 1 1 1 1 1 1 1 1 1 1 1 1 1 1 1 1 1 1 1 1 1 1 1 1 1 1 1 1 1 1 1 1 1 1 1 1 1 1 1 1 1 1 1 1 1 1 1 1 1 1 1 1 1 1 1 1 1 1 1 1 1 1 1 1 1 1 1 1 1 1 1 1 1 1 1 1 1 1 1 1 1 1 1 1 1 1 1 1 1 1 1 1 1 1 1 1 1 1 1 1 1 1 1
ciInstanceKlass scala/collection/TraversableOnce 1 1 820 1 7 1 1 7 1 100 1 1 1 1 1 100 1 100 1 1 100 1 100 1 1 7 1 100 1 1 100 1 1 100 1 1 100 1 1 100 1 1 7 1 1 7 1 1 7 1 1 7 1 1 7 1 1 100 1 1 7 1 1 100 1 1 1 1 1 100 1 1 12 9 12 10 1 1 12 10 1 1 1 1 1 1 1 12 10 1 1 12 10 1 1 1 1 12 10 1 1 1 1 1 1 1 1 1 1 1 1 1 1 1 1 1 1 1 1 1 1 1 1 1 1 1 1 1 12 11 1 1 10 12 11 1 12 10 1 1 1 1 1 1 1 12 11 10 1 12 10 1 1 1 1 1 12 11 12 11 1 1 1 1 12 11 1 1 1 12 10 10 1 1 1 1 1 1 12 11 1 1 1 7 1 12 10 1 7 1 7 1 1 12 11 1 16 1 1 12 11 15 1 16 3 3 1 7 1 7 1 1 12 10 15 1 1 12 18 1 7 1 1 12 11 1 7 1 12 9 10 1 12 11 1 1 12 11 1 1 12 11 1 7 1 12 10 1 12 10 1 12 10 1 7 1 1 1 1 1 1 1 1 1 1 1 1 1 12 11 1 1 1 12 11 1 1 12 11 1 1 12 11 1 1 12 10 12 10 1 1 1 1 100 11 1 12 11 1 1 12 11 1 12 11 1 1 1 1 1 1 7 1 1 1 1 12 11 1 1 100 1 8 1 12 10 1 12 10 1 12 10 1 1 1 1 12 11 1 1 8 1 16 1 12 11 15 3 1 12 18 11 1 1 1 100 1 1 1 1 12 11 1 1 1 12 11 1 1 1 12 11 1 1 1 12 11 1 1 1 12 11 1 1 1 1 1 1 1 12 11 1 1 1 100 12 11 1 1 1 1 1 12 11 1 1 1 7 1 12 11 1 1 12 11 15 1 12 18 1 1 12 11 1 12 11 1 12 11 15 18 1 1 1 1 1 12 11 1 1 1 8 1 1 12 11 15 1 12 18 1 1 12 11 1 8 1 12 11 15 18 1 1 1 1 12 11 1 1 8 1 12 10 1 12 10 1 1 1 1 12 11 1 8 10 1 12 10 1 1 1 1 1 1 1 12 11 1 1 12 11 1 7 1 1 12 11 1 1 1 12 11 1 1 1 7 1 12 9 1 1 12 10 12 11 1 12 11 1 1 1 1 1 1 12 11 1 1 1 12 11 1 7 1 1 12 11 1 1 12 11 11 1 1 1 1 1 12 11 1 7 1 12 9 1 1 12 10 1 1 12 11 1 1 1 1 12 11 1 1 1 12 11 1 1 1 1 12 11 1 1 1 1 1 12 11 1 1 7 1 12 9 1 12 10 1 7 1 1 1 1 7 1 12 9 10 1 1 1 1 12 11 1 1 7 1 12 9 10 1 7 1 1 1 1 12 11 1 1 7 1 12 9 10 1 7 1 1 1 1 1 1 7 1 12 11 1 7 11 11 1 1 1 1 1 1 12 11 1 1 1 7 1 12 9 1 12 10 1 7 1 1 1 1 1 1 12 11 1 1 7 10 1 1 12 11 1 1 12 10 1 1 12 11 1 8 1 12 11 1 1 1 1 1 12 10 1 12 10 1 1 1 1 12 11 1 1 12 11 1 1 12 10 1 1 12 11 1 1 1 12 11 1 1 12 11 1 1 7 1 1 12 11 1 1 12 11 1 1 1 15 1 100 1 1 12 10 15 1 12 18 1 1 1 1 1 1 1 1 1 1 1 1 1 1 100 1 8 1 1 12 10 1 1 1 8 1 1 1 8 1 1 1 8 1 1 1 8 1 1 1 8 1 1 1 8 1 1 1 8 1 1
ciInstanceKlass scala/collection/Parallelizable 1 1 107 1 100 1 1 100 1 1 1 1 1 100 1 100 1 1 1 1 1 1 1 1 1 12 11 1 1 1 1 12 11 12 11 1 16 1 1 12 11 15 1 16 3 3 1 100 1 100 1 1 12 10 15 1 1 12 18 1 100 1 1 12 11 1 100 1 1 12 11 1 100 1 1 1 1 1 1 1 1 12 11 1 1 1 1 1 1 100 1 1 12 10 15 1 12 18 1 1 1 1 1 1 1 1 1 1 1
ciInstanceKlass scala/collection/TraversableLike 1 1 1306 1 7 1 1 100 1 100 1 100 1 7 1 100 1 1 1 1 1 100 1 100 1 1 100 1 100 1 7 1 1 7 1 1 1 1 1 1 12 11 1 1 1 1 1 1 1 12 11 1 1 1 1 12 11 1 1 7 1 1 1 1 12 11 1 1 1 1 1 1 1 1 1 12 11 1 1 100 1 1 12 9 1 12 10 1 1 1 1 1 1 12 11 1 7 1 1 12 10 1 100 1 12 9 1 1 12 10 1 16 1 1 12 11 15 3 3 1 7 1 7 1 1 12 10 15 1 1 12 18 1 100 1 1 12 10 1 1 12 9 1 1 1 1 12 11 1 1 1 1 1 1 12 11 1 1 1 1 7 1 12 9 1 1 12 10 1 7 1 100 1 1 12 11 1 1 12 11 1 7 1 12 9 10 1 100 1 12 10 1 7 1 12 10 1 1 1 1 12 11 1 1 1 1 12 11 1 1 12 11 1 1 1 1 12 11 1 7 1 12 9 1 1 12 10 11 1 1 1 1 12 11 1 1 1 1 12 11 1 16 1 1 12 11 15 1 16 3 1 1 12 18 12 11 1 7 12 11 1 1 1 1 12 11 1 1 12 11 1 12 11 15 18 1 1 1 1 1 1 12 11 1 1 7 1 1 12 11 12 11 1 1 12 11 15 1 12 18 1 1 1 1 1 1 1 1 12 11 1 1 1 12 11 1 1 1 1 1 12 11 1 1 1 7 12 11 1 1 12 11 15 1 12 18 1 7 1 1 12 11 1 1 1 1 12 11 1 1 1 12 11 15 1 12 18 1 7 1 1 12 10 1 1 1 1 1 1 12 11 1 1 7 12 10 1 1 12 11 11 1 12 10 1 12 10 1 12 10 1 12 10 1 12 10 1 1 1 100 1 1 1 1 12 11 1 1 1 12 11 15 1 12 18 1 1 12 11 1 12 11 15 18 1 1 1 1 12 11 1 1 7 1 12 9 1 7 1 12 10 1 1 12 11 15 1 12 18 12 9 1 100 1 1 1 1 1 1 1 1 12 11 1 1 1 12 11 1 1 1 1 12 11 1 12 11 1 1 12 11 15 1 12 18 1 1 1 12 11 1 1 100 1 12 9 1 100 1 12 9 1 1 12 10 1 12 10 1 1 12 11 10 1 12 10 1 1 12 11 1 12 10 1 12 11 1 1 1 7 1 11 1 16 1 1 12 11 15 16 1 12 18 1 1 12 11 15 1 12 18 1 100 12 11 1 1 1 1 12 11 1 1 7 1 12 10 1 11 1 100 1 8 1 12 10 1 1 12 11 1 1 12 11 1 1 12 11 15 1 12 18 1 1 1 12 11 1 1 12 11 1 8 1 1 12 11 15 1 12 18 1 1 1 1 1 12 11 1 1 1 1 12 11 1 1 12 11 1 1 12 11 3 1 1 12 11 1 1 1 1 1 1 100 1 12 9 1 1 12 10 1 12 11 1 1 1 1 100 1 12 10 1 1 12 11 15 1 12 18 1 1 1 1 1 1 12 11 1 1 1 12 11 1 1 12 11 1 1 12 11 15 1 12 18 1 1 12 11 1 1 12 11 15 1 12 18 1 1 1 12 11 1 1 12 11 15 1 12 18 1 1 1 1 1 12 11 1 1 1 12 11 15 1 12 18 1 1 1 1 12 11 1 1 1 12 11 15 16 1 12 18 1 100 1 12 9 1 12 10 1 1 12 11 15 16 18 1 100 1 12 11 1 12 11 15 16 18 1 12 11 1 1 12 11 15 1 12 18 12 11 1 1 1 7 1 1 12 11 1 12 11 15 18 1 1 1 1 1 1 1 12 11 1 1 100 1 12 9 1 100 1 12 9 1 1 12 10 1 12 10 1 1 12 11 15 1 12 18 1 1 1 1 12 11 1 1 12 11 1 1 1 12 11 1 100 1 12 10 1 1 1 1 1 12 11 1 100 11 1 1 1 1 12 11 1 12 11 1 1 1 1 12 11 1 7 1 12 10 1 12 11 1 1 12 10 1 8 10 1 8 1 8 1 1 12 11 1 1 1 12 10 1 100 1 12 10 1 100 1 1 12 10 1 1 12 10 1 8 1 1 12 11 1 1 12 10 10 3 1 12 10 1 1 1 1 1 1 1 1 1 1 1 1 12 11 1 12 10 1 1 12 11 1 1 100 12 11 1 1 1 1 12 11 1 10 1 1 1 1 1 1 1 1 12 10 12 11 15 1 16 1 12 18 1 1 1 7 1 7 11 1 12 11 1 1 1 1 1 12 11 1 1 1 1 1 1 1 7 1 1 12 10 1 7 1 1 12 9 1 1 1 7 1 12 9 1 1 12 11 1 1 1 1 12 11 1 1 1 7 1 12 10 1 1 12 10 1 1 1 1 1 1 1 1 1 1 1 1 1 1 1 1 1 1 1 1 1 1 12 11 15 1 12 18 1 1 1 1 12 11 15 18 1 1 1 1 1 1 12 11 15 1 12 18 1 1 1 1 12 11 1 1 1 1 1 1 1 12 10 1 1 100 10 1 1 1 1 1 12 11 15 1 12 18 12 11 15 18 1 1 1 1 1 1 1 1 1 1 1 1 1 1 12 9 1 1 12 11 15 1 12 18 1 1 1 1 12 11 15 1 12 18 1 1 1 1 1 1 1 1 1 1 1 1 1 1 11 1 11 1 1 1 1 1 1 1 12 10 1 1 12 11 15 1 12 18 1 1 1 1 1 1 11 1 100 1 1 12 10 1 12 10 1 12 11 12 11 12 11 12 11 12 11 1 1 12 10 12 11 12 11 12 11 12 11 12 11 1 1 15 15 1 100 1 1 12 10 15 1 12 18 1 1 1 1 1 1 1 1 1 1 1 1 1 100 1 8 1 1 12 10 1 1 1 8 1 1 1 8 1 1 1 8 1 1 1 8 1 1 1 8 1 1 1 8 1 1
ciInstanceKlass scala/collection/IterableLike 1 1 503 1 7 1 1 100 1 100 1 100 1 100 1 1 1 1 1 100 1 100 1 1 7 1 7 1 7 1 1 1 1 1 1 12 11 1 1 1 7 1 1 1 1 1 1 12 11 1 1 1 1 1 1 1 1 1 1 12 11 1 1 12 11 11 1 1 1 1 1 12 11 1 11 1 1 12 11 11 1 1 1 1 12 11 1 11 1 1 1 1 12 11 1 12 11 1 1 1 1 1 1 12 11 1 1 11 1 1 1 1 12 11 1 11 1 1 12 11 1 1 1 12 11 1 1 1 1 12 11 1 1 12 11 1 1 1 1 1 1 12 11 1 1 1 100 1 1 12 9 1 1 12 10 1 1 12 11 1 7 1 12 11 1 1 12 11 1 1 12 11 1 1 12 11 1 1 1 1 1 1 1 1 1 1 1 1 12 11 1 1 12 11 1 1 12 11 1 1 12 11 1 1 1 1 12 11 1 1 100 1 1 12 11 1 7 1 1 12 10 1 1 1 1 1 12 11 1 1 12 11 16 1 1 12 11 15 1 16 3 3 1 7 1 7 1 1 12 10 15 1 12 18 1 1 12 10 1 1 12 11 1 12 11 1 1 1 1 12 11 1 12 11 15 18 1 1 12 11 1 1 1 12 11 1 1 1 1 1 1 1 12 11 1 1 7 1 12 9 1 7 1 12 9 1 7 1 12 9 1 1 12 10 1 12 10 1 1 12 10 1 1 1 1 1 1 1 1 12 11 1 1 1 12 11 1 7 12 11 1 7 11 1 7 1 1 12 10 1 1 1 1 1 1 1 1 12 11 1 1 1 1 1 12 11 1 1 1 12 10 1 1 1 1 12 11 1 1 7 1 1 12 10 12 10 1 1 12 10 1 7 1 100 12 11 11 1 1 12 11 1 1 1 1 1 1 1 1 1 1 1 12 11 1 11 1 1 1 12 11 1 1 1 1 12 11 1 1 12 10 1 1 12 11 1 1 100 1 12 11 1 1 1 1 1 100 1 1 12 10 15 1 12 18 1 1 1 1 1 1 1 1 1 1 1 1 1 100 1 8 1 1 12 10 1 1 1 8 1 1 1 8 1 1 1 8 1 1 1 8 1 1 1 8 1 1 1 8 1 1 1 8 1 1
ciInstanceKlass scala/collection/GenSeqLike 1 1 549 1 7 1 1 100 1 100 1 100 1 1 1 1 1 100 1 100 1 1 1 1 1 1 1 1 1 1 1 1 1 1 1 12 11 1 1 12 11 1 1 1 1 1 1 1 1 1 1 12 11 1 1 12 11 1 1 12 11 12 11 1 1 1 1 1 12 11 1 1 1 12 11 1 1 1 16 1 1 12 11 15 3 3 1 7 1 7 1 1 12 10 15 1 12 18 1 1 12 11 1 12 11 15 18 1 12 11 1 12 11 1 12 11 15 18 12 11 1 1 1 1 1 1 1 1 1 1 1 1 1 1 12 11 1 1 1 12 11 1 1 1 1 1 1 1 1 1 1 1 1 1 1 1 1 1 1 1 1 1 1 1 1 1 1 1 12 11 1 1 1 1 12 11 1 1 1 1 1 1 1 1 12 11 1 100 1 1 12 9 12 11 1 1 12 10 1 1 1 1 12 11 1 7 1 12 11 1 1 12 11 1 1 1 1 1 7 12 10 1 1 1 1 1 1 1 1 12 11 1 1 12 10 12 11 12 11 1 1 1 100 1 1 12 10 15 1 12 18 1 1 1 1 1 1 1 1 1 1 1 1 1 100 1 8 1 1 12 10 1 1 1 8 1 1 1 8 1 1 1 8 1 1 1 8 1 1 1 8 1 1 1 8 1 1 1 8 1 1 1 8 1 1 8 1 1 8 1 1 1 8 1 1 1 8 1 1 1 8 1 1 1 8 1 1 8 1 1 1 8 1 1 1 8 1 1 1 8 1 1 1 8 1 1 1 8 1 1 1 8 1 1 1 8 1 1 8 1 1 1 8 1 1 8 1 1 1 8 1 1 8 1 1 8 1 1 8 1 1 1 8 1 1 8 1 1 8 1 1 8 1 1 1 8 1 1 8 1 1 1 8 1 1 8 1 1 8 1 1 1 8 1 1 1 8 1 1 1 8 1 1 8 1 1 8 1 1 8 1 1 1 8 1 1 1 8 1 1 8 1 1 8 1 1 1 8 1 1 8 1 1 1 8 1 1 1 8 1 1 1 8 1 1 1 8 1 1 1 8 1 1 1 8 1 1 8 1 1 8 1 1 8 1 1 1 8 1 1 8 1 1 1 8 1 1 1 8 1 1 8 1 1 8 1 1 8 1 1 1 8 1 1 1 8 1 1 8 1 1 8 1 1 8 1 1 8 1 1 1 8 1 1 8 1 1 1 8 1 1 8 1 1 1 8 1 1 8 1 1
ciInstanceKlass scala/collection/SeqLike 1 1 794 1 7 1 1 7 1 100 1 100 1 1 1 1 1 100 1 100 1 1 7 1 100 1 100 1 1 100 1 1 7 1 1 1 1 1 12 11 1 1 1 7 1 1 1 1 1 1 12 11 1 1 1 1 1 1 1 1 1 1 1 1 12 11 1 1 100 1 1 12 9 1 12 10 1 1 1 1 1 12 11 1 1 1 12 11 1 7 1 1 12 11 1 1 12 11 1 1 1 1 1 1 12 11 1 1 1 12 11 12 11 1 1 1 1 1 1 12 11 1 1 1 1 12 11 1 7 1 12 11 1 7 1 1 12 10 1 1 12 11 1 7 1 12 9 1 1 12 10 1 1 1 12 11 1 12 11 1 1 1 1 12 11 1 1 100 1 12 9 1 7 1 12 9 12 11 1 1 12 10 1 12 10 1 1 12 10 1 1 1 1 12 11 1 1 12 10 1 12 10 1 1 1 12 11 1 1 7 1 12 9 1 7 1 1 12 10 16 1 1 12 11 15 3 3 1 7 1 7 1 1 12 10 15 1 12 18 1 1 12 11 1 1 12 11 1 7 1 1 12 11 12 9 1 7 10 1 12 10 1 1 12 11 1 12 10 1 12 11 1 1 1 1 1 1 1 1 1 1 1 1 12 11 1 1 1 12 11 15 18 1 7 1 12 11 1 1 12 11 1 1 11 1 1 1 1 1 1 12 11 1 1 1 7 11 1 1 12 10 1 1 1 1 1 12 11 1 11 1 1 1 1 12 11 1 1 12 11 1 1 1 12 11 11 1 100 1 12 9 1 12 11 1 1 12 10 12 11 11 12 11 11 1 1 1 1 1 1 1 12 11 12 11 1 12 10 1 1 1 12 11 1 1 1 12 11 1 1 1 12 11 15 1 12 18 1 1 12 11 1 1 1 1 12 11 1 1 1 12 11 1 1 1 1 12 11 1 1 1 12 11 1 1 12 11 15 1 12 18 1 1 1 1 12 11 1 12 11 15 18 1 1 10 1 1 12 11 15 1 12 18 11 1 1 1 12 11 1 7 1 7 1 12 10 1 12 10 1 12 11 1 1 1 1 1 1 1 1 1 1 12 11 1 1 1 12 11 1 1 1 1 1 12 11 1 1 100 1 100 1 1 12 10 1 12 10 1 1 1 1 12 11 1 1 1 12 11 1 1 12 11 1 12 11 1 1 1 1 1 12 11 1 1 1 100 12 11 1 1 1 1 1 12 11 1 1 7 1 12 9 1 12 10 1 1 12 11 1 1 1 1 1 12 11 1 1 1 7 1 1 12 11 1 1 1 1 7 1 12 10 1 1 12 11 15 1 12 18 1 7 1 1 12 10 12 9 1 1 1 100 1 1 12 11 1 1 1 1 12 11 1 7 1 12 9 1 1 12 10 1 1 1 1 1 12 11 1 10 1 1 1 12 11 1 1 100 1 1 12 11 1 1 1 12 11 1 7 1 12 11 1 1 1 1 1 1 12 10 1 1 1 1 1 1 1 1 1 1 1 7 11 1 1 12 10 1 1 12 10 1 1 12 11 1 7 1 1 12 9 1 1 1 1 1 1 1 1 1 1 7 10 10 1 1 1 1 1 12 11 12 11 12 11 1 1 12 10 12 11 12 11 12 11 1 1 15 15 1 100 1 1 12 10 15 1 12 18 1 1 1 1 1 1 1 1 1 1 1 1 1 100 1 8 1 1 12 10 1 1 1 8 1 1 1 8 1 1 1 8 1 1 1 8 1 1 1 8 1 1 1 8 1 1 1 8 1 1 1 8 1 1 1 8 1
instanceKlass scala/Tuple2$mcIC$sp
instanceKlass scala/Tuple2$mcJD$sp
instanceKlass scala/Tuple2$mcIJ$sp
instanceKlass scala/Tuple2$mcJC$sp
instanceKlass scala/Tuple2$mcJZ$sp
instanceKlass scala/Tuple2$mcID$sp
instanceKlass scala/Tuple2$mcJJ$sp
instanceKlass scala/Tuple2$mcJI$sp
instanceKlass scala/Tuple2$mcDJ$sp
instanceKlass scala/Tuple2$mcDI$sp
instanceKlass scala/Tuple2$mcDD$sp
instanceKlass scala/Tuple2$mcCJ$sp
instanceKlass scala/Tuple2$mcDZ$sp
instanceKlass scala/Tuple2$mcCD$sp
instanceKlass scala/Tuple2$mcCI$sp
instanceKlass scala/Tuple2$mcIZ$sp
instanceKlass scala/Tuple2$mcDC$sp
instanceKlass scala/Tuple2$mcZZ$sp
instanceKlass scala/Tuple2$mcCZ$sp
instanceKlass scala/Tuple2$mcZJ$sp
instanceKlass scala/Tuple2$mcZC$sp
instanceKlass scala/Tuple2$mcZD$sp
instanceKlass scala/Tuple2$mcCC$sp
instanceKlass scala/Tuple2$mcZI$sp
instanceKlass scala/Tuple2$mcII$sp
ciInstanceKlass scala/Tuple2 1 1 438 1 7 1 1 7 1 7 1 100 1 1 1 1 1 1 1 1 1 1 1 1 1 1 100 1 1 12 9 12 10 1 1 1 12 10 1 1 1 1 12 11 1 1 1 1 1 7 1 1 1 12 11 1 1 1 12 9 1 12 9 1 1 1 100 3 1 1 12 10 1 8 1 1 12 10 12 10 1 12 10 1 8 12 10 1 8 12 10 1 1 1 1 12 10 1 1 1 1 1 1 1 8 1 1 1 1 7 1 12 9 1 1 12 10 1 1 1 1 1 1 12 10 1 1 7 1 12 10 1 1 1 12 10 1 1 1 1 12 10 1 1 1 1 12 10 1 1 1 12 10 1 1 1 1 12 10 1 1 1 1 1 1 1 12 10 1 1 1 1 1 1 1 1 1 1 1 1 1 1 1 1 1 1 1 1 1 1 1 1 1 1 1 1 100 1 12 10 1 1 1 1 1 100 1 12 10 1 1 1 1 1 100 1 12 10 1 1 1 1 1 100 1 12 10 1 1 1 1 100 1 12 10 1 1 1 1 1 100 1 12 10 1 1 1 1 100 1 12 10 1 1 1 1 100 1 12 10 1 1 1 1 100 1 12 10 1 1 1 1 100 1 12 10 1 1 1 1 100 1 12 10 1 1 1 1 100 1 12 10 1 1 1 1 100 1 12 10 1 1 1 1 100 1 12 10 1 1 1 1 100 1 12 10 1 1 1 1 100 1 12 10 1 1 1 1 100 1 12 10 1 1 1 1 100 1 12 10 1 1 1 1 100 1 12 10 1 1 1 1 100 1 12 10 1 1 1 1 100 1 12 10 1 1 1 1 100 1 12 10 1 1 1 1 100 1 12 10 1 1 1 1 100 1 12 10 1 1 1 1 100 1 12 10 1 1 12 10 1 1 1 1 1 1 1 1 1 12 10 1 1 1 1 1 1 1 12 10 1 7 1 1 12 11 1 12 11 1 1 1 1 1 1 1 1 1 1 1
instanceKlass scala/None$
instanceKlass scala/Some
ciInstanceKlass scala/Option 1 1 284 1 7 1 1 7 1 7 1 100 1 1 1 1 1 100 1 100 1 1 7 1 1 7 1 100 1 1 1 5 0 1 1 1 1 7 1 1 12 9 12 10 1 1 1 1 12 10 1 1 1 1 12 10 1 1 1 1 1 12 11 1 1 1 1 1 1 12 11 1 1 1 12 10 1 1 1 1 1 1 1 1 7 12 11 12 10 1 1 1 1 1 1 12 10 1 1 1 1 1 1 7 1 12 9 1 7 1 7 1 12 11 1 1 12 10 1 1 1 1 1 1 1 1 1 1 10 1 1 1 1 7 1 1 12 10 1 1 12 10 1 1 1 1 12 10 1 1 1 1 1 12 10 1 1 1 1 1 1 1 1 1 1 1 1 1 7 1 1 12 11 1 1 1 1 1 1 1 1 100 1 12 9 12 10 1 1 12 10 1 1 1 1 7 1 12 9 1 7 1 12 10 1 1 1 1 1 100 1 12 9 1 1 12 10 1 100 1 12 10 1 1 12 10 1 100 1 12 10 1 1 1 1 1 12 10 1 1 12 11 1 1 15 1 100 1 1 12 10 15 1 12 18 1 1 1 1 1 1 1 1 1 1 1 1 1 1 100 1 8 1 1 12 10 1 1 1 8 1 1 1 8 1 1
ciInstanceKlass scala/Some 1 1 119 1 7 1 1 7 1 1 1 1 1 1 5 0 1 1 1 1 1 1 1 1 100 1 1 12 9 12 10 1 1 1 12 10 1 1 12 9 1 1 1 1 1 12 10 1 1 1 1 12 10 1 1 1 1 1 8 1 1 1 1 1 1 100 1 100 1 1 12 10 1 12 10 1 1 1 1 1 7 1 12 9 1 1 12 10 1 1 1 1 1 12 10 1 1 12 10 1 1 7 1 12 10 1 1 12 10 1 1 1 1 1 1 1 1 1 1 1 1
ciInstanceKlass scala/None$ 1 1 82 1 7 1 1 7 1 1 1 1 1 5 0 1 1 1 12 10 1 1 1 1 1 1 100 1 8 1 12 10 1 1 1 8 1 1 1 1 1 1 100 1 100 1 1 12 10 10 1 1 1 1 1 100 1 12 9 1 1 12 10 1 1 1 1 3 1 1 12 9 12 10 10 1 1 1 1 1 1 1 1 1
ciInstanceKlass scala/collection/IndexedSeqLike 1 1 164 1 7 1 1 100 1 100 1 1 1 1 1 7 1 1 1 1 1 1 1 1 1 12 11 1 1 7 1 1 12 9 12 11 1 1 12 10 1 1 1 1 12 11 1 7 1 1 1 1 1 12 11 1 1 1 1 1 1 12 11 1 1 12 11 1 7 1 12 9 1 12 10 1 1 12 10 1 1 1 1 12 11 1 1 7 1 12 11 1 12 10 1 1 12 11 1 1 1 1 12 11 1 1 1 1 1 1 1 1 1 1 1 1 1 1 100 1 8 1 1 12 10 1 1 1 8 1 1 1 8 1 1 1 8 1 1 1 8 1 1 1 8 1 1 1 8 1 1 1 8 1 1 1 8 1 1 1 8 1 1 1 8 1
ciInstanceKlass scala/collection/IndexedSeqOptimized 1 1 575 1 7 1 1 100 1 100 1 1 1 1 1 100 1 100 1 1 100 1 1 1 1 1 1 1 1 1 1 1 1 1 1 1 1 1 1 1 1 1 1 12 11 1 1 1 12 11 1 1 1 1 1 1 12 11 1 1 1 1 12 11 1 7 1 12 11 1 1 1 1 1 1 1 1 1 7 1 1 12 10 1 1 1 1 1 12 11 1 12 11 1 1 12 11 1 1 1 1 12 11 1 16 1 1 12 11 15 3 3 1 7 1 7 1 1 12 10 15 1 12 18 1 1 12 11 1 7 1 1 12 10 1 7 1 1 12 9 1 1 1 1 1 1 1 7 1 12 11 1 1 1 1 1 1 1 1 12 11 1 1 1 1 1 1 12 11 1 1 1 1 1 1 1 12 11 1 12 11 1 1 12 11 1 12 11 1 1 1 12 11 1 1 1 1 7 1 12 11 1 7 1 12 11 1 7 1 12 9 1 7 1 12 9 11 1 1 12 10 1 7 1 1 12 11 1 7 11 1 12 10 1 12 11 1 12 11 12 11 1 1 1 1 100 1 1 1 1 12 11 1 1 1 12 10 1 1 1 1 1 1 12 11 1 1 7 1 12 9 1 12 10 1 12 10 1 1 12 11 1 1 1 1 1 1 12 11 1 12 11 1 1 12 11 1 12 11 1 1 12 11 12 11 1 1 12 11 12 11 1 1 1 1 12 11 1 1 1 12 11 1 1 12 11 1 1 12 11 1 1 1 1 12 11 1 1 1 1 1 12 11 1 1 1 12 11 1 1 1 1 12 11 1 1 1 1 12 11 1 1 1 12 10 12 11 1 1 1 1 1 12 11 1 1 7 1 12 9 1 1 12 10 1 1 12 10 1 1 1 1 1 12 11 1 1 1 1 12 11 1 1 1 1 12 11 1 12 11 15 18 12 11 1 1 12 11 1 1 12 11 1 1 1 1 12 11 1 1 12 10 1 1 1 1 1 12 11 1 1 1 100 1 12 11 1 100 1 12 11 1 12 11 1 1 1 1 1 1 1 12 11 1 12 11 1 1 1 1 12 11 1 1 7 1 12 9 1 7 1 1 12 10 1 1 1 1 1 1 1 1 1 12 11 1 1 12 10 12 11 1 1 1 100 1 1 12 10 15 1 12 18 1 1 1 1 1 1 1 1 1 1 1 1 1 100 1 8 1 1 12 10 1 1 1 8 1 1 1 8 1 1 1 8 1 1 8 1 1 1 8 1 1 1 8 1 1 1 8 1 1 1 8 1 1 1 8 1 1 1 8 1 1 1 8 1
ciInstanceKlass scala/collection/Iterator 1 1 783 1 7 1 1 100 1 100 1 1 1 1 1 100 1 100 1 1 7 1 7 1 7 1 7 1 100 1 7 1 100 1 100 1 100 1 100 1 7 1 100 1 100 1 100 1 100 1 100 1 100 1 100 1 7 1 1 100 1 1 7 1 1 100 1 1 100 1 1 100 1 1 7 1 1 100 1 1 7 1 100 1 1 7 1 1 1 1 1 1 100 1 1 12 9 1 1 12 10 1 1 1 1 1 12 10 1 1 12 10 1 1 1 1 1 12 10 1 1 1 1 12 10 12 10 1 1 1 1 12 10 1 1 1 1 1 12 10 1 1 1 1 12 10 1 1 1 12 10 1 1 1 12 10 1 1 1 12 10 1 1 1 1 12 11 1 1 1 1 1 1 1 1 1 1 1 12 11 12 11 1 1 12 11 1 1 12 11 1 1 1 1 12 11 1 1 1 7 1 12 9 1 7 1 12 9 1 1 12 10 1 12 11 1 1 12 11 12 11 1 1 1 1 1 12 11 1 1 1 12 10 1 1 1 1 1 1 12 11 1 1 1 12 10 1 1 1 1 12 11 1 1 1 12 10 10 1 1 12 11 1 10 1 1 1 12 11 1 10 1 1 1 1 12 11 1 1 1 1 100 1 12 11 1 100 1 12 11 1 7 1 1 12 10 1 1 1 12 11 1 1 12 11 1 16 1 1 12 11 15 3 3 1 7 1 7 1 1 12 10 15 1 12 18 1 1 1 1 1 12 11 1 1 1 12 10 1 1 1 1 1 1 12 11 1 1 1 12 10 1 1 12 11 1 1 1 12 11 1 100 1 12 9 1 1 12 10 1 100 1 12 11 1 100 1 12 11 1 1 12 11 10 1 1 1 1 12 11 1 1 1 12 11 1 12 10 1 12 11 15 18 1 1 12 10 1 100 1 12 10 1 1 1 1 1 1 1 12 11 10 1 12 10 1 1 1 1 1 1 12 11 10 1 1 1 12 11 1 1 12 10 1 1 1 1 12 11 1 1 12 10 1 1 12 11 1 10 1 1 1 1 1 1 12 11 1 1 12 10 1 1 1 12 11 1 1 7 12 11 1 1 1 1 12 11 1 1 1 1 1 12 11 1 1 1 12 11 1 12 11 15 1 12 18 1 1 1 1 12 11 1 1 7 1 12 10 1 7 1 12 9 1 1 1 1 1 12 11 1 1 12 11 1 1 1 1 1 1 1 12 11 1 1 12 11 1 1 1 1 12 10 1 1 1 10 1 1 1 1 1 12 11 1 1 12 10 1 1 1 1 12 11 1 1 1 1 1 12 11 1 1 1 12 11 12 11 1 1 1 1 12 11 1 1 100 1 12 10 1 100 1 1 12 10 1 12 10 1 1 1 1 1 1 1 1 1 1 12 11 1 1 12 10 1 1 1 1 1 12 11 1 1 100 1 12 9 1 100 1 12 9 1 12 10 1 12 10 1 1 12 10 1 1 1 12 11 1 1 1 1 1 12 11 1 1 1 12 11 1 11 1 1 1 1 12 9 16 1 12 11 15 16 3 1 12 18 1 12 10 1 7 1 12 9 12 10 1 1 1 100 1 1 1 1 12 11 1 8 1 1 1 1 1 1 1 1 1 1 1 12 11 1 1 12 10 12 11 12 11 1 1 1 100 1 1 12 10 15 1 12 18 1 1 1 1 1 1 1 1 1 1 1 1 1 100 1 8 1 1 12 10 1 1 1 8 1 1 1 8 1 1 1 8 1 1 1 8 1 1 1 8 1 1
ciInstanceKlass scala/runtime/BoxesRunTime 1 1 295 10 7 7 7 7 7 7 7 7 10 10 10 10 10 10 10 10 7 10 10 10 10 10 10 10 10 10 7 10 10 10 10 10 10 10 10 10 10 100 10 10 10 10 10 10 10 10 10 100 10 10 5 0 10 10 10 10 10 10 10 10 10 10 10 7 1 1 1 3 1 3 1 3 1 3 1 3 1 3 1 1 1 1 1 1 1 1 1 1 1 1 1 1 1 1 1 1 1 1 1 1 1 1 1 1 1 1 1 1 1 1 1 1 1 1 1 1 1 1 1 1 1 1 1 1 1 1 1 1 1 1 1 1 1 1 1 1 1 1 1 1 1 1 1 1 1 1 1 1 1 1 1 1 1 1 1 1 1 1 1 1 1 1 1 1 1 1 1 1 1 1 1 1 1 1 1 1 1 1 1 1 1 1 1 1 1 1 1 1 1 1 1 1 1 1 1 1 1 1 1 1 1 1 1 1 1 1 1 1 1 1 1 1 1 1 1 1 1 1 1 12 1 1 1 1 1 1 1 1 12 12 12 12 12 12 12 12 1 12 12 12 12 12 12 12 12 12 1 12 12 12 12 12 12 1 12 12 12 12 12 12 12 12 1 12 12 12 12 12 12 12 12 12 12 12 12 1 1 1 1 1 1 1 1 1 1 1 1 1 1 1 1 1 1
ciInstanceKlass scala/math/Ordered 1 1 71 1 7 1 1 100 1 100 1 1 1 1 1 1 1 1 1 1 100 1 1 12 9 12 10 1 1 1 1 1 1 1 1 1 12 11 1 1 1 12 11 1 1 1 12 11 1 1 12 11 1 1 12 11 1 1 1 12 11 1 1 1 1 1 1 1 1 1 1 1 1
ciInstanceKlass scala/collection/immutable/StringLike 1 1 695 1 7 1 1 7 1 100 1 100 1 1 1 1 1 100 1 100 1 1 7 1 100 1 100 1 1 1 1 1 1 1 1 1 1 12 11 1 1 1 7 1 1 12 11 1 7 1 12 10 1 1 1 1 1 12 11 10 1 1 1 12 11 1 1 1 1 1 1 12 11 1 1 7 1 1 12 9 1 7 1 12 9 1 1 12 10 1 12 10 12 11 1 100 1 1 12 11 1 100 1 1 12 10 1 1 12 10 1 1 12 11 1 1 1 1 1 1 1 1 12 11 1 7 1 12 10 1 1 12 10 10 1 1 1 1 1 1 1 1 1 1 12 11 1 12 10 1 1 1 1 1 12 11 1 1 1 12 11 1 1 1 1 1 1 12 11 1 1 12 10 1 1 12 11 1 16 1 1 12 11 15 16 3 3 1 7 1 7 1 1 12 10 15 1 12 18 1 7 1 1 12 11 1 1 12 11 1 12 11 15 18 1 1 12 11 1 8 1 7 1 12 9 1 12 10 1 1 12 10 1 1 12 10 1 12 10 1 1 1 100 1 1 1 1 12 11 1 1 12 10 12 10 1 1 1 12 11 1 12 10 1 1 1 1 1 1 12 11 1 1 12 10 1 1 1 1 1 12 11 1 7 1 12 10 1 1 12 11 15 1 16 1 12 18 1 1 12 11 10 1 1 12 11 1 1 1 100 12 10 1 8 1 12 10 1 1 1 1 1 12 11 12 11 1 12 10 1 1 1 12 11 1 100 1 1 12 10 10 1 8 11 1 12 11 1 1 12 11 1 8 1 1 1 1 1 1 1 1 1 1 1 1 12 11 1 7 1 12 9 1 12 11 1 1 1 1 1 7 1 12 10 1 1 1 1 12 11 1 12 11 1 1 1 1 12 11 1 100 1 1 12 10 1 1 1 1 12 11 1 100 1 1 12 10 1 1 12 11 1 7 1 12 10 1 1 1 1 12 11 1 7 1 1 12 10 1 1 1 1 12 11 1 100 1 1 12 10 1 1 1 1 12 11 1 7 1 1 12 10 1 1 12 10 1 8 1 1 12 10 1 8 1 100 3 1 8 1 8 10 1 8 1 1 1 1 1 12 11 1 1 1 1 1 7 1 12 10 1 1 1 1 1 12 11 1 1 1 12 11 15 3 1 12 18 1 7 1 12 9 1 1 12 10 1 7 1 12 11 1 7 1 7 1 12 9 1 1 12 10 11 1 7 1 12 10 1 1 1 1 1 12 11 1 1 1 12 11 15 18 1 12 10 1 1 100 10 10 1 1 12 10 1 1 1 1 1 3 12 11 1 1 100 1 1 12 10 12 11 1 1 15 1 100 1 1 12 10 15 1 12 18 1 1 1 1 1 1 1 1 1 1 1 1 1 1 100 1 8 1 1 12 10 1 1 1 8 1 1 1 8 1 1 8 1 1 1 8 1 1 1 8 1 1 1 8 1 1 8 1 1 8 1 1 8 1 1 1 8 1 1 1 8 1 1 1 8 1 1 1 8 1 1 1 8 1 1 1 8 1 1 1 8 1 1 1 8 1 1 8 1 1 8 1 1
ciInstanceKlass scala/collection/mutable/Map 1 1 237 1 7 1 1 100 1 100 1 100 1 100 1 1 1 1 1 100 1 100 1 1 7 1 1 1 1 1 100 1 1 12 9 12 10 1 1 1 1 1 12 11 1 1 10 1 1 1 12 11 1 1 1 1 1 12 11 1 1 1 1 12 10 1 1 1 1 12 11 1 1 1 16 1 1 12 11 15 3 3 1 7 1 7 1 1 12 10 15 1 1 12 18 1 1 1 1 1 1 1 100 1 1 12 10 15 1 12 18 1 1 1 1 1 1 1 1 1 1 1 1 100 1 8 1 1 12 10 1 1 1 100 1 8 10 1 1 1 8 1 1 1 8 1 1 1 8 1 1 1 8 1 1 1 8 1 1 1 8 1 1 1 8 1 1 1 8 1 1 1 8 1 1 1 8 1 1 8 1 1 8 1 1 8 1 1 8 1 1 1 8 1 1 1 8 1 1 8 1 1 1 8 1 1 8 1 1 1 8 1 1 8 1 1 8 1 1 1 8 1 1 1 8 1 1 8 1 1 1 8 1 1 8 1 1 8 1
ciInstanceKlass scala/collection/immutable/StringOps 1 1 1261 1 7 1 1 7 1 7 1 1 1 1 1 100 1 100 1 1 100 1 1 1 1 1 1 1 1 7 1 1 12 9 12 10 1 1 12 10 1 1 12 10 1 12 10 1 1 12 10 1 1 1 1 12 10 1 1 1 12 10 1 1 12 10 1 1 12 10 1 12 10 1 1 1 1 12 11 1 1 1 1 1 1 1 12 11 1 1 1 1 1 12 11 1 1 12 11 1 1 1 1 1 12 11 1 1 12 11 1 1 12 11 1 1 12 11 1 1 1 1 12 11 1 1 1 12 11 1 1 1 1 1 1 12 11 1 1 1 1 1 12 11 1 12 11 1 1 1 1 1 12 11 1 1 100 1 1 12 11 1 1 1 1 1 12 11 1 1 1 1 12 11 1 1 1 1 1 12 11 1 1 1 1 12 11 1 1 1 1 12 11 1 1 1 1 12 11 1 1 1 1 12 11 1 1 1 1 12 11 1 1 1 1 12 11 1 1 1 1 1 1 12 11 1 1 1 1 1 1 1 12 11 1 1 1 1 1 1 12 11 1 1 1 1 1 7 1 1 12 11 1 1 1 12 11 1 1 12 11 1 1 12 11 1 1 1 1 12 11 1 1 1 1 7 1 12 11 1 100 1 8 1 1 12 10 1 12 10 1 1 12 11 1 1 12 10 1 1 1 1 1 7 1 12 11 1 100 1 12 11 1 1 1 1 1 12 11 1 1 1 1 1 12 11 1 1 7 1 1 12 11 1 1 12 11 1 1 12 11 1 1 1 1 12 11 1 1 1 7 1 1 12 11 1 1 7 1 1 12 11 1 1 1 1 12 11 1 1 1 1 1 1 1 12 11 1 1 12 11 1 1 1 1 1 12 11 1 1 1 1 1 1 12 11 1 1 1 12 11 1 1 1 1 12 11 1 1 12 11 1 1 1 12 11 1 1 1 1 1 12 11 1 1 12 11 1 12 11 1 12 11 1 12 11 1 1 1 1 12 11 1 1 12 11 1 1 12 11 1 1 12 11 1 1 1 1 1 12 11 1 1 1 1 12 11 1 1 12 11 1 1 1 1 1 12 11 1 1 1 12 11 1 1 1 1 1 1 1 1 12 11 1 1 1 1 12 11 1 1 1 1 1 12 11 1 1 12 11 1 1 1 12 11 1 1 12 11 1 1 1 1 12 11 1 1 1 1 1 1 12 11 1 1 1 12 11 1 1 1 1 1 12 11 1 7 1 1 12 11 1 1 1 1 1 12 11 1 1 1 12 11 1 1 1 1 1 12 11 1 1 1 12 11 1 1 1 12 11 1 1 1 1 1 12 11 1 1 1 1 1 12 11 1 1 1 1 1 12 11 1 1 1 12 11 1 1 12 11 12 11 1 1 12 11 1 1 1 1 1 12 11 1 1 1 1 1 12 11 1 1 1 1 12 11 1 1 12 11 1 1 1 12 11 1 1 1 1 1 1 12 11 1 1 1 1 1 12 11 1 1 1 1 1 12 11 1 1 12 11 1 1 12 11 1 1 1 1 1 12 11 1 1 1 1 12 11 1 1 1 1 1 12 11 1 1 1 1 1 12 11 1 1 1 1 1 12 11 1 1 1 1 12 11 1 1 1 1 1 12 11 1 1 1 12 11 1 1 1 1 7 1 1 12 11 1 1 1 1 1 12 11 12 11 1 1 1 1 12 11 1 1 1 12 11 1 1 12 11 12 11 12 11 1 12 11 1 1 1 1 1 12 11 1 1 1 12 11 1 1 1 12 11 1 1 12 11 1 1 1 1 12 11 1 1 1 1 1 1 1 12 11 1 1 1 1 1 12 11 1 1 1 12 11 1 1 1 12 11 1 1 12 11 1 1 1 1 1 12 11 1 1 1 1 1 1 12 11 1 1 1 1 12 11 1 1 1 1 12 11 1 1 1 12 11 1 1 1 1 1 12 11 1 1 1 1 12 11 1 1 12 11 1 1 1 1 1 1 12 11 1 1 1 1 12 11 1 1 1 1 1 12 11 1 1 1 1 1 1 12 11 1 1 1 12 11 1 1 1 12 11 1 1 1 1 1 12 11 1 1 12 11 1 1 1 1 1 12 11 1 1 1 1 12 11 1 1 1 12 11 1 1 12 11 1 1 1 1 1 12 11 1 1 1 1 12 11 1 1 1 12 11 1 1 1 1 1 12 11 1 1 1 7 1 1 12 11 1 1 1 12 11 1 1 1 12 11 1 1 1 12 11 1 1 1 1 1 12 11 1 1 1 12 11 1 1 12 11 1 1 1 1 1 12 11 1 1 1 12 11 1 1 1 1 12 11 1 1 1 12 11 1 1 1 12 11 1 1 1 1 1 1 1 12 11 1 1 1 1 1 1 1 12 11 1 1 1 12 11 1 1 1 1 12 11 1 1 12 11 1 1 1 12 11 1 1 12 11 1 1 1 1 1 1 12 11 1 1 1 1 12 11 1 1 1 12 11 1 1 1 1 1 12 11 1 1 1 1 1 12 11 1 1 1 1 1 12 11 1 1 1 1 1 1 12 11 1 1 1 1 12 11 1 12 11 1 1 1 1 1 12 11 1 1 1 12 11 1 1 12 11 12 9 1 1 12 10 1 1 1 1 1 1 1 1 1 1 1 1 1 12 10 1 12 10 1 12 10 1 1 12 10 1 12 10 1 1 12 10 1 1 12 10 1 7 12 10 1 1 1 7 1 1 12 10 1 1 1 1 1 1 12 10 1 7 1 1 12 11 1 12 11 1 12 11 1 12 11 1 12 11 1 12 11 1 12 11 1 12 11 1 12 11 1 12 11 1 12 11 1 1 1 1 1 1 1 1 1 1 1 1 1
ciInstanceKlass scala/Predef$ 1 1 635 1 7 1 7 1 7 1 1 7 1 7 1 7 1 100 1 100 1 1 100 1 1 100 1 1 100 1 1 100 1 7 1 1 100 1 1 100 1 1 100 1 1 100 1 1 100 1 1 100 1 1 7 1 1 100 1 1 100 1 1 1 1 1 1 1 1 1 1 1 1 1 1 1 1 1 1 1 1 1 1 1 1 1 12 10 1 1 1 1 1 1 12 11 1 1 1 1 12 11 1 1 12 11 1 1 1 1 1 12 11 1 1 1 1 1 1 1 12 11 1 1 1 1 1 12 11 1 1 1 1 1 12 11 1 1 1 1 1 12 11 1 1 1 1 1 1 12 11 1 1 1 1 12 11 1 1 1 1 12 11 1 1 1 1 12 11 1 1 1 1 12 11 1 1 1 1 12 11 1 1 1 1 12 11 1 1 1 1 12 11 1 1 1 1 1 1 12 11 1 1 1 1 12 11 1 1 1 1 1 12 11 1 1 1 1 1 12 11 1 1 1 1 12 9 1 12 9 1 12 9 1 12 9 1 12 9 1 1 1 1 1 1 1 1 1 1 1 1 1 1 1 1 1 1 1 1 1 1 100 1 8 1 12 10 1 1 1 1 1 100 3 1 12 10 1 8 1 1 12 10 1 100 1 1 12 11 1 12 10 1 12 10 1 1 1 1 8 3 1 8 1 1 1 100 1 8 1 12 10 3 1 8 1 1 1 100 10 1 1 1 1 1 1 1 1 1 1 12 10 1 1 1 12 10 1 1 12 9 1 1 1 1 1 100 1 12 9 12 10 1 12 10 12 10 1 1 1 1 100 10 1 12 10 1 1 1 1 1 1 1 1 1 1 1 1 7 1 1 12 10 1 12 10 1 100 1 1 12 10 1 12 10 1 100 1 1 12 10 1 12 10 100 1 1 12 10 10 1 100 1 1 12 10 1 12 10 1 100 1 1 12 10 1 12 10 1 100 1 1 12 10 1 12 10 1 100 1 1 12 10 1 12 10 1 100 1 1 12 10 1 12 10 1 100 1 1 12 10 1 12 10 1 100 10 1 100 1 1 1 1 7 1 12 10 1 1 1 1 12 10 1 1 1 1 12 10 1 1 1 1 12 10 1 1 1 1 12 10 1 1 1 1 12 10 1 1 1 1 12 10 1 1 1 1 12 10 1 1 1 1 12 10 1 1 1 1 1 12 10 1 1 1 1 1 12 10 1 1 1 1 1 12 10 1 1 1 1 1 12 10 1 1 1 1 1 12 10 1 1 1 1 1 12 10 1 1 1 1 1 12 10 1 1 1 1 12 9 1 12 10 10 12 9 1 1 12 11 1 7 1 12 9 1 7 1 12 9 1 7 12 9 1 7 12 9 1 7 1 12 9 12 10 12 10 1 7 12 9 10 10 10 12 9 1 1 1 1 1 1 1 1 1 1 1
ciInstanceKlass scala/collection/mutable/StringBuilder 1 1 995 1 7 1 1 7 1 100 1 7 1 7 1 100 1 100 1 1 1 1 1 100 1 1 1 5 0 1 1 1 1 1 1 7 1 1 12 11 1 1 1 1 1 1 1 12 11 1 1 1 1 1 12 11 1 1 1 1 1 1 12 11 1 1 1 1 1 1 12 11 1 1 1 1 1 1 1 7 1 1 12 11 1 1 1 1 1 1 1 1 12 11 1 1 1 1 1 1 1 12 11 1 1 1 1 1 12 11 1 1 1 1 1 12 11 1 1 1 1 1 12 11 1 1 1 1 1 12 11 1 1 12 11 1 1 12 11 1 1 12 11 1 1 1 1 1 12 11 1 1 1 12 11 1 1 1 1 1 1 12 11 1 1 1 1 1 12 11 1 12 11 1 1 1 1 1 12 11 1 1 100 1 1 12 11 1 1 1 1 1 12 11 1 1 1 1 12 11 1 1 1 1 12 11 1 1 1 1 12 11 1 1 1 1 12 11 1 1 1 1 12 11 1 1 1 1 12 11 1 1 1 1 12 11 1 1 1 1 12 11 1 1 1 1 1 1 12 11 1 1 1 1 1 1 1 12 11 1 1 1 1 1 1 12 11 1 1 1 1 1 7 1 1 12 11 1 1 12 11 1 1 12 11 1 1 12 11 1 1 1 1 12 11 1 1 1 1 100 1 12 11 1 100 1 8 1 1 12 10 1 12 10 1 1 12 11 1 1 12 10 1 1 1 1 1 100 1 12 11 1 100 1 12 11 1 1 1 1 1 12 11 1 1 1 1 1 12 11 1 1 100 1 1 12 11 1 1 12 11 1 1 12 11 1 1 1 1 12 11 1 1 1 100 1 1 12 11 1 1 1 7 1 1 12 11 1 1 1 1 1 1 12 11 1 1 12 11 1 1 1 1 1 12 11 1 1 1 1 1 1 12 11 1 1 1 12 11 1 1 1 1 12 11 1 1 12 11 1 1 1 12 11 1 1 1 1 1 12 11 1 1 12 11 1 12 11 1 12 11 1 12 11 1 1 1 1 12 11 1 1 12 11 1 1 12 11 1 1 12 11 1 1 1 1 1 12 11 1 1 1 1 12 11 1 1 12 11 1 1 1 1 1 12 11 1 1 1 12 11 1 1 1 1 1 1 1 12 11 1 1 1 1 12 11 1 1 1 1 1 12 11 1 1 12 11 1 1 1 12 11 1 1 1 1 12 11 1 1 1 1 1 1 12 11 1 1 1 12 11 1 1 1 1 1 12 11 1 1 1 1 1 12 11 1 1 1 1 1 12 11 1 1 1 1 7 1 1 12 11 1 1 1 1 1 12 11 1 1 1 12 11 1 1 7 1 1 12 11 1 1 12 11 1 1 1 1 1 12 11 1 1 12 11 1 1 12 11 1 12 11 1 12 9 1 1 1 1 1 1 1 100 1 12 10 1 12 10 1 1 12 10 12 10 1 7 1 1 12 10 1 10 1 1 12 10 1 10 1 12 10 1 1 12 10 1 1 1 12 10 1 1 1 1 12 10 1 1 1 12 10 1 1 1 10 1 1 12 10 10 1 1 1 1 1 12 10 1 1 1 12 10 1 1 12 10 1 1 7 1 1 12 10 1 1 12 10 1 1 1 100 1 1 12 9 1 1 12 10 12 11 100 1 12 10 1 12 10 1 1 12 10 1 1 12 10 1 1 12 10 1 1 1 12 10 1 1 12 10 1 1 12 10 1 1 1 12 10 1 1 12 10 1 1 1 12 10 1 1 1 1 12 10 1 1 1 1 12 10 1 1 12 10 1 12 10 1 1 1 12 10 1 12 10 1 1 12 10 1 12 10 1 12 10 1 1 12 10 1 1 12 10 1 1 12 10 1 12 10 1 12 10 1 1 12 10 1 12 10 12 10 1 1 12 10 12 10 1 12 10 1 1 1 12 10 1 10 1 1 1 1 12 10 1 1 1 1 12 11 1 1 1 12 10 1 1 7 1 12 10 1 12 10 1 1 1 12 10 1 12 10 1 1 1 12 10 1 1 1 12 10 1 1 1 1 12 10 12 10 12 10 12 10 1 1 1 1 12 10 1 1 1 12 10 1 1 12 10 1 1 12 10 1 12 10 1 12 10 1 1 1 12 10 10 1 1 12 11 1 7 1 12 11 1 12 11 1 12 11 1 12 11 1 12 11 1 12 11 12 11 1 12 11 1 1 1 10 12 10 1 8 12 10 1 1 1 1 1 1 1 1 1 1 1 1 1
ciInstanceKlass scala/collection/immutable/StringLike$$anon$1 1 1 110 1 7 1 1 7 1 1 7 1 1 12 1 1 1 1 1 1 1 1 12 9 1 1 1 12 9 12 9 1 1 1 1 1 12 10 12 10 1 1 100 1 8 1 1 12 10 12 9 1 1 12 11 1 1 12 11 12 10 12 10 1 7 1 1 12 9 1 7 1 12 9 1 1 12 10 1 7 1 1 12 10 1 1 1 12 10 1 1 12 10 1 7 1 12 11 1 12 10 1 1 1 1 1 1 1 1 1 1 1
ciInstanceKlass scala/collection/immutable/StringLike$$Lambda$228+0x000001ecde2537a0 1 1 56 1 7 1 7 1 100 1 100 1 1 1 1 1 1 1 12 10 12 9 12 9 1 1 1 7 1 7 1 1 12 11 1 1 1 1 100 8 8 8 3 8 8 8 8 1 100 1 1 12 10 1 12 10 1 1
ciInstanceKlass scala/Predef$ArrowAssoc$ 1 1 65 1 7 1 7 1 1 100 1 100 1 1 1 1 1 1 1 12 10 1 1 1 1 1 1 7 1 12 10 1 1 1 1 1 1 1 1 12 10 1 1 1 1 1 1 12 10 1 100 1 12 10 10 12 9 1 1 1 1 1 1 1 1 1 1
ciInstanceKlass org/apache/spark/sql/catalyst/expressions/codegen/CodegenContext 1 1 2264 1 7 1 7 1 7 1 1 1 1 1 100 1 100 1 1 7 1 7 1 1 7 1 1 100 1 100 1 1 7 1 1 100 1 100 1 1 7 1 100 1 1 1 1 1 1 1 1 1 1 1 1 1 1 1 1 1 1 1 1 1 1 1 1 1 1 1 1 1 1 1 1 1 1 1 1 1 1 1 1 1 1 1 1 1 1 1 1 1 1 12 11 1 1 1 1 1 1 12 11 1 1 1 1 1 1 12 11 1 1 1 12 11 1 1 12 11 1 1 12 11 1 1 12 11 1 1 1 1 12 11 1 12 11 12 11 12 11 12 11 1 1 1 1 12 11 1 1 1 1 1 12 11 1 1 1 1 12 11 1 1 12 11 1 1 1 1 12 11 12 9 1 1 1 1 1 12 9 1 1 1 1 1 12 10 1 7 1 1 12 10 1 1 12 10 1 7 1 1 12 9 1 1 12 10 1 16 1 1 12 10 15 16 3 3 1 7 1 7 1 1 12 10 15 1 12 18 1 7 1 1 12 10 1 7 1 7 3 1 1 12 10 1 8 1 1 12 10 1 8 1 12 10 1 8 1 8 1 12 10 1 1 1 1 1 12 9 1 1 1 1 12 9 1 1 1 1 12 9 1 1 12 9 1 12 9 1 1 12 9 1 12 9 1 1 1 1 1 1 1 1 1 7 1 12 9 1 1 12 10 12 10 1 8 1 1 12 10 1 1 12 10 1 7 1 12 11 1 7 1 12 10 12 10 12 10 1 7 1 12 10 12 10 1 1 12 10 15 1 16 1 12 18 1 7 1 1 12 11 1 12 10 1 1 1 1 1 1 1 1 1 1 16 1 12 10 15 16 12 18 1 1 1 1 1 12 10 1 12 11 1 12 10 12 10 1 12 11 12 10 1 12 10 1 12 10 1 100 1 12 10 1 7 1 12 9 1 1 12 10 1 1 12 10 15 1 12 18 1 1 12 10 1 12 10 15 1 12 18 1 1 1 1 1 1 1 1 1 1 12 10 15 18 1 1 1 1 12 10 12 10 12 10 12 10 1 100 1 12 9 1 1 12 10 1 100 1 12 9 1 12 9 1 7 1 12 9 1 7 1 8 1 8 1 8 1 7 1 1 12 10 12 10 1 1 12 10 1 1 12 10 1 1 12 10 1 100 1 100 1 100 1 8 1 8 1 7 1 7 1 12 9 1 7 1 12 9 1 1 12 10 1 12 10 1 1 1 1 1 100 1 1 12 10 1 7 1 1 12 10 15 16 18 1 7 1 12 9 1 1 12 10 1 1 12 11 1 1 12 10 15 16 18 1 7 1 12 9 10 1 12 11 1 7 1 1 12 10 1 8 1 7 1 12 11 1 1 1 1 1 12 10 15 18 1 12 10 1 8 1 7 1 12 9 1 12 10 1 12 10 1 12 10 1 1 12 10 1 12 9 1 1 12 10 1 10 1 12 9 1 1 12 9 1 1 1 12 9 12 9 1 1 12 9 1 12 9 1 12 9 1 12 9 1 12 10 12 10 1 7 1 12 10 11 1 7 1 1 12 10 1 1 1 1 1 1 1 12 9 1 12 10 1 1 12 10 1 12 10 1 1 12 10 1 12 11 12 10 1 7 1 12 9 1 12 10 1 1 1 1 1 1 1 12 10 1 7 1 12 10 1 1 12 10 1 12 10 1 7 1 12 9 1 7 12 10 1 8 1 100 1 12 9 1 1 12 10 1 1 1 12 10 12 10 3 1 8 1 8 12 10 12 10 1 1 12 10 1 12 10 10 1 10 1 7 11 1 1 7 1 1 12 11 1 1 12 10 15 1 16 1 12 18 1 1 12 10 1 12 10 15 18 1 7 1 12 9 10 1 1 12 10 15 1 16 18 1 1 12 11 1 12 10 15 18 1 7 1 12 9 10 1 7 11 1 7 1 12 11 11 1 7 11 1 1 1 1 1 12 10 10 1 12 10 1 1 12 9 12 9 1 1 12 9 1 12 10 1 8 12 10 16 1 12 10 15 3 1 1 12 18 1 7 12 10 10 1 1 1 1 1 1 12 10 1 1 1 12 10 1 1 1 1 1 1 7 1 12 9 3 1 8 1 8 1 8 1 7 1 12 9 3 1 8 1 8 1 8 1 8 1 7 1 12 9 3 1 8 1 8 1 12 10 3 1 100 3 1 8 3 1 12 10 1 8 1 100 1 12 10 12 10 1 100 1 12 9 1 8 1 8 1 1 12 10 1 7 1 12 9 1 8 1 8 1 8 1 7 1 7 1 12 9 1 1 12 10 1 7 1 12 10 1 12 10 12 10 1 8 1 12 10 3 1 8 3 1 8 1 8 1 8 1 8 1 8 3 1 8 1 8 1 12 10 1 8 1 8 1 8 1 8 1 8 1 8 3 1 8 1 8 1 8 1 8 1 8 1 8 1 8 1 8 1 8 1 8 1 8 1 8 1 8 1 1 12 10 1 8 1 8 1 8 1 8 12 10 12 10 1 100 1 12 9 1 1 12 10 1 8 3 1 8 1 8 3 1 8 1 8 1 1 1 1 1 8 1 8 1 8 1 8 3 1 8 1 1 1 1 3 1 8 1 1 12 10 1 12 10 1 8 1 8 1 7 1 12 9 12 10 1 1 12 10 12 10 1 8 1 8 1 8 1 12 10 1 1 1 1 1 1 3 1 8 1 8 1 8 1 1 1 1 8 3 1 8 1 8 1 8 1 8 1 8 1 8 1 8 1 8 1 8 1 1 1 1 1 1 1 12 10 12 10 1 7 11 1 8 1 7 1 12 9 10 1 1 12 11 1 1 1 12 10 11 11 1 7 1 12 9 1 12 10 1 12 10 15 18 1 1 12 11 1 12 10 15 18 11 1 1 12 11 1 1 12 10 15 1 16 1 12 18 1 1 12 10 15 16 18 1 1 12 11 1 12 10 15 18 1 1 12 10 15 1 16 1 12 18 1 1 12 10 11 1 1 1 1 1 1 1 1 1 1 8 1 1 1 1 8 1 1 12 10 15 18 1 1 1 1 12 10 15 16 18 1 12 10 15 18 1 12 10 15 18 1 1 12 10 1 7 10 1 7 1 1 12 10 1 7 1 12 9 1 12 10 1 7 1 12 10 1 1 12 10 15 1 12 18 10 1 1 1 1 1 1 7 1 12 9 1 12 10 1 1 12 10 15 1 16 1 12 18 1 12 10 15 18 1 12 10 15 18 1 1 12 10 15 1 16 1 12 18 1 7 10 1 1 1 1 1 12 10 10 12 10 1 8 1 7 1 12 10 1 1 1 1 1 12 10 12 10 1 7 12 11 1 1 1 1 1 1 1 1 12 10 15 1 16 1 12 18 11 1 1 1 1 7 1 7 1 12 9 1 12 10 12 10 1 7 1 12 9 12 10 1 1 12 10 15 1 16 1 12 18 1 12 10 1 12 10 1 1 12 10 15 1 16 1 12 18 1 1 12 10 15 1 16 18 1 7 1 1 12 10 1 12 11 1 12 10 15 18 1 12 9 1 1 12 11 1 1 12 10 15 16 18 1 7 1 16 1 12 10 15 1 1 12 18 1 1 12 11 1 1 12 10 15 1 16 1 12 18 11 3 1 8 1 100 10 1 12 10 15 18 12 10 1 7 1 1 12 10 1 1 12 11 1 12 10 1 1 1 1 1 1 1 1 1 1 1 1 1 1 1 12 10 15 18 12 10 1 12 10 15 18 1 1 1 1 1 1 12 10 15 16 18 12 10 1 1 12 10 15 1 16 18 1 1 1 1 1 12 10 1 1 1 1 1 1 1 12 10 12 10 1 8 1 8 1 8 1 1 12 10 1 1 12 10 1 12 10 1 8 1 8 1 8 12 10 1 8 1 12 10 1 8 1 8 1 7 1 12 9 1 1 1 1 10 1 1 12 10 1 1 12 10 1 1 1 3 1 8 1 8 3 1 8 1 8 1 1 8 1 1 1 1 1 1 1 1 12 10 1 12 10 3 1 8 1 1 12 10 3 1 8 1 8 1 8 1 8 3 1 8 1 1 1 1 1 12 10 1 12 10 10 12 10 15 1 12 18 1 1 1 1 1 1 8 1 1 1 3 1 8 1 8 11 11 1 8 1 1 3 1 8 1 8 1 1 10 12 10 15 18 1 7 1 1 12 9 1 1 1 1 1 3 1 8 1 8 1 8 1 1 1 1 1 1 3 1 1 12 10 1 1 8 11 1 1 1 1 1 1 1 1 12 9 1 12 10 1 12 10 1 7 1 12 9 1 12 10 1 1 12 10 15 16 1 12 18 10 1 100 11 1 1 12 10 1 1 1 1 1 1 1 1 1 1 1 1 1 12 11 11 12 10 15 18 3 1 8 1 8 1 8 12 10 15 1 12 18 1 1 1 1 1 1 7 1 12 10 12 10 1 1 12 10 1 12 10 1 1 12 10 1 1 1 1 1 1 1 12 10 1 1 12 10 1 1 1 1 1 1 7 1 12 10 1 7 11 1 1 1 1 1 1 7 1 1 12 10 1 1 12 10 15 1 12 18 10 1 7 1 12 9 1 12 10 10 1 1 12 10 15 1 12 18 12 10 1 12 10 1 1 12 10 1 7 11 1 1 1 1 1 11 1 1 1 1 12 10 1 1 12 10 1 1 1 1 1 1 1 7 12 10 12 10 1 1 1 1 1 10 1 1 1 12 10 15 1 12 18 12 10 1 8 1 7 1 12 9 1 8 1 8 1 1 12 10 1 7 1 8 1 12 11 12 10 15 16 18 3 1 8 1 8 1 8 1 8 1 1 12 10 15 1 12 18 12 10 15 18 1 8 1 1 1 1 1 1 1 1 1 1 1 1 3 1 8 1 8 1 8 1 8 1 8 1 12 10 1 1 12 11 1 1 1 1 12 10 10 1 1 12 11 1 7 1 12 9 12 10 1 1 12 10 1 7 12 10 1 8 1 12 10 1 12 10 10 12 10 1 1 12 10 12 10 12 10 12 10 12 10 12 10 12 10 12 10 12 10 12 10 12 10 12 10 12 10 1 1 1 100 1 1 12 10 15 1 12 18 1 1 1 1 1 1 1 1 1 1 1 1
ciInstanceKlass org/apache/spark/sql/catalyst/expressions/codegen/CodegenContext$$Lambda$2780+0x000001ecdedaa128 1 1 39 1 7 1 7 1 100 1 100 1 1 12 10 1 1 1 7 1 7 1 1 12 10 1 1 1 100 8 8 8 3 8 8 8 1 12 10 1 1
ciInstanceKlass org/apache/spark/sql/catalyst/expressions/codegen/NewFunctionSpec 1 1 141 1 7 1 7 1 7 1 100 1 1 1 1 1 1 1 1 1 1 1 1 1 1 1 100 1 1 12 9 12 10 1 1 1 12 10 1 1 1 12 10 1 1 12 10 1 12 9 1 1 1 1 12 9 12 9 1 1 1 12 10 1 12 10 1 12 10 1 12 10 1 1 8 1 1 1 1 1 1 100 1 100 1 1 12 10 1 12 10 1 1 1 1 1 100 1 12 9 1 1 12 10 1 1 1 1 1 1 12 10 1 1 12 10 1 12 10 12 10 1 100 1 100 1 1 12 10 1 1 12 11 1 1 1 1 1 1 1 1 1 1
ciInstanceKlass org/apache/spark/sql/catalyst/expressions/codegen/CodegenContext$$Lambda$2913+0x000001ecdee12dd8 1 1 39 1 7 1 7 1 100 1 100 1 1 12 10 1 1 1 7 1 7 1 1 12 10 1 1 1 100 8 8 8 3 8 8 8 1 12 10 1 1
ciMethodData java/lang/Object <init> ()V 2 6167226 orig 80 1 0 0 0 0 0 0 0 0 0 0 0 0 0 0 0 0 0 0 0 0 0 0 0 0 0 0 0 0 0 0 0 0 0 0 0 0 0 0 0 0 0 0 0 0 0 0 0 0 0 0 0 0 0 0 0 0 0 0 0 0 0 0 0 0 0 0 0 0 0 0 0 0 0 0 0 0 0 0 0 data 4 0x0 0x9 0x1 0x0 oops 0 methods 0
ciMethodData java/lang/String coder ()B 2 1481172 orig 80 0 0 0 0 0 0 0 0 0 0 0 0 236 1 0 0 0 0 0 0 0 0 0 0 0 0 0 0 0 0 0 0 0 0 0 0 0 0 0 0 0 0 0 0 0 0 0 0 0 0 0 0 0 0 0 0 0 0 0 0 0 0 0 0 0 0 0 0 0 0 0 0 0 0 0 0 0 0 0 0 data 14 0x30007 0x0 0x38 0x1698a3 0xa0003 0x1698aa 0x18 0x0 0x0 0x0 0x0 0x9 0x1 0x0 oops 0 methods 0
ciMethodData java/lang/String length ()I 2 1275657 orig 80 0 0 0 0 0 0 0 0 0 0 0 0 236 1 0 0 0 0 0 0 0 0 0 0 0 0 0 0 0 0 0 0 0 0 0 0 0 0 0 0 0 0 0 0 0 0 0 0 0 0 0 0 0 0 0 0 0 0 0 0 0 0 0 0 0 0 0 0 0 0 0 0 0 0 0 0 0 0 0 0 data 16 0x60005 0x13760f 0x0 0x0 0x0 0x0 0x0 0x0 0x0 0x0 0x0 0x0 0x0 0x9 0x1 0x0 oops 0 methods 0
ciMethodData java/lang/String <init> ([BB)V 2 58249 orig 80 0 0 0 0 0 0 0 0 0 0 0 0 236 1 0 0 0 0 0 0 0 0 0 0 0 0 0 0 0 0 0 0 0 0 0 0 0 0 0 0 0 0 0 0 0 0 0 0 0 0 0 0 0 0 0 0 0 0 0 0 0 0 0 0 0 0 0 0 0 0 0 0 0 0 0 0 0 0 0 0 data 11 0x10002 0xe28a 0x0 0x0 0x0 0x0 0x9 0x3 0xc 0x0 0x0 oops 0 methods 0
ciMethodData java/lang/AbstractStringBuilder ensureCapacityInternal (I)V 2 5559 orig 80 0 0 0 0 0 0 0 0 0 0 0 0 236 1 0 0 0 0 0 0 0 0 0 0 0 0 0 0 0 0 0 0 0 0 0 0 0 0 0 0 0 0 0 0 0 0 0 0 0 0 0 0 0 0 0 0 0 0 0 0 0 0 0 0 0 0 0 0 0 0 0 0 0 0 0 0 0 0 0 0 data 23 0xe0007 0x1364 0x68 0x152 0x180005 0x152 0x0 0x0 0x0 0x0 0x0 0x200002 0x152 0x0 0x0 0x0 0x0 0x0 0x0 0x9 0x2 0xc 0x0 oops 0 methods 0
ciMethodData java/lang/AbstractStringBuilder newCapacity (I)I 1 463 orig 80 0 0 0 0 0 0 0 0 0 0 0 0 236 1 0 0 0 0 0 0 0 0 0 0 0 0 0 0 0 0 0 0 0 0 0 0 0 0 0 0 0 0 0 0 0 0 0 0 0 0 0 0 0 0 0 0 0 0 0 0 0 0 0 0 0 0 0 0 0 0 0 0 0 0 0 0 0 0 0 0 data 18 0x1d0002 0x152 0x260007 0x152 0x30 0x0 0x2f0002 0x0 0x0 0x0 0x0 0x0 0x0 0x0 0x9 0x2 0x0 0x0 oops 0 methods 0
ciMethodData java/util/Arrays copyOf ([BI)[B 2 6276 orig 80 0 0 0 0 0 0 0 0 0 0 0 0 236 1 0 0 0 0 0 0 0 0 0 0 0 0 0 0 0 0 0 0 0 0 0 0 0 0 0 0 0 0 0 0 0 0 0 0 0 0 0 0 0 0 0 0 0 0 0 0 0 0 0 0 0 0 0 0 0 0 0 0 0 0 0 0 0 0 0 0 data 14 0xb0002 0x1805 0xe0002 0x1805 0x0 0x0 0x0 0x0 0x0 0x0 0x9 0x2 0xffffffffffffffff 0x0 oops 0 methods 0
ciMethodData java/lang/StringLatin1 newString ([BII)Ljava/lang/String; 2 10509 orig 80 1 0 0 0 0 0 0 0 0 0 0 0 236 1 0 0 0 0 0 0 0 0 0 0 0 0 0 0 0 0 0 0 0 0 0 0 0 0 0 1 0 0 0 0 0 0 0 0 0 0 0 0 0 0 0 0 0 0 0 0 0 0 0 0 0 0 0 0 0 0 0 0 0 0 0 0 0 0 0 0 data 19 0x8000000600010007 0x27ee 0x20 0x1f 0x100002 0x27ee 0x140002 0x27ee 0x0 0x0 0x0 0x0 0x0 0x0 0x9 0x3 0xffffffffffffffff 0x0 0x0 oops 0 methods 0
ciMethodData java/util/Arrays copyOfRange ([BII)[B 2 6161 orig 80 0 0 0 0 0 0 0 0 0 0 0 0 236 1 0 0 0 0 0 0 0 0 0 0 0 0 0 0 0 0 0 0 0 0 0 0 0 0 0 0 0 0 0 0 0 0 0 0 0 0 0 0 0 0 0 0 0 0 0 0 0 0 0 0 0 0 0 0 0 0 0 0 0 0 0 0 0 0 0 0 data 51 0x50007 0x1710 0x120 0x0 0x100002 0x0 0x140005 0x0 0x0 0x0 0x0 0x0 0x0 0x1a0005 0x0 0x0 0x0 0x0 0x0 0x0 0x1e0005 0x0 0x0 0x0 0x0 0x0 0x0 0x210005 0x0 0x0 0x0 0x0 0x0 0x0 0x240002 0x0 0x370002 0x1710 0x3a0002 0x1710 0x0 0x0 0x0 0x0 0x0 0x0 0x9 0x3 0xffffffffffffffff 0x0 0x0 oops 0 methods 0
ciMethodData java/lang/AbstractStringBuilder <init> (I)V 2 5259 orig 80 0 0 0 0 0 0 0 0 0 0 0 0 236 1 0 0 0 0 0 0 0 0 0 0 0 0 0 0 0 0 0 0 0 0 0 0 0 0 0 0 0 0 0 0 0 0 0 0 0 0 0 0 0 0 0 0 0 0 0 0 0 0 0 0 0 0 0 0 0 0 0 0 0 0 0 0 0 0 0 0 data 21 0x10002 0x140b 0x70007 0x0 0x38 0x140b 0x160003 0x140b 0x28 0x1b0002 0x0 0x0 0x0 0x0 0x0 0x0 0x0 0x9 0x2 0xc 0x0 oops 0 methods 0
ciMethodData java/lang/StringBuilder append (Ljava/lang/String;)Ljava/lang/StringBuilder; 2 1675765 orig 80 2 0 0 0 0 0 0 0 0 0 0 0 236 1 0 0 0 0 0 0 0 0 0 0 0 0 0 0 0 0 0 0 0 0 0 0 0 0 0 0 0 0 0 0 0 0 0 0 0 0 0 0 0 0 0 0 0 0 0 0 0 0 0 0 0 0 0 0 0 0 0 0 0 0 0 0 0 0 0 0 data 9 0x20002 0x199178 0x0 0x0 0x0 0x9 0x2 0xffffffffffffffff 0xffffffffffffffff oops 0 methods 0
ciMethodData java/lang/AbstractStringBuilder append (Ljava/lang/String;)Ljava/lang/AbstractStringBuilder; 2 18720 orig 80 2 0 0 0 0 0 0 0 0 0 0 0 236 1 0 0 0 0 0 0 0 0 0 0 0 0 0 0 0 0 0 0 0 0 0 0 0 0 0 2 0 0 0 0 0 0 0 0 0 0 0 0 0 0 0 0 0 0 0 0 0 0 0 0 0 0 0 0 0 0 0 0 0 0 0 0 0 0 0 0 data 42 0x8000000600010007 0x480e 0x58 0x17 0x50005 0x17 0x0 0x0 0x0 0x0 0x0 0xa0005 0x480e 0x0 0x0 0x0 0x0 0x0 0x150005 0x480e 0x0 0x0 0x0 0x0 0x0 0x1e0005 0x480e 0x0 0x0 0x0 0x0 0x0 0x0 0x0 0x0 0x0 0x0 0x0 0x9 0x2 0xffffffffffffffff 0xffffffffffffffff oops 0 methods 0
ciMethodData java/lang/StringBuilder toString ()Ljava/lang/String; 2 465810 orig 80 1 0 0 0 0 0 0 0 0 0 0 0 236 1 0 0 0 0 0 0 0 0 0 0 0 0 0 0 0 0 0 0 0 0 0 0 0 0 0 0 0 0 0 0 0 0 0 0 0 0 0 0 0 0 0 0 0 0 0 0 0 0 0 0 0 0 0 0 0 0 0 0 0 0 0 0 0 0 0 0 data 27 0x10005 0x71b35 0x0 0x0 0x0 0x0 0x0 0x40007 0x64d 0x48 0x714f7 0x100002 0x71503 0x130003 0x7154b 0x28 0x1f0002 0x64d 0x0 0x0 0x0 0x0 0x0 0x0 0x9 0x1 0x0 oops 0 methods 0
ciMethodData java/lang/AbstractStringBuilder isLatin1 ()Z 2 506587 orig 80 1 0 0 0 1 0 0 0 0 0 0 0 236 1 0 0 0 0 0 0 0 0 0 0 0 0 0 0 0 0 0 0 0 0 0 0 0 0 0 3 0 0 0 0 0 0 0 0 0 0 0 0 0 0 0 0 0 0 0 0 0 0 0 0 0 0 0 0 0 0 0 0 0 0 0 0 0 0 0 0 data 18 0x30007 0x0 0x58 0x7ba58 0x80000006000a0007 0xb58 0x38 0x7af0e 0xe0003 0x7af13 0x18 0x0 0x0 0x0 0x0 0x9 0x1 0x0 oops 0 methods 0
ciMethodData java/lang/StringUTF16 newString ([BII)Ljava/lang/String; 2 1613 orig 80 0 0 0 0 0 0 0 0 0 0 0 0 236 1 0 0 0 0 0 0 0 0 0 0 0 0 0 0 0 0 0 0 0 0 0 0 0 0 0 0 0 0 0 0 0 0 0 0 0 0 0 0 0 0 0 0 0 0 0 0 0 0 0 0 0 0 0 0 0 0 0 0 0 0 0 0 0 0 0 0 data 31 0x10007 0x609 0x20 0x44 0xb0007 0x0 0x60 0x609 0x110002 0x609 0x160007 0x11 0x30 0x5f8 0x1f0002 0x5f8 0x320002 0x11 0x360002 0x11 0x0 0x0 0x0 0x0 0x0 0x0 0x9 0x3 0xffffffffffffffff 0x0 0x0 oops 0 methods 0
ciMethodData java/lang/AbstractStringBuilder putStringAt (ILjava/lang/String;)V 2 13569 orig 80 1 0 0 0 0 0 0 0 0 0 0 0 236 1 0 0 0 0 0 0 0 0 0 0 0 0 0 0 0 0 0 0 0 0 0 0 0 0 0 0 0 0 0 0 0 0 0 0 0 0 0 0 0 0 0 0 0 0 0 0 0 0 0 0 0 0 0 0 0 0 0 0 0 0 0 0 0 0 0 0 data 25 0x50005 0x3400 0x0 0x0 0x0 0x0 0x0 0x80005 0x3400 0x0 0x0 0x0 0x0 0x0 0x0 0x0 0x0 0x0 0x0 0x0 0x9 0x3 0xffffffffffffffff 0x0 0xffffffffffffffff oops 0 methods 0
ciMethodData java/lang/AbstractStringBuilder putStringAt (ILjava/lang/String;II)V 2 6436 orig 80 0 0 0 0 0 0 0 0 0 0 0 0 236 1 0 0 0 0 0 0 0 0 0 0 0 0 0 0 0 0 0 0 0 0 0 0 0 0 0 4 0 0 0 0 0 0 0 0 0 0 0 0 0 0 0 0 0 0 0 0 0 0 0 0 0 0 0 0 0 0 0 0 0 0 0 0 0 0 0 0 data 45 0x10005 0x1823 0x0 0x0 0x0 0x0 0x0 0x50005 0x1823 0x0 0x0 0x0 0x0 0x0 0x8000000600080007 0x1823 0x58 0x4 0xc0005 0x4 0x0 0x0 0x0 0x0 0x0 0x1e0005 0x1827 0x0 0x0 0x0 0x0 0x0 0x0 0x0 0x0 0x0 0x0 0x0 0x9 0x5 0xffffffffffffffff 0x0 0xffffffffffffffff 0x0 0x0 oops 0 methods 0
ciMethodData java/lang/AbstractStringBuilder getCoder ()B 2 23364 orig 80 0 0 0 0 0 0 0 0 0 0 0 0 236 1 0 0 0 0 0 0 0 0 0 0 0 0 0 0 0 0 0 0 0 0 0 0 0 0 0 0 0 0 0 0 0 0 0 0 0 0 0 0 0 0 0 0 0 0 0 0 0 0 0 0 0 0 0 0 0 0 0 0 0 0 0 0 0 0 0 0 data 14 0x30007 0x0 0x38 0x5a45 0xa0003 0x5a45 0x18 0x0 0x0 0x0 0x0 0x9 0x1 0x0 oops 0 methods 0
ciMethodData java/lang/AbstractStringBuilder inflate ()V 1 265 orig 80 0 0 0 0 0 0 0 0 0 0 0 0 236 1 0 0 0 0 0 0 0 0 0 0 0 0 0 0 0 0 0 0 0 0 0 0 0 0 0 0 0 0 0 0 0 0 0 0 0 0 0 0 0 0 0 0 0 0 0 0 0 0 0 0 0 0 0 0 0 0 0 0 0 0 0 0 0 0 0 0 data 24 0x10005 0x109 0x0 0x0 0x0 0x0 0x0 0x40007 0xd7 0x20 0x32 0xd0002 0xd7 0x1c0002 0xd7 0x0 0x0 0x0 0x0 0x0 0x0 0x9 0x1 0xc oops 0 methods 0
ciMethodData java/lang/String getBytes ([BIIBI)V 2 12749 orig 80 1 0 0 0 0 0 0 0 0 0 0 0 236 1 0 0 0 0 0 0 0 0 0 0 0 0 0 0 0 0 0 0 0 0 0 0 0 0 0 1 0 0 0 0 0 0 0 0 0 0 0 0 0 0 0 0 0 0 0 0 0 0 0 0 0 0 0 0 0 0 0 0 0 0 0 0 0 0 0 0 data 32 0x10005 0x30cc 0x0 0x0 0x0 0x0 0x0 0x8000000600060007 0x2 0x48 0x30cd 0x1b0002 0x30cd 0x1e0003 0x30cc 0x28 0x2a0002 0x2 0x0 0x0 0x0 0x0 0x0 0x0 0x9 0x6 0x0 0xffffffffffffffff 0x0 0x0 0x0 0x0 oops 0 methods 0
ciMethodData java/lang/AbstractStringBuilder appendNull ()Ljava/lang/AbstractStringBuilder; 1 252 orig 80 0 0 0 0 0 0 0 0 0 0 0 0 236 1 0 0 0 0 0 0 0 0 0 0 0 0 0 0 0 0 0 0 0 0 0 0 0 0 0 0 0 0 0 0 0 0 0 0 0 0 0 0 0 0 0 0 0 0 0 0 0 0 0 0 0 0 0 0 0 0 0 0 0 0 0 0 0 0 0 0 data 32 0x70005 0xfc 0x0 0x0 0x0 0x0 0x0 0x150005 0xfc 0x0 0x0 0x0 0x0 0x0 0x180007 0x0 0x38 0xfc 0x3b0003 0xfc 0x28 0x480002 0x0 0x0 0x0 0x0 0x0 0x0 0x0 0x9 0x1 0xe oops 0 methods 0
ciMethodData jdk/internal/util/ArraysSupport newLength (III)I 2 2460 orig 80 0 0 0 0 0 0 0 0 0 0 0 0 236 1 0 0 0 0 0 0 0 0 0 0 0 0 0 0 0 0 0 0 0 0 0 0 0 0 0 0 0 0 0 0 0 0 0 0 0 0 0 0 0 0 0 0 0 0 0 0 0 0 0 0 0 0 0 0 0 0 0 0 0 0 0 0 0 0 0 0 data 23 0x30002 0x818 0xa0007 0x0 0x40 0x817 0x100007 0x0 0x20 0x817 0x170002 0x0 0x0 0x0 0x0 0x0 0x0 0x0 0x9 0x3 0x0 0x0 0x0 oops 0 methods 0
ciMethodData java/lang/StringBuilder <init> (I)V 2 220841 orig 80 0 0 0 0 0 0 0 0 0 0 0 0 236 1 0 0 0 0 0 0 0 0 0 0 0 0 0 0 0 0 0 0 0 0 0 0 0 0 0 0 0 0 0 0 0 0 0 0 0 0 0 0 0 0 0 0 0 0 0 0 0 0 0 0 0 0 0 0 0 0 0 0 0 0 0 0 0 0 0 0 data 8 0x20002 0x35df9 0x0 0x0 0x9 0x2 0x0 0x0 oops 0 methods 0
ciMethodData java/lang/String toString ()Ljava/lang/String; 2 76021 orig 80 0 0 0 0 0 0 0 0 0 0 0 0 236 1 0 0 0 0 0 0 0 0 0 0 0 0 0 0 0 0 0 0 0 0 0 0 0 0 0 0 0 0 0 0 0 0 0 0 0 0 0 0 0 0 0 0 0 0 0 0 0 0 0 0 0 0 0 0 0 0 0 0 0 0 0 0 0 0 0 0 data 5 0x0 0x0 0x9 0x1 0x0 oops 0 methods 0
ciMethodData java/lang/StringBuilder append (Ljava/lang/Object;)Ljava/lang/StringBuilder; 2 134756 orig 80 1 0 0 0 0 0 0 0 0 0 0 0 236 1 0 0 0 0 0 0 0 0 0 0 0 0 0 0 0 0 0 0 0 0 0 0 0 0 0 0 0 0 0 0 0 0 0 0 0 0 0 0 0 0 0 0 0 0 0 0 0 0 0 0 0 0 0 0 0 0 0 0 0 0 0 0 0 0 0 0 data 19 0x20002 0x20d5b 0x50005 0x20d5c 0x0 0x0 0x0 0x0 0x0 0x0 0x0 0x0 0x0 0x0 0x0 0x9 0x2 0xffffffffffffffff 0xffffffffffffffff oops 0 methods 0
ciMethodData java/lang/String valueOf (Ljava/lang/Object;)Ljava/lang/String; 2 163053 orig 80 0 0 0 0 0 0 0 0 0 0 0 0 236 1 0 0 0 0 0 0 0 0 0 0 0 0 0 0 0 0 0 0 0 0 0 0 0 0 0 0 0 0 0 0 0 0 0 0 0 0 0 0 0 0 0 0 0 0 0 0 0 0 0 0 0 0 0 0 0 0 0 0 0 0 0 0 0 0 0 0 data 23 0x10007 0x27b9b 0x38 0x44 0x70003 0x44 0x50 0xb0005 0x1338d 0x0 0x1ecdc9c3ca0 0x138ea 0x1ecdc9c3d30 0xc2 0x0 0x0 0x0 0x0 0x0 0x0 0x9 0x1 0xffffffffffffffff oops 2 10 java/lang/String 12 java/lang/Class methods 0
ciMethod scala/Function1 apply (Ljava/lang/Object;)Ljava/lang/Object; 0 0 1 0 -1
ciMethod scala/collection/GenTraversableOnce $init$ (Lscala/collection/GenTraversableOnce;)V 828 0 166874 0 64
ciMethod scala/collection/TraversableOnce $init$ (Lscala/collection/TraversableOnce;)V 828 0 166882 0 64
ciMethod scala/collection/Parallelizable $init$ (Lscala/collection/Parallelizable;)V 816 0 72108 0 64
ciMethod scala/collection/TraversableLike $init$ (Lscala/collection/TraversableLike;)V 816 0 72111 0 64
ciMethod scala/collection/IterableLike $init$ (Lscala/collection/IterableLike;)V 816 0 222794 0 64
ciMethod scala/collection/GenSeqLike $init$ (Lscala/collection/GenSeqLike;)V 798 0 141007 0 64
ciMethod scala/collection/SeqLike $init$ (Lscala/collection/SeqLike;)V 798 0 141012 0 64
ciMethod scala/Tuple2 _1 ()Ljava/lang/Object; 414 0 207 0 0
ciMethod scala/Tuple2 _2 ()Ljava/lang/Object; 462 0 231 0 0
ciMethod scala/Tuple2 _2$mcI$sp ()I 518 0 9050 0 128
ciMethod scala/Tuple2 <init> (Ljava/lang/Object;Ljava/lang/Object;)V 512 0 298424 0 -1
ciMethod scala/Some <init> (Ljava/lang/Object;)V 512 0 207166 0 -1
ciMethod scala/collection/IndexedSeqLike $init$ (Lscala/collection/IndexedSeqLike;)V 590 0 98555 0 64
ciMethod scala/collection/IndexedSeqOptimized $init$ (Lscala/collection/IndexedSeqOptimized;)V 590 0 83916 0 64
ciMethod scala/collection/Iterator foreach (Lscala/Function1;)V 458 4174 11256 0 -1
ciMethod scala/runtime/BoxesRunTime unboxToInt (Ljava/lang/Object;)I 278 0 241599 0 96
ciMethod scala/math/Ordered $init$ (Lscala/math/Ordered;)V 518 0 28816 0 64
ciMethod scala/collection/immutable/StringLike linesWithSeparators ()Lscala/collection/Iterator; 512 0 6485 0 -1
ciMethod scala/collection/immutable/StringLike stripMargin$ (Lscala/collection/immutable/StringLike;C)Ljava/lang/String; 512 0 39938 0 0
ciMethod scala/collection/immutable/StringLike stripMargin (C)Ljava/lang/String; 512 0 6486 0 5472
ciMethod scala/collection/immutable/StringLike stripMargin$ (Lscala/collection/immutable/StringLike;)Ljava/lang/String; 534 0 34515 0 0
ciMethod scala/collection/immutable/StringLike stripMargin ()Ljava/lang/String; 534 0 34516 0 0
ciMethod scala/collection/immutable/StringLike $init$ (Lscala/collection/immutable/StringLike;)V 512 0 27464 0 64
ciMethod scala/collection/immutable/StringOps stripMargin (C)Ljava/lang/String; 512 0 39938 0 0
ciMethod scala/collection/immutable/StringOps stripMargin ()Ljava/lang/String; 534 0 34509 0 96
ciMethod scala/collection/immutable/StringOps <init> (Ljava/lang/String;)V 554 0 12568 0 256
ciMethod scala/Predef$ identity (Ljava/lang/Object;)Ljava/lang/Object; 512 0 44512 0 64
ciMethod scala/Predef$ ArrowAssoc (Ljava/lang/Object;)Ljava/lang/Object; 520 0 56948 0 -1
ciMethod scala/Predef$ augmentString (Ljava/lang/String;)Ljava/lang/String; 548 0 79195 0 64
ciMethod scala/collection/mutable/StringBuilder toString ()Ljava/lang/String; 770 0 37844 0 -1
ciMethod scala/collection/mutable/StringBuilder <init> ()V 512 0 22289 0 -1
ciMethodData scala/collection/GenTraversableOnce $init$ (Lscala/collection/GenTraversableOnce;)V 2 166874 orig 80 0 0 0 0 0 0 0 0 0 0 0 0 236 1 0 0 0 0 0 0 0 0 0 0 0 0 0 0 0 0 0 0 0 0 0 0 0 0 0 0 0 0 0 0 0 0 0 0 0 0 0 0 0 0 0 0 0 0 0 0 0 0 0 0 0 0 0 0 0 0 0 0 0 0 0 0 0 0 0 0 data 4 0x0 0x9 0x1 0x0 oops 0 methods 0
ciMethodData scala/collection/TraversableOnce $init$ (Lscala/collection/TraversableOnce;)V 2 166882 orig 80 0 0 0 0 0 0 0 0 0 0 0 0 236 1 0 0 0 0 0 0 0 0 0 0 0 0 0 0 0 0 0 0 0 0 0 0 0 0 0 0 0 0 0 0 0 0 0 0 0 0 0 0 0 0 0 0 0 0 0 0 0 0 0 0 0 0 0 0 0 0 0 0 0 0 0 0 0 0 0 0 data 4 0x0 0x9 0x1 0x0 oops 0 methods 0
ciMethodData scala/collection/Parallelizable $init$ (Lscala/collection/Parallelizable;)V 2 72108 orig 80 0 0 0 0 0 0 0 0 0 0 0 0 236 1 0 0 0 0 0 0 0 0 0 0 0 0 0 0 0 0 0 0 0 0 0 0 0 0 0 0 0 0 0 0 0 0 0 0 0 0 0 0 0 0 0 0 0 0 0 0 0 0 0 0 0 0 0 0 0 0 0 0 0 0 0 0 0 0 0 0 data 4 0x0 0x9 0x1 0x0 oops 0 methods 0
ciMethodData scala/collection/TraversableLike $init$ (Lscala/collection/TraversableLike;)V 2 72111 orig 80 0 0 0 0 0 0 0 0 0 0 0 0 236 1 0 0 0 0 0 0 0 0 0 0 0 0 0 0 0 0 0 0 0 0 0 0 0 0 0 0 0 0 0 0 0 0 0 0 0 0 0 0 0 0 0 0 0 0 0 0 0 0 0 0 0 0 0 0 0 0 0 0 0 0 0 0 0 0 0 0 data 4 0x0 0x9 0x1 0x0 oops 0 methods 0
ciMethodData scala/collection/IterableLike $init$ (Lscala/collection/IterableLike;)V 2 222794 orig 80 0 0 0 0 0 0 0 0 0 0 0 0 236 1 0 0 0 0 0 0 0 0 0 0 0 0 0 0 0 0 0 0 0 0 0 0 0 0 0 0 0 0 0 0 0 0 0 0 0 0 0 0 0 0 0 0 0 0 0 0 0 0 0 0 0 0 0 0 0 0 0 0 0 0 0 0 0 0 0 0 data 4 0x0 0x9 0x1 0x0 oops 0 methods 0
ciMethodData scala/collection/IndexedSeqLike $init$ (Lscala/collection/IndexedSeqLike;)V 2 98555 orig 80 0 0 0 0 0 0 0 0 0 0 0 0 236 1 0 0 0 0 0 0 0 0 0 0 0 0 0 0 0 0 0 0 0 0 0 0 0 0 0 0 0 0 0 0 0 0 0 0 0 0 0 0 0 0 0 0 0 0 0 0 0 0 0 0 0 0 0 0 0 0 0 0 0 0 0 0 0 0 0 0 data 4 0x0 0x9 0x1 0x0 oops 0 methods 0
ciMethodData scala/collection/IndexedSeqOptimized $init$ (Lscala/collection/IndexedSeqOptimized;)V 2 83916 orig 80 0 0 0 0 0 0 0 0 0 0 0 0 236 1 0 0 0 0 0 0 0 0 0 0 0 0 0 0 0 0 0 0 0 0 0 0 0 0 0 0 0 0 0 0 0 0 0 0 0 0 0 0 0 0 0 0 0 0 0 0 0 0 0 0 0 0 0 0 0 0 0 0 0 0 0 0 0 0 0 0 data 4 0x0 0x9 0x1 0x0 oops 0 methods 0
ciMethodData scala/collection/GenSeqLike $init$ (Lscala/collection/GenSeqLike;)V 2 141007 orig 80 0 0 0 0 0 0 0 0 0 0 0 0 236 1 0 0 0 0 0 0 0 0 0 0 0 0 0 0 0 0 0 0 0 0 0 0 0 0 0 0 0 0 0 0 0 0 0 0 0 0 0 0 0 0 0 0 0 0 0 0 0 0 0 0 0 0 0 0 0 0 0 0 0 0 0 0 0 0 0 0 data 4 0x0 0x9 0x1 0x0 oops 0 methods 0
ciMethodData scala/collection/SeqLike $init$ (Lscala/collection/SeqLike;)V 2 141012 orig 80 0 0 0 0 0 0 0 0 0 0 0 0 236 1 0 0 0 0 0 0 0 0 0 0 0 0 0 0 0 0 0 0 0 0 0 0 0 0 0 0 0 0 0 0 0 0 0 0 0 0 0 0 0 0 0 0 0 0 0 0 0 0 0 0 0 0 0 0 0 0 0 0 0 0 0 0 0 0 0 0 data 4 0x0 0x9 0x1 0x0 oops 0 methods 0
ciMethod scala/Predef$ArrowAssoc$ $minus$greater$extension (Ljava/lang/Object;Ljava/lang/Object;)Lscala/Tuple2; 512 0 50294 0 -1
ciMethodData scala/math/Ordered $init$ (Lscala/math/Ordered;)V 2 28816 orig 80 0 0 0 0 0 0 0 0 0 0 0 0 236 1 0 0 0 0 0 0 0 0 0 0 0 0 0 0 0 0 0 0 0 0 0 0 0 0 0 0 0 0 0 0 0 0 0 0 0 0 0 0 0 0 0 0 0 0 0 0 0 0 0 0 0 0 0 0 0 0 0 0 0 0 0 0 0 0 0 0 data 4 0x0 0x9 0x1 0x0 oops 0 methods 0
ciMethodData scala/collection/immutable/StringLike $init$ (Lscala/collection/immutable/StringLike;)V 2 27464 orig 80 0 0 0 0 0 0 0 0 0 0 0 0 236 1 0 0 0 0 0 0 0 0 0 0 0 0 0 0 0 0 0 0 0 0 0 0 0 0 0 0 0 0 0 0 0 0 0 0 0 0 0 0 0 0 0 0 0 0 0 0 0 0 0 0 0 0 0 0 0 0 0 0 0 0 0 0 0 0 0 0 data 4 0x0 0x9 0x1 0x0 oops 0 methods 0
ciMethodData scala/Predef$ augmentString (Ljava/lang/String;)Ljava/lang/String; 2 79195 orig 80 0 0 0 0 0 0 0 0 0 0 0 0 236 1 0 0 0 0 0 0 0 0 0 0 0 0 0 0 0 0 0 0 0 0 0 0 0 0 0 0 0 0 0 0 0 0 0 0 0 0 0 0 0 0 0 0 0 0 0 0 0 0 0 0 0 0 0 0 0 0 0 0 0 0 0 0 0 0 0 0 data 5 0x0 0x9 0x2 0x0 0x0 oops 0 methods 0
ciMethodData scala/collection/immutable/StringOps <init> (Ljava/lang/String;)V 2 12568 orig 80 0 0 0 0 0 0 0 0 0 0 0 0 236 1 0 0 0 0 0 0 0 0 0 0 0 0 0 0 0 0 0 0 0 0 0 0 0 0 0 0 0 0 0 0 0 0 0 0 0 0 0 0 0 0 0 0 0 0 0 0 0 0 0 0 0 0 0 0 0 0 0 0 0 0 0 0 0 0 0 0 data 34 0x60002 0x3003 0xa0002 0x3003 0xe0002 0x3003 0x120002 0x3003 0x160002 0x3003 0x1a0002 0x3003 0x1e0002 0x3003 0x220002 0x3003 0x260002 0x3003 0x2a0002 0x3003 0x2e0002 0x3003 0x320002 0x3003 0x0 0x0 0x0 0x0 0x0 0x0 0x9 0x2 0x6 0x0 oops 0 methods 0
ciMethodData java/lang/StringUTF16 compress ([BII)[B 2 1545 orig 80 0 0 0 0 0 0 0 0 0 0 0 0 237 1 0 0 0 0 0 0 0 0 0 0 0 0 0 0 0 0 0 0 0 0 0 0 0 0 0 0 0 0 0 0 0 0 0 0 0 0 0 0 0 0 0 0 0 0 0 0 0 0 0 0 0 0 0 0 0 0 0 0 0 0 0 0 0 0 0 0 data 17 0x90002 0x4b5 0xd0007 0xd 0x20 0x4a8 0x0 0x0 0x0 0x0 0x0 0x0 0x9 0x3 0x0 0x0 0x0 oops 0 methods 0
ciMethodData scala/runtime/BoxesRunTime unboxToInt (Ljava/lang/Object;)I 2 241599 orig 80 1 0 0 0 0 0 0 0 0 0 0 0 237 1 0 0 0 0 0 0 0 0 0 0 0 0 0 0 0 0 0 0 0 0 0 0 0 0 0 1 0 0 0 0 0 0 0 0 0 0 0 0 0 0 0 0 0 0 0 0 0 0 0 0 0 0 0 0 0 0 0 0 0 0 0 0 0 0 0 0 data 30 0x8000000600010007 0x3af33 0x38 0x5 0x50003 0x5 0x88 0x90004 0x0 0x0 0x1ecdc9c7980 0x3aee0 0x0 0x0 0xc0005 0x3af31 0x0 0x0 0x0 0x0 0x0 0x0 0x0 0x0 0x0 0x0 0x0 0x9 0x1 0x0 oops 1 10 java/lang/Integer methods 0
ciMethodData scala/Predef$ identity (Ljava/lang/Object;)Ljava/lang/Object; 2 44512 orig 80 0 0 0 0 0 0 0 0 0 0 0 0 236 1 0 0 0 0 0 0 0 0 0 0 0 0 0 0 0 0 0 0 0 0 0 0 0 0 0 0 0 0 0 0 0 0 0 0 0 0 0 0 0 0 0 0 0 0 0 0 0 0 0 0 0 0 0 0 0 0 0 0 0 0 0 0 0 0 0 0 data 5 0x0 0x9 0x2 0x0 0x0 oops 0 methods 0
ciMethodData scala/Tuple2 _2$mcI$sp ()I 2 9050 orig 80 0 0 0 0 0 0 0 0 0 0 0 0 236 1 0 0 0 0 0 0 0 0 0 0 0 0 0 0 0 0 0 0 0 0 0 0 0 0 0 0 0 0 0 0 0 0 0 0 0 0 0 0 0 0 0 0 0 0 0 0 0 0 0 0 0 0 0 0 0 0 0 0 0 0 0 0 0 0 0 0 data 18 0x10005 0x0 0x0 0x1ed26978620 0x2257 0x0 0x0 0x40002 0x2262 0x0 0x0 0x0 0x0 0x0 0x0 0x9 0x1 0x0 oops 1 3 scala/Tuple2 methods 0
ciMethod org/apache/spark/sql/catalyst/expressions/codegen/CodegenContext outerClassName ()Ljava/lang/String; 260 0 130 0 -1
ciMethod org/apache/spark/sql/catalyst/expressions/codegen/CodegenContext currClassSize ()I 514 0 6352 0 -1
ciMethod org/apache/spark/sql/catalyst/expressions/codegen/CodegenContext currClass ()Lscala/Tuple2; 514 0 6347 0 -1
ciMethod org/apache/spark/sql/catalyst/expressions/codegen/CodegenContext addClass (Ljava/lang/String;Ljava/lang/String;)V 0 0 1 0 -1
ciMethod org/apache/spark/sql/catalyst/expressions/codegen/CodegenContext addNewFunctionInternal (Ljava/lang/String;Ljava/lang/String;Z)Lorg/apache/spark/sql/catalyst/expressions/codegen/NewFunctionSpec; 532 0 6414 0 3136
ciMethod org/apache/spark/sql/catalyst/expressions/codegen/CodegenContext addNewFunctionToClass (Ljava/lang/String;Ljava/lang/String;Ljava/lang/String;)Lscala/collection/mutable/Map; 524 0 6416 0 -1
ciMethod org/apache/spark/sql/catalyst/expressions/codegen/CodegenContext freshName (Ljava/lang/String;)Ljava/lang/String; 524 0 5391 0 -1
ciMethod org/apache/spark/sql/catalyst/expressions/codegen/CodegenContext $anonfun$splitExpressions$4 (Lorg/apache/spark/sql/catalyst/expressions/codegen/CodegenContext;Ljava/lang/String;Ljava/lang/String;Ljava/lang/String;Lscala/Function1;Lscala/Tuple2;)Lorg/apache/spark/sql/catalyst/expressions/codegen/NewFunctionSpec; 538 0 5405 0 -1
ciMethod org/apache/spark/sql/catalyst/expressions/codegen/CodegenContext $anonfun$splitExpressionsWithCurrentInputs$default$5$1 (Ljava/lang/String;)Ljava/lang/String; 774 0 3212 0 0
ciMethod org/apache/spark/sql/catalyst/expressions/codegen/CodegenContext $anonfun$splitExpressions$default$5$1 (Ljava/lang/String;)Ljava/lang/String; 514 0 2199 0 0
ciMethod org/apache/spark/sql/catalyst/expressions/codegen/CodegenContext$$Lambda$2780+0x000001ecdedaa128 apply (Ljava/lang/Object;)Ljava/lang/Object; 514 0 2195 0 0
ciMethodData scala/collection/immutable/StringOps stripMargin (C)Ljava/lang/String; 2 39938 orig 80 0 0 0 0 0 0 0 0 0 0 0 0 236 1 0 0 0 0 0 0 0 0 0 0 0 0 0 0 0 0 0 0 0 0 0 0 0 0 0 0 0 0 0 0 0 0 0 0 0 0 0 0 0 0 0 0 0 0 0 0 0 0 0 0 0 0 0 0 0 0 0 0 0 0 0 0 0 0 0 0 data 12 0x20002 0x9b03 0x0 0x0 0x0 0x0 0x0 0x0 0x9 0x2 0x0 0x0 oops 0 methods 0
ciMethodData scala/collection/immutable/StringLike stripMargin$ (Lscala/collection/immutable/StringLike;C)Ljava/lang/String; 2 39938 orig 80 0 0 0 0 0 0 0 0 0 0 0 0 236 1 0 0 0 0 0 0 0 0 0 0 0 0 0 0 0 0 0 0 0 0 0 0 0 0 0 0 0 0 0 0 0 0 0 0 0 0 0 0 0 0 0 0 0 0 0 0 0 0 0 0 0 0 0 0 0 0 0 0 0 0 0 0 0 0 0 0 data 8 0x20002 0x9b00 0x0 0x0 0x9 0x2 0x0 0x0 oops 0 methods 0
ciMethodData scala/collection/immutable/StringLike stripMargin (C)Ljava/lang/String; 2 6486 orig 80 0 0 0 0 0 0 0 0 0 0 0 0 236 1 0 0 0 0 0 0 0 0 0 0 0 0 0 0 0 0 0 0 0 0 0 0 0 0 0 0 0 0 0 0 0 0 0 0 0 0 0 0 0 0 0 0 0 0 0 0 0 0 0 0 0 0 0 0 0 0 0 0 0 0 0 0 0 0 0 0 data 39 0x40002 0x1856 0x90005 0x0 0x0 0x1ed2697c010 0x1856 0x0 0x0 0x10000a 0x1855 0x3 0x0 0x1ed258f3660 0x1ed26d638f0 0x150005 0x0 0x0 0x1ed26d639a0 0x1856 0x0 0x0 0x1b0005 0x1858 0x0 0x0 0x0 0x0 0x0 0x0 0x0 0x0 0x0 0x0 0x0 0x9 0x2 0xffffffffffffffff 0x0 oops 4 5 scala/collection/immutable/StringOps 13 scala/collection/mutable/StringBuilder 14 scala/collection/immutable/StringLike$$Lambda$228+0x000001ecde2537a0 18 scala/collection/immutable/StringLike$$anon$1 methods 0
ciMethod org/apache/spark/sql/catalyst/expressions/codegen/NewFunctionSpec <init> (Ljava/lang/String;Lscala/Option;Lscala/Option;)V 534 0 6420 0 -1
ciMethodData scala/collection/immutable/StringOps stripMargin ()Ljava/lang/String; 2 34509 orig 80 0 0 0 0 0 0 0 0 0 0 0 0 236 1 0 0 0 0 0 0 0 0 0 0 0 0 0 0 0 0 0 0 0 0 0 0 0 0 0 0 0 0 0 0 0 0 0 0 0 0 0 0 0 0 0 0 0 0 0 0 0 0 0 0 0 0 0 0 0 0 0 0 0 0 0 0 0 0 0 0 data 11 0x10002 0x85c5 0x0 0x0 0x0 0x0 0x0 0x0 0x9 0x1 0x0 oops 0 methods 0
ciMethodData scala/collection/immutable/StringLike stripMargin$ (Lscala/collection/immutable/StringLike;)Ljava/lang/String; 2 34515 orig 80 0 0 0 0 0 0 0 0 0 0 0 0 237 1 0 0 0 0 0 0 0 0 0 0 0 0 0 0 0 0 0 0 0 0 0 0 0 0 0 0 0 0 0 0 0 0 0 0 0 0 0 0 0 0 0 0 0 0 0 0 0 0 0 0 0 0 0 0 0 0 0 0 0 0 0 0 0 0 0 0 data 7 0x10002 0x85c8 0x0 0x0 0x9 0x1 0x0 oops 0 methods 0
ciMethodData scala/collection/immutable/StringLike stripMargin ()Ljava/lang/String; 2 34516 orig 80 0 0 0 0 0 0 0 0 0 0 0 0 237 1 0 0 0 0 0 0 0 0 0 0 0 0 0 0 0 0 0 0 0 0 0 0 0 0 0 0 0 0 0 0 0 0 0 0 0 0 0 0 0 0 0 0 0 0 0 0 0 0 0 0 0 0 0 0 0 0 0 0 0 0 0 0 0 0 0 0 data 16 0x30005 0x0 0x0 0x1ed2697c010 0x85ca 0x0 0x0 0x0 0x0 0x0 0x0 0x0 0x0 0x9 0x1 0x0 oops 1 3 scala/collection/immutable/StringOps methods 0
ciMethod org/apache/spark/sql/catalyst/expressions/codegen/CodegenContext$$Lambda$2913+0x000001ecdee12dd8 apply (Ljava/lang/Object;)Ljava/lang/Object; 774 0 3212 0 0
ciMethodData org/apache/spark/sql/catalyst/expressions/codegen/CodegenContext addNewFunctionInternal (Ljava/lang/String;Ljava/lang/String;Z)Lorg/apache/spark/sql/catalyst/expressions/codegen/NewFunctionSpec; 2 6414 orig 80 0 0 0 0 0 0 0 0 0 0 0 0 236 1 0 0 0 0 0 0 0 0 0 0 0 0 0 0 0 0 0 0 0 0 0 0 0 0 0 0 0 0 0 0 0 0 0 0 0 0 0 0 0 0 0 0 0 0 0 0 0 0 0 0 0 0 0 0 0 0 0 0 0 0 0 0 0 0 0 0 data 192 0x10007 0x17ce 0xe0 0x3b 0xb0005 0x0 0x0 0x1ed26978300 0x3b 0x0 0x0 0xe0005 0x3b 0x0 0x0 0x0 0x0 0x0 0x140005 0x3b 0x0 0x0 0x0 0x0 0x0 0x170003 0x3b 0x160 0x1b0002 0x17cf 0x210007 0x17cd 0x128 0x0 0x280005 0x0 0x0 0x0 0x0 0x0 0x0 0x310005 0x0 0x0 0x0 0x0 0x0 0x0 0x3b0002 0x0 0x460005 0x0 0x0 0x0 0x0 0x0 0x0 0x4b0005 0x0 0x0 0x0 0x0 0x0 0x0 0x4e0003 0x0 0x28 0x520002 0x17cb 0x590007 0x0 0x128 0x1806 0x5e0005 0x0 0x0 0x1ed26978620 0x1806 0x0 0x0 0x610004 0x0 0x0 0x1ecdc9c3ca0 0x1806 0x0 0x0 0x680005 0x0 0x0 0x1ed26978620 0x1806 0x0 0x0 0x6b0104 0x0 0x0 0x1ecdc9c3ca0 0x3b 0x0 0x0 0x780002 0x1805 0x7b0003 0x1808 0x40 0x7e0003 0x0 0x18 0x870002 0x0 0x8f0005 0x0 0x0 0x1ed26978620 0x1808 0x0 0x0 0x920004 0x0 0x0 0x1ecdc9c3ca0 0x1808 0x0 0x0 0x990005 0x0 0x0 0x1ed26978620 0x1808 0x0 0x0 0x9c0104 0x0 0x0 0x1ecdc9c3ca0 0x3b 0x0 0x0 0xa60002 0x1808 0xad0005 0x0 0x0 0x1ed26978300 0x1808 0x0 0x0 0xb30007 0x1807 0x58 0x0 0xb90007 0x0 0x90 0x0 0xbc0003 0x0 0x80 0xc10005 0x1808 0x0 0x0 0x0 0x0 0x0 0xc40007 0x0 0x30 0x1808 0xd20002 0x1809 0xe10002 0x0 0xea0002 0x0 0xed0002 0x0 0x0 0x0 0x0 0x0 0x0 0x0 0x0 0x0 0x9 0x4 0x0 0x0 0x0 0x0 oops 10 7 org/apache/spark/sql/catalyst/expressions/codegen/CodegenContext 76 scala/Tuple2 83 java/lang/String 90 scala/Tuple2 97 java/lang/String 114 scala/Tuple2 121 java/lang/String 128 scala/Tuple2 135 java/lang/String 144 org/apache/spark/sql/catalyst/expressions/codegen/CodegenContext methods 0
ciMethodData org/apache/spark/sql/catalyst/expressions/codegen/CodegenContext $anonfun$splitExpressions$4 (Lorg/apache/spark/sql/catalyst/expressions/codegen/CodegenContext;Ljava/lang/String;Ljava/lang/String;Ljava/lang/String;Lscala/Function1;Lscala/Tuple2;)Lorg/apache/spark/sql/catalyst/expressions/codegen/NewFunctionSpec; 2 5405 orig 80 0 0 0 0 0 0 0 0 0 0 0 0 237 1 0 0 0 0 0 0 0 0 0 0 0 0 0 0 0 0 0 0 0 0 0 0 0 0 0 0 0 0 0 0 0 0 0 0 0 0 0 0 0 0 0 0 0 0 0 0 0 0 0 0 0 0 0 0 0 0 0 0 0 0 0 0 0 0 0 0 data 171 0x60007 0x0 0x4c0 0x1411 0xb0005 0x0 0x0 0x1ed26978620 0x1411 0x0 0x0 0xe0004 0x0 0x0 0x1ecdc9c3ca0 0x1412 0x0 0x0 0x150005 0x0 0x0 0x1ed26978620 0x1412 0x0 0x0 0x200002 0x1413 0x240005 0x1414 0x0 0x0 0x0 0x0 0x0 0x2a0005 0x1417 0x0 0x0 0x0 0x0 0x0 0x2f0005 0x1417 0x0 0x0 0x0 0x0 0x0 0x320005 0x1416 0x0 0x0 0x0 0x0 0x0 0x450002 0x1417 0x4b0005 0x1418 0x0 0x0 0x0 0x0 0x0 0x4f0005 0x1417 0x0 0x0 0x0 0x0 0x0 0x550005 0x1417 0x0 0x0 0x0 0x0 0x0 0x5a0005 0x1415 0x0 0x0 0x0 0x0 0x0 0x600005 0x1413 0x0 0x0 0x0 0x0 0x0 0x640005 0x1414 0x0 0x0 0x0 0x0 0x0 0x6a0005 0x1411 0x0 0x0 0x0 0x0 0x0 0x710005 0x0 0x0 0x1ed269795c0 0x7d1 0x1ed26979670 0xc47 0x760005 0x1414 0x0 0x0 0x0 0x0 0x0 0x7c0005 0x1418 0x0 0x0 0x0 0x0 0x0 0x7f0005 0x1415 0x0 0x0 0x0 0x0 0x0 0x820005 0x1417 0x0 0x0 0x0 0x0 0x0 0x850002 0x1417 0x880005 0x1416 0x0 0x0 0x0 0x0 0x0 0x930002 0x1419 0x970003 0x0 0x18 0xa00002 0x0 0x0 0x0 0x0 0x0 0x0 0x0 0x9 0x6 0x0 0x0 0x0 0x0 0x0 0x0 oops 5 7 scala/Tuple2 14 java/lang/String 21 scala/Tuple2 109 org/apache/spark/sql/catalyst/expressions/codegen/CodegenContext$$Lambda$2780+0x000001ecdedaa128 111 org/apache/spark/sql/catalyst/expressions/codegen/CodegenContext$$Lambda$2913+0x000001ecdee12dd8 methods 0
ciMethodData org/apache/spark/sql/catalyst/expressions/codegen/CodegenContext$$Lambda$2780+0x000001ecdedaa128 apply (Ljava/lang/Object;)Ljava/lang/Object; 2 2195 orig 80 0 0 0 0 0 0 0 0 0 0 0 0 236 1 0 0 0 0 0 0 0 0 0 0 0 0 0 0 0 0 0 0 0 0 0 0 0 0 0 0 0 0 0 0 0 0 0 0 0 0 0 0 0 0 0 0 0 0 0 0 0 0 0 0 0 0 0 0 0 0 0 0 0 0 0 0 0 0 0 0 data 19 0x10004 0x0 0x0 0x1ecdc9c3ca0 0x796 0x0 0x0 0x40002 0x796 0x0 0x0 0x0 0x0 0x0 0x0 0x9 0x2 0x0 0x0 oops 1 3 java/lang/String methods 0
ciMethodData org/apache/spark/sql/catalyst/expressions/codegen/CodegenContext $anonfun$splitExpressions$default$5$1 (Ljava/lang/String;)Ljava/lang/String; 2 2199 orig 80 0 0 0 0 0 0 0 0 0 0 0 0 237 1 0 0 0 0 0 0 0 0 0 0 0 0 0 0 0 0 0 0 0 0 0 0 0 0 0 0 0 0 0 0 0 0 0 0 0 0 0 0 0 0 0 0 0 0 0 0 0 0 0 0 0 0 0 0 0 0 0 0 0 0 0 0 0 0 0 0 data 23 0x40005 0x795 0x0 0x0 0x0 0x0 0x0 0x70004 0x0 0x0 0x0 0x0 0x0 0x0 0x0 0x0 0x0 0x0 0x0 0x0 0x9 0x1 0x0 oops 0 methods 0
ciMethodData org/apache/spark/sql/catalyst/expressions/codegen/CodegenContext$$Lambda$2913+0x000001ecdee12dd8 apply (Ljava/lang/Object;)Ljava/lang/Object; 2 3212 orig 80 0 0 0 0 0 0 0 0 0 0 0 0 236 1 0 0 0 0 0 0 0 0 0 0 0 0 0 0 0 0 0 0 0 0 0 0 0 0 0 0 0 0 0 0 0 0 0 0 0 0 0 0 0 0 0 0 0 0 0 0 0 0 0 0 0 0 0 0 0 0 0 0 0 0 0 0 0 0 0 0 data 19 0x10004 0x0 0x0 0x1ecdc9c3ca0 0xb09 0x0 0x0 0x40002 0xb09 0x0 0x0 0x0 0x0 0x0 0x0 0x9 0x2 0x0 0x0 oops 1 3 java/lang/String methods 0
ciMethodData org/apache/spark/sql/catalyst/expressions/codegen/CodegenContext $anonfun$splitExpressionsWithCurrentInputs$default$5$1 (Ljava/lang/String;)Ljava/lang/String; 2 3212 orig 80 0 0 0 0 0 0 0 0 0 0 0 0 237 1 0 0 0 0 0 0 0 0 0 0 0 0 0 0 0 0 0 0 0 0 0 0 0 0 0 0 0 0 0 0 0 0 0 0 0 0 0 0 0 0 0 0 0 0 0 0 0 0 0 0 0 0 0 0 0 0 0 0 0 0 0 0 0 0 0 0 data 23 0x40005 0xb09 0x0 0x0 0x0 0x0 0x0 0x70004 0x0 0x0 0x0 0x0 0x0 0x0 0x0 0x0 0x0 0x0 0x0 0x0 0x9 0x1 0x0 oops 0 methods 0
compile org/apache/spark/sql/catalyst/expressions/codegen/CodegenContext $anonfun$splitExpressions$4 (Lorg/apache/spark/sql/catalyst/expressions/codegen/CodegenContext;Ljava/lang/String;Ljava/lang/String;Ljava/lang/String;Lscala/Function1;Lscala/Tuple2;)Lorg/apache/spark/sql/catalyst/expressions/codegen/NewFunctionSpec; -1 4 inline 198 0 -1 org/apache/spark/sql/catalyst/expressions/codegen/CodegenContext $anonfun$splitExpressions$4 (Lorg/apache/spark/sql/catalyst/expressions/codegen/CodegenContext;Ljava/lang/String;Ljava/lang/String;Ljava/lang/String;Lscala/Function1;Lscala/Tuple2;)Lorg/apache/spark/sql/catalyst/expressions/codegen/NewFunctionSpec; 1 11 scala/Tuple2 _1 ()Ljava/lang/Object; 1 21 scala/Tuple2 _2$mcI$sp ()I 2 1 scala/Tuple2 _2 ()Ljava/lang/Object; 2 4 scala/runtime/BoxesRunTime unboxToInt (Ljava/lang/Object;)I 3 12 java/lang/Integer intValue ()I 1 32 java/lang/StringBuilder <init> (I)V 1 36 java/lang/StringBuilder append (Ljava/lang/String;)Ljava/lang/StringBuilder; 1 42 java/lang/StringBuilder append (Ljava/lang/String;)Ljava/lang/StringBuilder; 1 47 java/lang/StringBuilder append (I)Ljava/lang/StringBuilder; 1 50 java/lang/StringBuilder toString ()Ljava/lang/String; 1 69 java/lang/StringBuilder <init> (I)V 2 2 java/lang/AbstractStringBuilder <init> (I)V 3 1 java/lang/Object <init> ()V 1 75 java/lang/StringBuilder append (Ljava/lang/String;)Ljava/lang/StringBuilder; 2 2 java/lang/AbstractStringBuilder append (Ljava/lang/String;)Ljava/lang/AbstractStringBuilder; 3 10 java/lang/String length ()I 4 6 java/lang/String coder ()B 3 21 java/lang/AbstractStringBuilder ensureCapacityInternal (I)V 4 24 java/lang/AbstractStringBuilder newCapacity (I)I 5 29 jdk/internal/util/ArraysSupport newLength (III)I 4 32 java/util/Arrays copyOf ([BI)[B 3 30 java/lang/AbstractStringBuilder putStringAt (ILjava/lang/String;)V 4 5 java/lang/String length ()I 5 6 java/lang/String coder ()B 4 8 java/lang/AbstractStringBuilder putStringAt (ILjava/lang/String;II)V 5 1 java/lang/AbstractStringBuilder getCoder ()B 5 5 java/lang/String coder ()B 5 30 java/lang/String getBytes ([BIIBI)V 6 1 java/lang/String coder ()B 1 79 java/lang/StringBuilder append (Ljava/lang/String;)Ljava/lang/StringBuilder; 2 2 java/lang/AbstractStringBuilder append (Ljava/lang/String;)Ljava/lang/AbstractStringBuilder; 3 10 java/lang/String length ()I 4 6 java/lang/String coder ()B 3 21 java/lang/AbstractStringBuilder ensureCapacityInternal (I)V 4 24 java/lang/AbstractStringBuilder newCapacity (I)I 5 29 jdk/internal/util/ArraysSupport newLength (III)I 4 32 java/util/Arrays copyOf ([BI)[B 3 30 java/lang/AbstractStringBuilder putStringAt (ILjava/lang/String;)V 4 5 java/lang/String length ()I 5 6 java/lang/String coder ()B 4 8 java/lang/AbstractStringBuilder putStringAt (ILjava/lang/String;II)V 5 1 java/lang/AbstractStringBuilder getCoder ()B 5 5 java/lang/String coder ()B 5 30 java/lang/String getBytes ([BIIBI)V 6 1 java/lang/String coder ()B 1 85 java/lang/StringBuilder append (Ljava/lang/String;)Ljava/lang/StringBuilder; 2 2 java/lang/AbstractStringBuilder append (Ljava/lang/String;)Ljava/lang/AbstractStringBuilder; 3 10 java/lang/String length ()I 4 6 java/lang/String coder ()B 3 21 java/lang/AbstractStringBuilder ensureCapacityInternal (I)V 4 24 java/lang/AbstractStringBuilder newCapacity (I)I 5 29 jdk/internal/util/ArraysSupport newLength (III)I 4 32 java/util/Arrays copyOf ([BI)[B 3 30 java/lang/AbstractStringBuilder putStringAt (ILjava/lang/String;)V 4 5 java/lang/String length ()I 5 6 java/lang/String coder ()B 4 8 java/lang/AbstractStringBuilder putStringAt (ILjava/lang/String;II)V 5 1 java/lang/AbstractStringBuilder getCoder ()B 5 5 java/lang/String coder ()B 5 30 java/lang/String getBytes ([BIIBI)V 6 1 java/lang/String coder ()B 1 90 java/lang/StringBuilder append (Ljava/lang/String;)Ljava/lang/StringBuilder; 2 2 java/lang/AbstractStringBuilder append (Ljava/lang/String;)Ljava/lang/AbstractStringBuilder; 3 10 java/lang/String length ()I 4 6 java/lang/String coder ()B 3 21 java/lang/AbstractStringBuilder ensureCapacityInternal (I)V 4 24 java/lang/AbstractStringBuilder newCapacity (I)I 5 29 jdk/internal/util/ArraysSupport newLength (III)I 4 32 java/util/Arrays copyOf ([BI)[B 3 30 java/lang/AbstractStringBuilder putStringAt (ILjava/lang/String;)V 4 5 java/lang/String length ()I 5 6 java/lang/String coder ()B 4 8 java/lang/AbstractStringBuilder putStringAt (ILjava/lang/String;II)V 5 1 java/lang/AbstractStringBuilder getCoder ()B 5 5 java/lang/String coder ()B 5 30 java/lang/String getBytes ([BIIBI)V 6 1 java/lang/String coder ()B 1 96 java/lang/StringBuilder append (Ljava/lang/String;)Ljava/lang/StringBuilder; 2 2 java/lang/AbstractStringBuilder append (Ljava/lang/String;)Ljava/lang/AbstractStringBuilder; 3 10 java/lang/String length ()I 4 6 java/lang/String coder ()B 3 21 java/lang/AbstractStringBuilder ensureCapacityInternal (I)V 4 24 java/lang/AbstractStringBuilder newCapacity (I)I 5 29 jdk/internal/util/ArraysSupport newLength (III)I 4 32 java/util/Arrays copyOf ([BI)[B 3 30 java/lang/AbstractStringBuilder putStringAt (ILjava/lang/String;)V 4 5 java/lang/String length ()I 5 6 java/lang/String coder ()B 4 8 java/lang/AbstractStringBuilder putStringAt (ILjava/lang/String;II)V 5 1 java/lang/AbstractStringBuilder getCoder ()B 5 5 java/lang/String coder ()B 5 30 java/lang/String getBytes ([BIIBI)V 6 1 java/lang/String coder ()B 1 100 java/lang/StringBuilder append (Ljava/lang/String;)Ljava/lang/StringBuilder; 2 2 java/lang/AbstractStringBuilder append (Ljava/lang/String;)Ljava/lang/AbstractStringBuilder; 3 10 java/lang/String length ()I 4 6 java/lang/String coder ()B 3 21 java/lang/AbstractStringBuilder ensureCapacityInternal (I)V 4 24 java/lang/AbstractStringBuilder newCapacity (I)I 5 29 jdk/internal/util/ArraysSupport newLength (III)I 4 32 java/util/Arrays copyOf ([BI)[B 3 30 java/lang/AbstractStringBuilder putStringAt (ILjava/lang/String;)V 4 5 java/lang/String length ()I 5 6 java/lang/String coder ()B 4 8 java/lang/AbstractStringBuilder putStringAt (ILjava/lang/String;II)V 5 1 java/lang/AbstractStringBuilder getCoder ()B 5 5 java/lang/String coder ()B 5 30 java/lang/String getBytes ([BIIBI)V 6 1 java/lang/String coder ()B 1 106 java/lang/StringBuilder append (Ljava/lang/String;)Ljava/lang/StringBuilder; 2 2 java/lang/AbstractStringBuilder append (Ljava/lang/String;)Ljava/lang/AbstractStringBuilder; 3 10 java/lang/String length ()I 4 6 java/lang/String coder ()B 3 21 java/lang/AbstractStringBuilder ensureCapacityInternal (I)V 4 24 java/lang/AbstractStringBuilder newCapacity (I)I 5 29 jdk/internal/util/ArraysSupport newLength (III)I 4 32 java/util/Arrays copyOf ([BI)[B 3 30 java/lang/AbstractStringBuilder putStringAt (ILjava/lang/String;)V 4 5 java/lang/String length ()I 5 6 java/lang/String coder ()B 4 8 java/lang/AbstractStringBuilder putStringAt (ILjava/lang/String;II)V 5 1 java/lang/AbstractStringBuilder getCoder ()B 5 5 java/lang/String coder ()B 5 30 java/lang/String getBytes ([BIIBI)V 6 1 java/lang/String coder ()B 1 113 org/apache/spark/sql/catalyst/expressions/codegen/CodegenContext$$Lambda$2913+0x000001ecdee12dd8 apply (Ljava/lang/Object;)Ljava/lang/Object; 2 4 org/apache/spark/sql/catalyst/expressions/codegen/CodegenContext $anonfun$splitExpressionsWithCurrentInputs$default$5$1 (Ljava/lang/String;)Ljava/lang/String; 3 4 scala/Predef$ identity (Ljava/lang/Object;)Ljava/lang/Object; 1 113 org/apache/spark/sql/catalyst/expressions/codegen/CodegenContext$$Lambda$2780+0x000001ecdedaa128 apply (Ljava/lang/Object;)Ljava/lang/Object; 2 4 org/apache/spark/sql/catalyst/expressions/codegen/CodegenContext $anonfun$splitExpressions$default$5$1 (Ljava/lang/String;)Ljava/lang/String; 3 4 scala/Predef$ identity (Ljava/lang/Object;)Ljava/lang/Object; 1 118 java/lang/StringBuilder append (Ljava/lang/Object;)Ljava/lang/StringBuilder; 2 2 java/lang/String valueOf (Ljava/lang/Object;)Ljava/lang/String; 3 11 java/lang/String toString ()Ljava/lang/String; 2 5 java/lang/StringBuilder append (Ljava/lang/String;)Ljava/lang/StringBuilder; 3 2 java/lang/AbstractStringBuilder append (Ljava/lang/String;)Ljava/lang/AbstractStringBuilder; 4 10 java/lang/String length ()I 5 6 java/lang/String coder ()B 4 21 java/lang/AbstractStringBuilder ensureCapacityInternal (I)V 5 24 java/lang/AbstractStringBuilder newCapacity (I)I 6 29 jdk/internal/util/ArraysSupport newLength (III)I 5 32 java/util/Arrays copyOf ([BI)[B 4 30 java/lang/AbstractStringBuilder putStringAt (ILjava/lang/String;)V 5 5 java/lang/String length ()I 6 6 java/lang/String coder ()B 5 8 java/lang/AbstractStringBuilder putStringAt (ILjava/lang/String;II)V 6 1 java/lang/AbstractStringBuilder getCoder ()B 6 5 java/lang/String coder ()B 6 30 java/lang/String getBytes ([BIIBI)V 7 1 java/lang/String coder ()B 1 124 java/lang/StringBuilder append (Ljava/lang/String;)Ljava/lang/StringBuilder; 2 2 java/lang/AbstractStringBuilder append (Ljava/lang/String;)Ljava/lang/AbstractStringBuilder; 3 10 java/lang/String length ()I 4 6 java/lang/String coder ()B 3 21 java/lang/AbstractStringBuilder ensureCapacityInternal (I)V 4 24 java/lang/AbstractStringBuilder newCapacity (I)I 5 29 jdk/internal/util/ArraysSupport newLength (III)I 4 32 java/util/Arrays copyOf ([BI)[B 3 30 java/lang/AbstractStringBuilder putStringAt (ILjava/lang/String;)V 4 5 java/lang/String length ()I 5 6 java/lang/String coder ()B 4 8 java/lang/AbstractStringBuilder putStringAt (ILjava/lang/String;II)V 5 1 java/lang/AbstractStringBuilder getCoder ()B 5 5 java/lang/String coder ()B 5 30 java/lang/String getBytes ([BIIBI)V 6 1 java/lang/String coder ()B 1 127 java/lang/StringBuilder toString ()Ljava/lang/String; 2 1 java/lang/AbstractStringBuilder isLatin1 ()Z 2 16 java/lang/StringLatin1 newString ([BII)Ljava/lang/String; 3 16 java/util/Arrays copyOfRange ([BII)[B 3 20 java/lang/String <init> ([BB)V 4 1 java/lang/Object <init> ()V 2 31 java/lang/StringUTF16 newString ([BII)Ljava/lang/String; 3 17 java/lang/StringUTF16 compress ([BII)[B 3 31 java/lang/String <init> ([BB)V 4 1 java/lang/Object <init> ()V 3 54 java/lang/String <init> ([BB)V 4 1 java/lang/Object <init> ()V 1 130 scala/Predef$ augmentString (Ljava/lang/String;)Ljava/lang/String; 1 133 scala/collection/immutable/StringOps <init> (Ljava/lang/String;)V 2 6 java/lang/Object <init> ()V 2 10 scala/collection/GenTraversableOnce $init$ (Lscala/collection/GenTraversableOnce;)V 2 14 scala/collection/TraversableOnce $init$ (Lscala/collection/TraversableOnce;)V 2 18 scala/collection/Parallelizable $init$ (Lscala/collection/Parallelizable;)V 2 22 scala/collection/TraversableLike $init$ (Lscala/collection/TraversableLike;)V 2 26 scala/collection/IterableLike $init$ (Lscala/collection/IterableLike;)V 2 30 scala/collection/GenSeqLike $init$ (Lscala/collection/GenSeqLike;)V 2 34 scala/collection/SeqLike $init$ (Lscala/collection/SeqLike;)V 2 38 scala/collection/IndexedSeqLike $init$ (Lscala/collection/IndexedSeqLike;)V 2 42 scala/collection/IndexedSeqOptimized $init$ (Lscala/collection/IndexedSeqOptimized;)V 2 46 scala/math/Ordered $init$ (Lscala/math/Ordered;)V 2 50 scala/collection/immutable/StringLike $init$ (Lscala/collection/immutable/StringLike;)V 1 136 scala/collection/immutable/StringOps stripMargin ()Ljava/lang/String; 2 1 scala/collection/immutable/StringLike stripMargin$ (Lscala/collection/immutable/StringLike;)Ljava/lang/String; 3 1 scala/collection/immutable/StringLike stripMargin ()Ljava/lang/String; 4 3 scala/collection/immutable/StringOps stripMargin (C)Ljava/lang/String; 5 2 scala/collection/immutable/StringLike stripMargin$ (Lscala/collection/immutable/StringLike;C)Ljava/lang/String;
